Concurso,Data,bola 1,bola 2,bola 3,bola 4,bola 5,bola 6,bola 7,bola 8,bola 9,bola 10,bola 11,bola 12
3017,05/10/2026,37,38,23,22,5,6,8,20,42,31,48,5
3016,02/10/2026,50,15,44,28,39,10,11,18,6,13,15,50
3015,30/09/2026,35,18,15,11,29,43,34,10,7,1,25,27
3014,28/09/2026,11,20,49,25,24,33,24,31,43,35,39,26
3013,25/09/2026,39,35,13,6,43,34,37,21,2,24,12,44
3012,23/09/2026,18,11,48,41,5,22,46,31,21,9,34,13
3011,21/09/2026,24,40,17,18,19,29,50,30,10,19,6,33
3010,18/09/2026,5,7,1,26,44,14,16,15,13,49,20,4
3009,16/09/2026,12,42,31,1,13,4,21,5,1,26,27,25
3008,14/09/2026,10,45,46,44,6,37,28,36,34,42,20,12
3007,11/09/2026,32,31,26,10,24,48,48,32,9,23,33,39
3006,09/09/2026,23,18,6,10,33,28,7,2,49,25,4,19
3005,04/09/2026,25,9,21,24,33,18,5,40,9,36,7,46
3004,02/09/2026,28,9,16,18,46,10,3,10,16,45,8,1
3003,31/08/2026,19,34,44,36,9,11,19,38,3,22,45,39
3002,28/08/2026,19,27,41,6,22,46,28,11,13,25,7,12
3001,26/08/2026,22,8,10,43,5,48,22,27,42,45,30,31
3000,25/08/2026,42,17,13,39,14,46,6,15,10,2,40,32
2999,21/08/2026,1,37,39,10,44,12,49,15,10,18,19,46
2998,19/08/2026,31,36,11,24,5,30,45,6,8,21,20,46
2997,17/08/2026,50,23,28,41,20,25,46,8,19,31,4,41
2996,14/08/2026,12,6,15,14,30,27,18,25,9,41,24,17
2995,12/08/2026,26,42,10,31,19,16,32,46,29,47,13,28
2994,10/08/2026,17,50,38,5,22,36,49,46,14,1,32,21
2993,07/08/2026,11,3,7,50,8,28,40,38,49,36,50,47
2992,05/08/2026,16,30,21,10,14,31,35,34,38,2,48,11
2991,03/08/2026,3,27,23,37,38,24,29,1,19,49,44,30
2990,31/07/2026,38,35,25,14,11,13,15,46,19,7,40,23
2989,29/07/2026,13,22,44,36,46,47,8,44,19,21,4,6
2988,27/07/2026,5,45,31,12,42,37,41,31,42,48,39,33
2987,24/07/2026,11,16,45,34,41,36,3,33,32,43,30,18
2986,22/07/2026,45,4,38,14,34,21,28,44,41,15,1,16
2985,20/07/2026,29,49,1,8,39,18,29,44,8,9,40,33
2984,17/07/2026,37,27,12,11,2,6,40,49,29,7,44,39
2983,15/07/2026,1,40,29,46,13,4,6,28,33,42,46,21
2982,13/07/2026,20,27,4,40,24,41,28,30,3,13,35,12
2981,10/07/2026,42,44,18,4,41,5,41,31,1,36,2,42
2980,08/07/2026,14,31,26,35,21,36,36,24,26,20,13,21
2979,06/07/2026,20,50,27,21,22,38,41,12,46,31,26,25
2978,03/07/2026,42,1,8,38,35,15,50,23,24,6,41,46
2977,01/07/2026,2,20,6,50,26,49,17,36,5,38,22,26
2976,29/06/2026,48,4,26,21,32,31,34,17,12,18,6,49
2975,26/06/2026,7,42,44,8,25,22,20,39,34,16,43,24
2974,25/06/2026,22,32,29,39,27,38,18,11,33,13,39,30
2973,22/06/2026,23,45,6,25,48,44,3,20,5,47,41,33
2972,20/06/2026,38,34,42,10,6,46,34,5,2,33,43,11
2971,17/06/2026,14,12,40,18,8,30,33,12,22,46,26,18
2970,15/06/2026,7,5,22,48,30,11,2,8,30,4,22,27
2969,12/06/2026,34,2,18,41,21,42,19,7,24,50,38,27
2968,10/06/2026,15,46,21,41,44,45,39,7,2,14,28,9
2967,08/06/2026,32,37,48,49,15,10,41,12,15,10,9,1
2966,05/06/2026,11,20,31,49,16,25,42,36,34,29,45,39
2965,03/06/2026,47,7,42,40,8,21,2,44,34,9,37,17
2964,01/06/2026,11,4,41,24,5,30,7,44,3,49,26,27
2963,29/05/2026,44,42,38,49,13,11,23,35,21,40,47,45
2962,27/05/2026,38,43,45,48,24,17,38,48,34,16,5,36
2961,25/05/2026,37,10,16,12,42,13,31,11,47,29,12,27
2960,22/05/2026,3,34,48,39,46,12,47,16,34,21,43,41
2959,20/05/2026,14,15,16,2,39,27,19,42,35,39,7,17
2958,18/05/2026,5,36,28,31,23,35,34,28,5,39,45,12
2957,15/05/2026,36,10,42,32,2,39,4,16,10,11,13,33
2956,13/05/2026,48,12,29,45,17,19,27,1,26,21,20,14
2955,11/05/2026,30,46,10,5,20,47,11,39,3,29,32,33
2954,08/05/2026,6,49,33,32,15,39,9,4,38,22,27,11
2953,06/05/2026,1,28,44,30,35,11,21,10,32,42,19,3
2952,04/05/2026,5,26,24,12,32,17,36,15,16,47,14,12
2951,29/04/2026,31,26,43,39,41,12,16,29,32,39,1,23
2950,27/04/2026,49,2,26,12,9,48,30,47,28,49,5,42
2949,24/04/2026,8,12,44,25,35,3,41,29,4,36,35,45
2948,22/04/2026,6,36,1,18,11,27,19,36,50,11,23,18
2947,20/04/2026,44,8,24,5,22,36,24,8,1,40,25,44
2946,17/04/2026,19,44,33,29,12,34,20,35,11,44,32,50
2945,15/04/2026,17,8,6,9,42,46,27,40,7,42,8,50
2944,13/04/2026,33,13,30,11,29,17,1,43,4,32,14,29
2943,10/04/2026,9,18,16,28,23,20,2,23,10,11,42,16
2942,08/04/2026,17,9,2,26,37,44,6,18,17,3,22,31
2941,06/04/2026,34,26,29,19,28,48,15,50,45,2,46,44
2940,04/04/2026,18,29,33,13,5,31,15,22,19,8,1,21
2939,20/03/2026,4,5,22,13,10,9,43,28,9,24,19,41
2938,18/03/2026,26,35,34,19,15,14,36,35,41,40,39,11
2937,16/03/2026,4,10,15,30,21,50,15,2,23,48,35,12
2936,13/03/2026,34,21,13,3,24,23,6,42,45,19,9,1
2935,11/03/2026,34,29,41,5,46,12,28,8,6,1,36,13
2934,09/03/2026,20,12,40,36,47,3,22,37,13,33,44,28
2933,06/03/2026,41,49,35,24,29,21,6,35,20,5,17,22
2932,04/03/2026,2,49,28,15,6,20,47,16,7,41,22,44
2931,02/03/2026,34,45,14,40,23,31,13,31,34,7,22,46
2930,27/02/2026,16,1,7,13,2,25,24,6,34,30,32,16
2929,25/02/2026,20,1,27,34,24,47,43,28,44,33,21,24
2928,23/02/2026,49,37,11,9,16,38,42,12,17,26,32,25
2927,20/02/2026,27,30,24,34,7,19,8,44,6,12,9,33
2926,18/02/2026,23,25,20,30,2,11,24,22,48,18,3,30
2925,13/02/2026,22,6,17,43,18,9,1,47,27,40,45,11
2924,11/02/2026,13,46,37,17,32,4,11,10,31,2,26,37
2923,09/02/2026,34,35,12,22,10,4,41,15,5,20,23,14
2922,06/02/2026,35,33,39,34,45,18,50,49,14,31,21,44
2921,04/02/2026,33,49,20,7,42,22,31,20,17,3,22,13
2920,02/02/2026,40,9,10,16,20,34,26,27,28,35,14,34
2919,30/01/2026,26,33,25,32,43,17,7,5,11,31,33,26
2918,28/01/2026,11,8,40,38,2,21,18,32,2,34,30,1
2917,26/01/2026,42,9,34,4,36,20,19,3,47,15,46,14
2916,23/01/2026,8,11,16,27,32,39,2,19,21,33,35,40
2915,21/01/2026,3,8,14,18,36,49,10,16,33,42,45,46
2914,19/01/2026,4,17,20,37,47,48,2,7,26,30,33,41
2913,16/01/2026,4,12,20,22,43,49,2,13,20,27,47,49
2912,14/01/2026,12,17,19,20,23,33,7,10,15,23,33,38
2911,12/01/2026,1,19,20,22,23,25,6,7,21,37,44,45
2910,09/01/2026,4,25,26,29,30,49,2,7,8,9,14,42
2909,07/01/2026,9,12,33,44,47,48,12,15,19,25,38,46
2908,05/01/2026,2,17,36,43,44,48,3,16,27,34,35,46
2907,02/01/2026,4,9,23,31,33,38,12,26,30,40,41,42
2906,01/01/2026,3,17,18,39,43,48,15,17,23,27,31,46
2905,29/12/2025,3,4,9,18,38,40,2,10,23,26,45,47
2904,26/12/2025,11,12,15,17,20,34,5,16,24,33,36,37
2903,24/12/2025,6,11,13,45,49,50,8,9,16,17,28,34
2902,22/12/2025,4,43,44,48,49,50,2,9,13,23,34,47
2901,19/12/2025,3,16,19,21,28,41,37,38,39,40,42,50
2900,17/12/2025,8,12,21,24,26,33,16,19,22,28,41,48
2899,15/12/2025,18,21,24,34,47,48,6,20,29,34,39,49
2898,12/12/2025,17,22,23,30,36,49,8,13,15,22,33,34
2897,10/12/2025,8,13,15,34,44,50,11,15,19,31,34,45
2896,08/12/2025,2,5,15,23,26,38,2,3,20,21,23,48
2895,05/12/2025,9,20,24,26,30,39,4,5,6,23,35,43
2894,03/12/2025,3,8,11,14,16,36,1,9,17,20,30,47
2893,01/12/2025,3,10,27,33,43,44,1,10,23,33,36,48
2892,28/11/2025,2,9,13,16,25,43,1,2,23,31,34,40
2891,26/11/2025,14,26,28,31,36,42,3,12,22,28,34,40
2890,24/11/2025,3,11,12,16,23,34,13,25,27,29,41,43
2889,21/11/2025,17,22,25,26,47,48,18,22,33,35,37,50
2888,19/11/2025,4,8,28,38,39,47,19,31,40,46,48,49
2887,17/11/2025,14,16,31,32,35,44,2,8,26,28,32,44
2886,14/11/2025,11,29,30,35,41,47,9,10,16,19,43,46
2885,12/11/2025,5,27,35,36,42,49,20,22,23,32,42,43
2884,10/11/2025,6,8,20,34,40,46,2,13,17,22,47,48
2883,07/11/2025,3,8,18,20,25,50,2,20,27,31,38,46
2882,05/11/2025,1,3,31,42,48,49,15,18,21,26,35,40
2881,03/11/2025,13,14,20,25,36,43,3,21,25,34,36,40
2880,31/10/2025,11,15,26,32,44,45,11,17,26,32,38,43
2879,29/10/2025,9,30,31,35,46,50,12,14,15,27,40,46
2878,27/10/2025,4,8,27,32,37,40,5,12,25,30,33,44
2877,24/10/2025,5,16,19,20,25,44,14,25,29,30,34,47
2876,22/10/2025,20,29,31,36,42,46,10,17,23,37,39,45
2875,20/10/2025,1,15,17,31,33,48,1,17,40,41,42,48
2874,17/10/2025,8,15,18,19,29,34,1,12,14,31,32,41
2873,15/10/2025,11,19,25,26,29,50,10,12,14,18,28,29
2872,13/10/2025,7,18,21,43,44,46,1,14,16,19,29,32
2871,10/10/2025,1,8,22,31,33,35,5,7,14,32,33,43
2870,08/10/2025,7,25,28,36,43,45,20,21,34,39,44,45
2869,06/10/2025,17,18,27,30,31,42,5,11,15,19,23,27
2868,03/10/2025,8,9,17,27,35,43,2,13,18,33,34,38
2867,01/10/2025,13,16,26,28,39,42,8,11,20,30,32,33
2866,29/09/2025,2,5,18,43,44,48,4,21,22,23,28,40
2865,26/09/2025,6,18,21,38,45,47,5,15,18,23,41,43
2864,24/09/2025,12,34,35,40,41,48,1,21,23,33,43,49
2863,22/09/2025,5,40,41,46,48,50,17,24,28,30,47,48
2862,19/09/2025,2,4,20,42,44,46,2,3,7,19,22,35
2861,17/09/2025,14,15,33,36,45,48,1,3,20,21,35,40
2860,15/09/2025,8,18,41,42,48,50,1,11,15,22,26,42
2859,12/09/2025,2,6,20,21,24,50,14,26,29,32,34,49
2858,10/09/2025,7,8,10,12,29,38,12,21,24,30,31,38
2857,08/09/2025,5,22,23,24,43,44,12,22,24,34,36,41
2856,05/09/2025,4,5,21,22,30,32,5,31,34,38,40,50
2855,03/09/2025,9,15,18,19,30,35,6,8,22,32,37,44
2854,01/09/2025,21,23,27,28,29,36,2,8,9,31,42,44
2853,29/08/2025,4,5,10,13,38,46,5,17,19,32,41,42
2852,27/08/2025,5,10,16,20,35,39,19,20,29,30,37,45
2851,25/08/2025,9,29,36,41,46,47,13,22,29,35,43,49
2850,22/08/2025,8,12,17,30,42,43,10,13,30,32,37,45
2849,20/08/2025,5,13,18,34,35,50,28,35,36,40,43,44
2848,18/08/2025,8,30,31,35,36,38,10,14,21,24,38,50
2847,15/08/2025,1,8,31,32,39,50,16,30,33,38,42,44
2846,13/08/2025,15,31,36,37,39,49,12,16,30,37,39,44
2845,11/08/2025,22,23,24,27,32,43,3,5,30,32,39,42
2844,08/08/2025,20,21,23,27,28,49,7,14,16,27,43,47
2843,06/08/2025,3,4,11,18,35,46,8,10,25,28,39,43
2842,04/08/2025,5,11,32,34,36,45,1,7,13,26,36,48
2841,01/08/2025,1,4,8,9,15,17,7,14,15,16,18,50
2840,30/07/2025,5,7,9,10,11,28,7,25,26,40,47,50
2839,28/07/2025,10,14,16,18,22,33,1,4,9,19,20,21
2838,25/07/2025,20,26,29,35,37,40,3,8,9,32,41,50
2837,23/07/2025,6,13,20,28,32,40,1,10,14,18,21,47
2836,21/07/2025,5,8,15,28,29,39,8,9,12,13,32,34
2835,18/07/2025,13,17,18,26,44,45,3,18,35,36,41,50
2834,16/07/2025,2,11,12,25,43,45,7,17,24,35,43,44
2833,14/07/2025,1,8,12,16,19,26,10,11,23,30,49,50
2832,11/07/2025,10,13,15,27,32,50,4,16,19,28,45,50
2831,09/07/2025,4,6,10,14,38,39,18,28,32,35,45,49
2830,07/07/2025,7,8,13,22,29,33,6,9,25,37,39,49
2829,04/07/2025,3,6,8,10,30,31,10,12,20,21,22,37
2828,02/07/2025,4,15,35,41,42,45,5,13,24,31,37,45
2827,30/06/2025,9,11,14,29,30,31,4,19,23,42,47,48
2826,27/06/2025,2,4,20,24,27,28,8,17,35,40,41,48
2825,25/06/2025,3,8,23,25,35,38,11,22,28,31,42,50
2824,23/06/2025,10,15,21,36,37,48,20,24,36,38,41,46
2823,20/06/2025,8,13,16,17,33,46,9,12,18,28,40,44
2822,18/06/2025,14,21,22,24,26,43,3,9,11,16,19,24
2821,16/06/2025,2,15,34,35,43,50,14,22,28,41,43,50
2820,13/06/2025,3,4,8,17,29,45,1,12,13,15,16,27
2819,11/06/2025,11,27,34,38,49,50,3,27,30,33,35,41
2818,09/06/2025,6,18,21,24,44,49,14,17,23,26,41,50
2817,06/06/2025,3,8,20,27,32,40,16,29,39,40,45,46
2816,04/06/2025,1,10,27,29,40,46,2,4,5,10,12,19
2815,02/06/2025,7,9,13,14,20,50,5,18,19,28,37,45
2814,30/05/2025,9,14,21,26,45,47,3,27,40,43,44,50
2813,28/05/2025,4,6,10,14,22,40,2,17,19,38,47,49
2812,26/05/2025,2,6,10,34,38,50,1,10,14,17,28,33
2811,23/05/2025,10,16,17,20,33,42,1,25,26,42,44,45
2810,21/05/2025,6,10,22,28,29,36,4,22,28,34,38,47
2809,19/05/2025,7,22,28,30,34,43,4,6,13,22,48,49
2808,16/05/2025,12,24,27,43,44,45,9,14,24,25,30,48
2807,14/05/2025,7,15,20,26,30,45,4,11,21,30,39,43
2806,12/05/2025,8,10,32,39,41,50,4,9,13,30,31,40
2805,09/05/2025,2,27,34,41,44,45,6,9,10,18,33,41
2804,07/05/2025,2,14,21,27,33,46,10,22,27,29,46,49
2803,05/05/2025,11,14,19,31,32,35,4,12,18,25,32,45
2802,02/05/2025,4,8,13,18,35,44,12,26,28,29,44,50
2801,30/04/2025,4,8,9,31,47,50,3,14,22,44,45,50
2800,28/04/2025,14,16,19,37,40,48,5,9,14,16,34,50
2799,25/04/2025,15,32,33,39,42,44,2,8,9,18,33,40
2798,23/04/2025,2,17,25,29,34,36,4,18,19,41,48,49
2797,19/04/2025,5,18,22,27,31,46,2,7,31,45,46,47
2796,04/04/2025,6,12,27,35,39,48,3,15,18,25,30,48
2795,02/04/2025,6,7,10,30,36,41,3,7,11,23,37,43
2794,31/03/2025,7,26,36,44,46,47,8,17,31,37,41,45
2793,28/03/2025,11,12,22,25,33,46,6,7,9,25,27,30
2792,26/03/2025,8,12,17,22,36,37,18,20,21,27,32,48
2791,24/03/2025,12,14,30,44,46,48,31,39,41,45,47,50
2790,21/03/2025,11,13,19,26,38,40,13,17,36,43,48,50
2789,19/03/2025,9,14,25,26,38,44,14,25,26,33,37,39
2788,17/03/2025,2,12,17,19,20,37,15,19,25,39,40,46
2787,14/03/2025,3,16,21,26,28,43,8,10,14,17,42,50
2786,12/03/2025,16,25,28,33,39,42,12,28,34,35,36,41
2785,10/03/2025,2,7,17,29,31,38,7,12,17,23,29,41
2784,07/03/2025,10,19,21,28,37,49,10,22,27,36,37,42
2783,05/03/2025,1,3,7,28,33,48,5,19,22,23,24,30
2782,28/02/2025,1,5,6,8,27,37,2,9,17,22,25,49
2781,26/02/2025,9,13,17,37,40,43,4,9,10,38,39,49
2780,24/02/2025,8,9,14,35,46,50,10,26,29,37,38,50
2779,21/02/2025,11,12,15,31,36,48,1,6,25,27,41,50
2778,19/02/2025,15,16,17,20,25,43,8,10,15,27,33,44
2777,17/02/2025,25,26,34,36,44,45,7,14,17,27,30,34
2776,14/02/2025,16,18,21,26,38,45,12,14,16,23,40,49
2775,12/02/2025,1,2,3,4,34,35,1,5,6,25,28,32
2774,10/02/2025,1,2,4,7,39,45,19,20,28,33,41,46
2773,07/02/2025,4,13,18,21,36,37,1,5,13,27,33,50
2772,05/02/2025,1,4,11,38,42,43,2,18,27,31,32,33
2771,03/02/2025,2,5,6,16,21,35,8,26,31,35,40,42
2770,31/01/2025,22,24,25,27,30,48,11,23,29,33,38,48
2769,29/01/2025,7,9,19,21,29,45,3,10,15,30,34,50
2768,27/01/2025,1,28,32,45,49,50,3,7,17,23,40,48
2767,24/01/2025,7,9,13,16,31,43,13,16,17,29,35,49
2766,22/01/2025,7,13,14,17,18,20,8,22,27,37,42,44
2765,20/01/2025,6,9,14,16,18,39,7,28,35,41,45,46
2764,17/01/2025,9,11,20,27,35,45,11,13,15,32,38,45
2763,15/01/2025,6,7,19,25,27,49,7,9,17,32,33,45
2762,13/01/2025,23,24,29,30,40,47,5,8,22,29,43,46
2761,10/01/2025,2,15,17,39,44,45,12,13,22,31,39,49
2760,08/01/2025,4,5,16,17,29,36,1,2,9,10,22,34
2759,06/01/2025,2,9,29,36,44,49,14,23,30,31,37,39
2758,03/01/2025,15,23,24,27,31,42,3,4,23,26,31,33
2757,30/12/2024,9,15,25,29,46,48,3,9,17,22,30,40
2756,27/12/2024,27,33,34,41,44,46,20,23,27,36,41,50
2755,23/12/2024,4,8,15,20,24,32,12,22,24,29,33,42
2754,20/12/2024,11,20,31,34,35,43,2,4,12,33,41,47
2753,18/12/2024,4,12,26,29,41,45,8,16,19,41,47,48
2752,16/12/2024,4,5,36,37,40,50,18,25,27,33,36,46
2751,13/12/2024,4,6,10,15,21,44,2,10,14,26,29,34
2750,11/12/2024,6,15,22,23,26,47,4,7,17,19,29,41
2749,09/12/2024,7,11,26,28,31,44,9,33,35,39,43,48
2748,06/12/2024,13,29,34,36,43,46,18,20,27,31,34,39
2747,04/12/2024,13,25,31,36,43,44,18,19,20,23,30,43
2746,02/12/2024,20,25,31,45,47,50,20,31,32,33,37,43
2745,29/11/2024,2,4,18,21,22,45,8,9,14,27,37,41
2744,27/11/2024,19,24,39,41,43,49,1,4,6,10,19,28
2743,25/11/2024,9,17,22,31,37,40,4,6,12,31,34,36
2742,22/11/2024,3,17,22,33,46,50,1,17,20,26,35,37
2741,18/11/2024,14,19,27,36,42,45,15,22,23,36,37,40
2740,13/11/2024,9,10,16,24,25,33,3,5,8,13,31,34
2739,11/11/2024,5,25,35,36,41,43,2,24,33,39,40,42
2738,08/11/2024,1,17,19,35,37,44,2,7,9,29,42,44
2737,06/11/2024,8,14,15,20,24,41,20,29,30,34,46,50
2736,04/11/2024,4,8,9,22,24,44,14,16,24,39,48,49
2735,01/11/2024,3,6,16,35,36,38,6,7,13,27,37,42
2734,30/10/2024,2,20,23,26,32,37,28,29,35,39,42,48
2733,28/10/2024,14,21,28,35,44,49,16,19,28,38,45,47
2732,25/10/2024,7,34,41,46,48,49,4,9,21,30,47,50
2731,23/10/2024,2,5,7,19,29,47,9,24,31,32,36,39
2730,21/10/2024,4,17,18,26,30,48,10,11,18,19,25,48
2729,18/10/2024,4,9,34,36,39,45,10,19,26,41,43,45
2728,16/10/2024,6,28,29,30,37,40,2,3,7,12,14,31
2727,14/10/2024,3,4,12,14,25,46,2,15,26,38,39,46
2726,11/10/2024,11,20,22,31,38,40,17,18,20,28,33,43
2725,09/10/2024,4,19,21,37,38,46,11,19,21,41,43,48
2724,07/10/2024,2,6,39,40,41,42,1,10,21,28,35,41
2723,04/10/2024,5,11,18,20,24,26,1,2,6,7,15,50
2722,02/10/2024,8,31,37,41,43,45,7,14,18,22,30,32
2721,30/09/2024,7,9,13,32,47,49,7,9,11,14,35,40
2720,27/09/2024,1,5,13,40,46,49,11,17,27,29,35,49
2719,25/09/2024,14,21,30,32,35,46,14,24,31,35,39,43
2718,23/09/2024,10,19,31,38,44,45,4,11,21,25,27,35
2717,20/09/2024,3,14,26,30,36,45,4,6,21,25,38,45
2716,18/09/2024,6,14,15,34,44,48,3,7,14,25,44,48
2715,16/09/2024,10,17,18,25,34,41,14,22,27,28,29,42
2714,13/09/2024,1,7,9,26,32,44,8,11,23,26,41,48
2713,11/09/2024,10,14,23,30,31,47,8,10,24,32,40,50
2712,09/09/2024,4,8,10,22,27,31,9,19,21,24,30,42
2711,06/09/2024,17,21,29,32,39,49,1,3,21,34,37,49
2710,04/09/2024,13,15,22,23,24,28,4,15,16,24,39,44
2709,02/09/2024,4,24,31,36,40,41,7,17,25,30,37,38
2708,30/08/2024,4,7,9,40,48,50,15,18,20,25,28,47
2707,28/08/2024,10,11,27,30,33,49,1,5,12,15,34,36
2706,26/08/2024,7,19,25,36,48,50,19,28,32,38,45,50
2705,23/08/2024,2,14,20,33,40,49,5,15,17,19,25,48
2704,21/08/2024,4,10,12,17,34,44,1,7,10,27,28,31
2703,19/08/2024,6,11,22,36,46,48,7,9,15,18,30,43
2702,16/08/2024,1,15,17,31,43,48,2,4,18,20,23,49
2701,14/08/2024,2,8,11,12,38,50,2,3,23,35,36,46
2700,12/08/2024,6,9,15,22,28,44,4,6,14,42,48,50
2699,09/08/2024,6,13,27,28,35,36,12,23,27,41,44,50
2698,07/08/2024,7,11,18,25,38,45,2,10,18,32,34,48
2697,05/08/2024,3,11,13,30,32,42,6,24,25,26,40,50
2696,02/08/2024,5,12,15,19,37,45,7,16,24,30,36,42
2695,31/07/2024,10,12,16,34,38,49,5,6,8,35,38,45
2694,29/07/2024,4,9,10,15,23,47,18,19,31,33,39,45
2693,26/07/2024,10,26,29,42,47,48,8,10,14,16,20,38
2692,24/07/2024,17,20,35,37,42,49,16,22,28,34,39,49
2691,22/07/2024,10,17,33,44,46,48,6,8,10,17,20,23
2690,19/07/2024,3,8,11,29,32,48,12,13,21,23,28,35
2689,17/07/2024,7,16,26,29,34,41,2,7,30,43,47,49
2688,15/07/2024,1,2,13,34,36,50,1,2,8,13,21,49
2687,12/07/2024,13,14,17,19,23,41,2,6,7,30,38,48
2686,10/07/2024,6,19,21,25,26,32,1,3,12,31,38,39
2685,08/07/2024,12,24,36,37,41,47,9,11,17,38,39,50
2684,05/07/2024,19,28,34,41,45,46,6,7,16,23,36,48
2683,03/07/2024,3,7,9,12,29,38,9,11,29,34,35,37
2682,01/07/2024,1,6,21,22,24,30,2,15,27,41,44,49
2681,28/06/2024,9,20,24,34,39,42,5,15,21,41,45,49
2680,26/06/2024,11,21,22,24,32,39,17,27,34,43,45,50
2679,24/06/2024,7,17,29,30,33,46,10,26,34,39,42,48
2678,21/06/2024,15,16,24,37,44,49,2,4,15,37,41,45
2677,19/06/2024,5,9,18,23,24,46,4,18,33,36,37,45
2676,17/06/2024,3,5,8,10,11,12,10,16,26,33,46,47
2675,14/06/2024,3,4,22,41,42,47,17,35,39,40,44,45
2674,12/06/2024,20,31,38,40,43,50,3,9,12,40,47,50
2673,10/06/2024,5,6,12,16,28,48,9,10,12,14,20,26
2672,07/06/2024,2,3,11,24,25,47,9,14,15,16,18,37
2671,05/06/2024,8,34,35,39,45,48,14,16,17,25,29,50
2670,03/06/2024,4,5,9,10,18,44,5,24,31,40,43,46
2669,31/05/2024,5,25,26,34,41,42,3,5,6,18,25,28
2668,29/05/2024,13,21,38,41,47,48,1,8,13,14,29,36
2667,27/05/2024,2,7,9,14,21,38,5,6,9,10,11,48
2666,24/05/2024,6,11,15,27,35,37,6,10,14,16,30,40
2665,22/05/2024,4,6,7,18,23,41,8,21,29,33,35,50
2664,20/05/2024,1,2,8,35,41,43,2,6,15,20,21,26
2663,17/05/2024,16,28,30,35,37,46,2,10,34,36,37,43
2662,15/05/2024,3,10,17,18,32,41,23,25,36,39,44,47
2661,13/05/2024,10,21,30,34,35,44,11,15,16,21,34,43
2660,10/05/2024,3,9,16,24,25,29,9,15,25,26,41,44
2659,08/05/2024,1,7,8,23,30,44,20,28,29,30,38,46
2658,06/05/2024,21,25,27,38,40,49,2,15,21,29,35,43
2657,03/05/2024,10,21,25,27,30,46,4,11,22,30,37,47
2656,29/04/2024,2,7,8,20,35,37,1,2,34,44,46,50
2655,26/04/2024,5,16,24,45,46,50,3,4,9,18,34,41
2654,24/04/2024,9,16,17,18,33,38,3,11,14,23,27,48
2653,22/04/2024,2,11,12,28,39,43,2,5,17,20,36,50
2652,19/04/2024,11,15,17,21,27,34,2,7,28,32,38,46
2651,17/04/2024,1,10,19,25,38,49,2,13,28,30,40,49
2650,15/04/2024,5,11,20,25,32,38,11,15,23,29,43,48
2649,12/04/2024,9,11,29,37,39,50,17,24,29,36,40,43
2648,10/04/2024,2,11,13,37,47,50,4,7,12,13,42,48
2647,08/04/2024,2,6,31,32,44,50,2,6,8,23,31,40
2646,05/04/2024,5,9,17,30,31,39,1,6,20,26,27,31
2645,03/04/2024,1,9,11,30,37,46,2,3,34,35,38,48
2644,01/04/2024,15,28,30,36,37,40,1,12,22,31,33,41
2643,30/03/2024,1,3,10,27,46,47,8,21,32,39,42,50
2642,15/03/2024,7,17,20,38,40,43,3,7,11,16,23,41
2641,13/03/2024,3,6,8,13,44,45,1,11,38,44,45,46
2640,11/03/2024,19,20,25,28,35,39,6,24,27,29,38,48
2639,08/03/2024,7,10,13,22,44,48,5,6,17,38,42,43
2638,06/03/2024,18,31,34,37,44,45,2,21,27,29,33,48
2637,04/03/2024,9,18,21,31,34,50,11,13,25,34,47,50
2636,01/03/2024,10,15,25,31,36,38,10,11,16,20,38,44
2635,28/02/2024,5,14,30,31,35,38,16,24,34,36,40,47
2634,26/02/2024,12,27,34,39,40,41,6,17,27,33,38,49
2633,23/02/2024,1,11,29,30,41,49,12,13,14,23,40,42
2632,21/02/2024,18,25,29,38,41,45,1,6,7,31,34,40
2631,19/02/2024,4,7,11,18,48,49,3,20,25,35,44,47
2630,16/02/2024,1,4,11,31,39,48,7,10,14,15,18,42
2629,14/02/2024,28,36,38,41,44,50,28,34,37,39,41,42
2628,09/02/2024,3,4,6,34,35,49,11,21,22,25,35,50
2627,07/02/2024,13,33,36,39,40,42,13,14,27,33,36,45
2626,05/02/2024,1,5,9,28,41,43,10,14,25,31,41,44
2625,02/02/2024,5,24,37,42,43,46,5,16,20,32,35,46
2624,31/01/2024,10,13,14,21,32,43,13,17,34,41,46,48
2623,29/01/2024,21,29,42,45,48,49,1,3,27,30,32,47
2622,26/01/2024,13,14,21,26,34,37,4,11,20,21,31,34
2621,24/01/2024,9,19,28,41,46,47,7,10,18,37,40,47
2620,22/01/2024,2,3,7,12,25,39,2,13,31,39,40,47
2619,19/01/2024,6,26,29,30,33,40,19,21,28,33,48,49
2618,17/01/2024,6,24,33,42,44,45,3,5,11,37,47,50
2617,15/01/2024,3,5,12,17,22,41,19,20,25,33,48,49
2616,12/01/2024,2,9,20,33,39,47,7,8,11,36,42,48
2615,10/01/2024,2,31,32,35,38,47,8,17,18,32,42,47
2614,08/01/2024,3,12,21,31,41,49,2,12,13,35,39,40
2613,05/01/2024,16,18,21,23,32,49,13,17,18,33,37,48
2612,03/01/2024,2,5,23,34,39,42,4,10,12,26,38,46
2611,29/12/2023,2,6,15,34,37,42,3,9,19,20,38,46
2610,27/12/2023,7,9,11,16,20,30,18,23,25,43,48,50
2609,22/12/2023,3,9,25,34,43,48,6,18,23,33,46,49
2608,20/12/2023,8,11,17,24,39,46,6,7,13,15,18,33
2607,18/12/2023,9,11,33,37,39,42,5,7,10,19,24,48
2606,15/12/2023,3,16,22,25,26,36,14,16,20,22,27,40
2605,13/12/2023,11,22,41,43,46,47,8,21,24,28,37,49
2604,11/12/2023,3,4,21,31,39,46,1,5,31,33,46,49
2603,08/12/2023,14,21,27,28,29,33,1,13,31,33,45,49
2602,06/12/2023,11,30,31,39,40,46,3,5,8,18,33,40
2601,04/12/2023,3,7,15,18,23,35,3,11,18,22,38,39
2600,01/12/2023,1,5,18,22,28,30,9,17,18,21,22,39
2599,29/11/2023,10,11,17,23,29,40,5,7,8,15,41,49
2598,27/11/2023,7,9,20,34,35,43,1,9,10,25,30,32
2597,24/11/2023,1,5,11,40,41,44,6,17,24,36,43,49
2596,22/11/2023,10,20,22,30,41,49,1,3,36,41,42,46
2595,20/11/2023,14,22,27,28,36,39,9,12,44,45,46,48
2594,17/11/2023,4,19,20,25,43,44,5,12,14,28,40,43
2593,13/11/2023,8,11,13,23,30,32,3,18,20,24,28,48
2592,10/11/2023,6,12,22,33,35,44,1,19,27,29,42,47
2591,08/11/2023,25,33,39,46,47,50,19,37,41,42,45,49
2590,06/11/2023,3,4,32,39,44,48,3,4,19,23,26,31
2589,03/11/2023,1,15,18,27,29,46,4,8,9,14,21,24
2588,01/11/2023,8,9,18,28,39,46,10,13,14,22,38,43
2587,30/10/2023,11,16,17,21,23,36,7,21,32,38,43,45
2586,27/10/2023,34,36,38,40,46,50,11,15,23,28,46,48
2585,25/10/2023,5,6,15,28,37,41,1,5,24,29,31,36
2584,23/10/2023,13,18,20,25,38,49,4,6,13,15,22,24
2583,20/10/2023,6,31,33,36,37,39,5,10,14,26,27,47
2582,18/10/2023,3,8,20,31,37,40,2,9,19,21,35,46
2581,16/10/2023,10,13,18,19,20,26,4,16,18,24,30,44
2580,13/10/2023,2,9,10,31,35,42,5,10,16,25,28,37
2579,11/10/2023,2,6,34,37,39,50,12,17,27,30,36,45
2578,09/10/2023,3,10,26,27,32,46,8,19,26,33,37,48
2577,06/10/2023,2,18,19,22,33,46,3,16,25,31,35,40
2576,04/10/2023,9,15,32,39,44,45,3,7,13,17,27,47
2575,02/10/2023,1,4,10,21,22,33,2,20,27,36,46,49
2574,29/09/2023,17,29,39,44,47,50,3,11,17,41,44,50
2573,27/09/2023,10,21,28,30,41,43,14,15,19,31,34,44
2572,25/09/2023,8,11,36,39,41,44,10,13,21,36,41,46
2571,22/09/2023,6,10,22,37,41,49,8,18,25,31,38,47
2570,20/09/2023,2,4,6,14,23,25,2,5,6,24,30,40
2569,18/09/2023,22,23,37,40,46,47,3,23,33,35,37,44
2568,15/09/2023,12,18,20,24,43,49,2,26,42,43,46,47
2567,13/09/2023,5,10,23,29,32,50,4,18,36,38,39,41
2566,11/09/2023,9,23,25,40,43,48,6,8,14,19,23,27
2565,08/09/2023,3,10,11,12,35,37,11,13,15,20,38,42
2564,06/09/2023,6,7,15,21,33,36,2,3,5,31,34,40
2563,04/09/2023,5,8,28,30,35,36,13,22,23,28,31,50
2562,01/09/2023,3,13,19,30,42,46,6,9,11,17,32,43
2561,30/08/2023,4,24,26,36,37,47,9,11,14,16,22,38
2560,28/08/2023,3,6,18,30,41,45,12,23,28,34,45,49
2559,25/08/2023,1,6,15,26,32,35,1,3,4,7,31,40
2558,23/08/2023,8,9,22,41,44,45,4,13,20,22,35,36
2557,21/08/2023,5,24,25,32,42,45,18,27,28,33,36,47
2556,19/08/2023,24,25,34,36,41,50,16,31,32,33,36,38
2555,17/08/2023,5,12,18,26,34,45,3,20,22,31,46,50
2554,15/08/2023,1,7,19,21,39,45,17,19,25,37,46,48
2553,12/08/2023,1,8,12,13,17,21,1,13,16,25,32,34
2552,10/08/2023,1,8,27,28,33,37,4,5,11,13,26,45
2551,08/08/2023,4,14,18,25,38,39,17,19,26,44,47,48
2550,05/08/2023,4,15,24,40,42,45,15,16,19,33,34,37
2549,03/08/2023,27,28,37,42,47,49,5,16,31,33,40,50
2548,01/08/2023,3,12,14,24,32,50,17,22,24,31,42,49
2547,29/07/2023,1,11,12,16,32,33,10,12,15,32,33,41
2546,27/07/2023,8,14,15,31,39,46,2,7,8,23,32,41
2545,25/07/2023,9,31,32,34,35,38,17,19,30,33,35,45
2544,22/07/2023,10,12,15,20,33,37,3,6,7,11,19,20
2543,20/07/2023,2,10,14,17,27,50,6,10,23,27,31,45
2542,18/07/2023,7,20,39,45,46,50,1,7,11,16,33,49
2541,15/07/2023,18,20,34,36,45,50,2,9,25,27,39,44
2540,13/07/2023,5,13,15,19,24,29,4,11,13,19,37,39
2539,11/07/2023,2,3,12,19,37,50,3,6,24,28,48,49
2538,08/07/2023,1,25,28,35,41,50,12,14,21,42,43,44
2537,06/07/2023,18,30,32,37,41,47,3,14,15,22,29,50
2536,04/07/2023,15,16,22,31,37,45,3,9,10,13,18,20
2535,01/07/2023,10,13,22,43,46,47,4,10,13,25,28,38
2534,29/06/2023,7,15,29,41,46,47,10,16,18,19,39,48
2533,27/06/2023,2,11,12,18,29,44,6,20,35,42,48,50
2532,24/06/2023,8,24,25,28,40,48,3,14,18,23,32,48
2531,22/06/2023,5,7,31,33,39,46,21,23,26,31,45,46
2530,20/06/2023,20,27,28,33,34,36,2,6,9,18,39,40
2529,17/06/2023,1,4,18,43,44,49,1,16,27,37,41,44
2528,15/06/2023,7,11,19,32,49,50,20,28,33,35,45,48
2527,13/06/2023,8,12,13,23,36,41,4,16,17,28,29,32
2526,10/06/2023,1,12,25,31,32,47,11,13,18,29,37,49
2525,09/06/2023,9,14,15,19,22,30,28,41,43,44,45,46
2524,06/06/2023,9,10,11,20,25,34,3,15,17,29,31,37
2523,03/06/2023,4,15,18,19,21,42,14,19,27,44,47,48
2522,01/06/2023,1,7,11,17,27,39,9,14,25,30,32,34
2521,30/05/2023,6,11,19,31,36,41,5,17,31,35,41,47
2520,27/05/2023,2,3,12,19,33,37,7,11,17,26,44,46
2519,25/05/2023,8,11,46,48,49,50,6,10,24,30,44,45
2518,23/05/2023,3,7,10,15,40,48,15,25,29,32,39,46
2517,20/05/2023,5,6,7,8,13,48,5,15,16,23,36,50
2516,18/05/2023,2,11,15,30,36,41,6,13,32,38,40,46
2515,16/05/2023,4,13,34,39,47,50,9,11,15,28,30,41
2514,13/05/2023,2,11,18,21,24,38,4,19,20,21,38,48
2513,11/05/2023,3,13,21,25,26,35,10,12,17,22,39,46
2512,09/05/2023,30,43,45,47,48,50,22,25,35,36,38,50
2511,06/05/2023,18,20,23,26,32,36,8,25,29,37,45,47
2510,04/05/2023,4,6,14,18,21,42,5,14,23,29,33,50
2509,02/05/2023,1,7,34,36,37,45,12,14,20,27,28,35
2508,29/04/2023,1,4,14,16,32,38,9,24,37,42,46,49
2507,27/04/2023,2,3,5,36,47,48,4,5,14,30,39,40
2506,25/04/2023,11,23,24,26,28,45,14,20,22,29,43,44
2505,22/04/2023,2,8,11,29,30,40,11,31,37,42,48,49
2504,20/04/2023,1,4,10,14,32,49,19,24,27,31,40,41
2503,18/04/2023,5,9,23,36,38,44,1,35,36,37,42,47
2502,15/04/2023,4,5,14,18,25,27,1,9,13,14,39,49
2501,13/04/2023,1,16,28,44,45,47,1,8,15,17,20,41
2500,11/04/2023,3,19,37,40,44,48,6,14,16,21,23,48
2499,08/04/2023,3,4,21,23,28,32,5,15,19,21,34,39
2498,25/03/2023,5,8,11,15,35,43,7,9,12,27,43,44
2497,23/03/2023,3,10,17,30,37,48,15,22,23,32,40,46
2496,21/03/2023,2,3,19,27,29,30,2,14,21,22,30,46
2495,18/03/2023,2,16,22,29,35,39,19,24,31,37,44,45
2494,16/03/2023,7,16,17,38,39,44,3,6,10,12,43,44
2493,14/03/2023,6,7,19,32,39,50,29,30,32,35,38,41
2492,11/03/2023,14,29,41,44,46,49,7,28,39,43,48,50
2491,09/03/2023,22,29,42,46,48,50,2,3,9,11,20,35
2490,07/03/2023,4,13,30,38,40,50,11,12,14,34,35,50
2489,04/03/2023,3,6,7,25,26,41,1,6,26,29,33,50
2488,02/03/2023,12,27,33,36,44,49,6,9,21,30,31,32
2487,28/02/2023,13,18,25,28,34,41,16,31,39,40,43,44
2486,25/02/2023,4,5,8,12,23,47,4,6,18,21,26,40
2485,23/02/2023,6,9,11,33,36,41,1,10,12,16,35,50
2484,18/02/2023,10,13,14,20,38,41,6,17,24,43,46,48
2483,16/02/2023,1,30,31,42,44,47,2,3,4,10,14,16
2482,14/02/2023,13,21,29,38,44,50,6,15,25,27,37,48
2481,11/02/2023,3,7,8,23,36,48,11,18,19,27,42,43
2480,09/02/2023,5,11,25,30,43,45,5,11,12,33,40,41
2479,07/02/2023,2,7,30,31,44,47,10,13,21,26,30,33
2478,04/02/2023,4,8,18,30,36,45,10,16,25,30,35,49
2477,02/02/2023,13,22,27,30,36,37,2,14,17,20,37,41
2476,31/01/2023,3,6,7,31,36,44,19,25,29,30,32,46
2475,28/01/2023,14,21,25,26,28,41,1,16,19,20,29,39
2474,26/01/2023,3,21,25,34,44,50,20,24,30,39,42,46
2473,24/01/2023,7,18,23,27,34,46,1,3,6,18,25,39
2472,21/01/2023,4,8,28,36,44,47,2,10,24,33,37,43
2471,19/01/2023,3,11,16,20,42,47,13,25,28,29,36,48
2470,17/01/2023,11,13,26,28,39,46,3,14,19,22,34,40
2469,14/01/2023,4,14,15,18,40,49,8,18,25,34,43,45
2468,12/01/2023,8,12,13,25,37,45,26,35,39,43,45,46
2467,10/01/2023,2,19,20,22,36,50,7,10,25,28,44,49
2466,07/01/2023,2,5,12,20,46,49,8,17,22,26,36,49
2465,05/01/2023,8,23,38,41,45,49,4,17,22,24,38,41
2464,03/01/2023,8,11,12,20,27,47,2,6,15,31,41,50
2463,31/12/2022,2,4,5,13,18,30,22,24,34,42,44,45
2462,29/12/2022,4,5,11,21,27,30,4,8,17,30,43,47
2461,27/12/2022,3,17,22,24,30,45,4,25,28,30,44,47
2460,24/12/2022,16,18,21,31,34,37,15,19,24,44,45,50
2459,22/12/2022,10,19,30,31,36,40,1,6,8,9,15,49
2458,20/12/2022,1,9,20,28,40,49,9,10,13,30,35,47
2457,17/12/2022,1,3,11,16,36,44,10,11,13,23,38,48
2456,15/12/2022,7,19,26,34,39,45,1,9,30,33,34,48
2455,13/12/2022,13,14,24,28,33,44,22,24,31,32,40,44
2454,10/12/2022,5,10,26,32,44,49,14,21,23,27,34,41
2453,08/12/2022,3,6,43,47,48,49,4,15,16,29,37,46
2452,06/12/2022,20,22,25,30,32,39,24,26,28,34,48,50
2451,03/12/2022,6,15,33,35,42,43,1,23,27,29,36,43
2450,01/12/2022,9,13,17,36,38,48,2,12,13,30,37,48
2449,29/11/2022,2,14,23,26,41,50,6,9,20,22,23,45
2448,26/11/2022,5,8,39,41,44,50,2,4,6,25,43,44
2447,24/11/2022,18,22,24,41,46,48,1,13,17,21,26,33
2446,22/11/2022,12,14,22,28,37,50,18,25,29,34,37,46
2445,19/11/2022,3,37,39,41,43,50,12,26,36,43,47,49
2444,17/11/2022,11,25,30,37,47,48,27,36,37,40,43,44
2443,12/11/2022,5,18,20,23,37,43,6,10,20,21,25,30
2442,10/11/2022,7,19,22,35,42,46,2,5,8,17,26,43
2441,08/11/2022,9,14,16,24,37,39,2,17,26,30,38,39
2440,05/11/2022,21,26,31,34,39,42,4,5,10,11,41,50
2439,03/11/2022,1,2,6,11,45,47,23,26,27,42,46,49
2438,01/11/2022,2,15,22,31,33,41,19,22,25,31,33,36
2437,29/10/2022,3,17,18,27,30,36,17,22,27,29,38,43
2436,27/10/2022,11,12,17,35,42,47,5,22,37,44,45,47
2435,25/10/2022,4,19,28,30,43,49,7,27,31,33,35,44
2434,22/10/2022,4,21,31,33,41,50,6,9,14,22,36,46
2433,20/10/2022,1,22,25,28,37,50,5,11,17,26,37,42
2432,18/10/2022,1,18,22,23,29,30,18,22,27,31,42,49
2431,15/10/2022,2,20,36,41,43,50,13,15,32,36,40,45
2430,13/10/2022,10,24,33,39,45,50,11,14,20,21,25,43
2429,11/10/2022,3,10,11,22,26,34,3,9,23,25,27,50
2428,08/10/2022,18,24,27,31,43,44,8,10,16,31,34,44
2427,06/10/2022,2,20,28,29,43,44,18,29,36,40,41,45
2426,04/10/2022,8,11,15,30,37,46,4,10,15,18,21,22
2425,01/10/2022,1,10,11,28,33,45,22,27,36,37,40,42
2424,29/09/2022,2,14,15,22,27,28,14,16,21,23,31,35
2423,27/09/2022,18,20,32,35,38,50,10,19,20,23,26,29
2422,24/09/2022,16,18,24,36,44,50,7,8,22,29,36,43
2421,22/09/2022,2,7,16,33,40,45,4,11,15,24,39,48
2420,20/09/2022,5,14,31,35,37,42,6,33,34,35,39,47
2419,17/09/2022,3,10,27,43,47,49,6,8,10,35,47,49
2418,15/09/2022,6,10,12,26,33,49,1,8,23,36,41,49
2417,13/09/2022,6,7,16,18,26,48,3,5,16,23,24,30
2416,10/09/2022,5,21,23,34,40,41,19,21,34,36,42,47
2415,08/09/2022,3,10,14,22,26,34,2,13,16,28,31,37
2414,06/09/2022,2,9,16,17,31,35,8,9,13,23,35,46
2413,03/09/2022,11,20,24,27,41,44,5,10,11,12,25,49
2412,01/09/2022,5,8,18,39,43,45,13,26,28,35,36,37
2411,30/08/2022,2,3,14,27,40,43,6,17,27,32,47,50
2410,27/08/2022,2,12,25,30,43,50,1,18,38,40,49,50
2409,25/08/2022,22,23,30,34,42,48,2,24,28,35,42,43
2408,23/08/2022,6,10,22,32,37,42,6,8,20,22,37,38
2407,20/08/2022,14,15,24,33,44,50,3,19,21,23,30,49
2406,18/08/2022,17,21,30,34,39,50,4,16,24,31,40,43
2405,16/08/2022,2,12,15,29,33,40,1,8,12,29,38,42
2404,13/08/2022,3,9,10,11,38,41,2,8,12,18,39,50
2403,11/08/2022,17,19,32,44,45,47,19,23,24,27,29,35
2402,09/08/2022,12,28,34,37,38,41,4,9,12,22,31,46
2401,06/08/2022,28,30,39,40,49,50,21,26,41,42,44,49
2400,04/08/2022,2,8,21,26,31,45,2,6,17,20,24,40
2399,02/08/2022,13,20,21,30,35,40,10,13,23,26,32,46
2398,30/07/2022,1,9,25,39,44,45,12,16,21,23,35,46
2397,28/07/2022,7,19,28,34,36,48,3,6,20,28,39,43
2396,26/07/2022,8,15,32,35,39,42,9,21,22,28,40,47
2395,23/07/2022,12,14,25,39,47,49,1,9,10,22,25,27
2394,21/07/2022,8,21,28,38,46,49,1,9,10,11,18,41
2393,19/07/2022,15,20,21,31,37,41,1,7,26,28,33,49
2392,16/07/2022,1,8,16,19,29,39,2,6,26,39,41,43
2391,14/07/2022,16,19,34,38,42,47,11,24,27,28,32,33
2390,12/07/2022,21,23,26,38,41,48,2,15,28,45,49,50
2389,09/07/2022,16,20,21,38,48,49,9,12,19,31,35,36
2388,07/07/2022,2,7,34,42,44,50,4,22,23,25,37,47
2387,05/07/2022,12,16,27,35,37,39,6,23,32,34,43,46
2386,02/07/2022,1,6,8,22,26,29,1,4,12,21,27,34
2385,30/06/2022,1,15,24,25,30,33,10,20,31,33,40,42
2384,28/06/2022,1,8,28,30,34,38,5,18,28,39,41,43
2383,25/06/2022,11,12,14,21,23,39,2,10,20,29,41,46
2382,23/06/2022,6,15,24,34,36,46,5,10,11,13,16,32
2381,21/06/2022,4,10,15,18,35,41,7,9,15,17,18,47
2380,18/06/2022,4,11,15,26,33,46,4,7,22,30,43,49
2379,14/06/2022,7,9,21,29,34,36,5,6,17,23,31,44
2378,11/06/2022,2,18,24,30,39,40,9,14,25,36,42,44
2377,09/06/2022,3,19,20,28,39,50,25,32,38,42,44,49
2376,07/06/2022,3,11,12,30,33,39,5,16,20,23,38,48
2375,04/06/2022,2,31,32,34,35,42,3,5,12,13,30,50
2374,02/06/2022,3,12,15,16,22,30,5,8,29,30,33,36
2373,31/05/2022,15,17,27,34,35,43,12,16,22,23,36,40
2372,28/05/2022,3,6,16,29,32,48,23,33,35,45,48,49
2371,26/05/2022,4,5,10,13,36,38,11,18,23,30,38,43
2370,24/05/2022,1,5,7,14,29,47,6,16,23,27,31,36
2369,21/05/2022,16,19,24,32,34,42,7,9,22,23,29,46
2368,19/05/2022,2,3,17,31,33,46,11,16,22,38,40,43
2367,17/05/2022,9,11,19,34,37,47,4,7,9,33,36,48
2366,14/05/2022,4,9,10,14,32,50,3,23,32,35,39,50
2365,12/05/2022,9,29,30,31,32,44,2,16,19,23,24,34
2364,10/05/2022,15,18,30,35,40,49,5,24,30,45,48,50
2363,07/05/2022,2,6,18,19,20,48,5,8,10,15,45,49
2362,05/05/2022,3,18,19,42,49,50,4,10,18,36,41,43
2361,03/05/2022,4,5,6,27,30,42,17,21,31,33,34,49
2360,30/04/2022,4,18,22,26,39,45,9,33,41,46,47,50
2359,28/04/2022,5,33,41,44,46,48,5,17,34,39,44,47
2358,26/04/2022,19,22,27,34,45,46,3,8,19,28,42,50
2357,23/04/2022,7,10,16,23,29,42,11,16,18,22,42,49
2356,19/04/2022,8,20,31,36,42,47,16,23,31,33,39,50
2355,16/04/2022,19,25,32,38,39,42,5,13,15,22,42,44
2354,02/04/2022,9,25,37,42,46,50,11,18,20,23,26,48
2353,31/03/2022,10,20,21,29,34,41,1,10,12,23,33,37
2352,29/03/2022,10,12,20,29,38,50,1,16,36,38,39,41
2351,26/03/2022,11,23,25,39,44,50,11,19,23,24,34,37
2350,24/03/2022,4,10,13,36,39,45,7,8,18,37,39,44
2349,22/03/2022,6,15,18,38,39,41,1,5,7,33,43,48
2348,19/03/2022,9,22,30,31,32,33,2,24,32,34,39,42
2347,17/03/2022,25,33,37,41,44,50,18,25,27,36,44,48
2346,15/03/2022,7,11,25,28,42,44,2,11,13,14,38,45
2345,12/03/2022,13,16,27,30,33,38,1,5,17,22,32,40
2344,10/03/2022,7,18,27,31,35,50,4,23,29,31,40,43
2343,08/03/2022,1,4,11,13,41,44,6,15,19,37,39,48
2342,05/03/2022,4,5,25,37,41,48,5,15,19,26,28,32
2341,03/03/2022,5,8,12,20,42,45,17,20,21,23,45,49
2340,26/02/2022,14,30,41,42,44,47,2,4,18,19,21,41
2339,24/02/2022,1,5,14,16,32,47,2,8,20,23,30,48
2338,22/02/2022,1,5,10,34,38,45,3,6,17,24,34,41
2337,19/02/2022,6,17,22,32,43,49,20,28,29,32,42,43
2336,17/02/2022,16,31,32,36,46,49,2,18,22,36,40,47
2335,15/02/2022,19,24,34,35,46,49,20,21,28,33,49,50
2334,12/02/2022,1,3,11,36,45,49,2,3,12,13,23,49
2333,10/02/2022,14,35,41,43,48,49,4,22,23,27,32,38
2332,08/02/2022,7,31,32,38,40,50,2,24,33,38,43,46
2331,05/02/2022,19,20,26,31,37,45,1,2,38,42,43,48
2330,03/02/2022,2,7,15,19,35,40,5,7,34,35,37,41
2329,01/02/2022,8,9,15,24,32,34,2,4,8,13,21,35
2328,29/01/2022,20,23,28,38,43,44,5,19,23,36,43,44
2327,27/01/2022,10,22,31,38,43,45,14,15,18,26,37,46
2326,25/01/2022,1,6,20,23,24,49,6,12,20,37,44,49
2325,22/01/2022,5,8,17,23,36,49,17,24,37,42,44,45
2324,20/01/2022,8,13,20,21,33,36,5,24,29,35,38,50
2323,18/01/2022,10,13,19,32,36,48,1,22,23,29,49,50
2322,15/01/2022,13,21,25,31,36,41,5,10,26,33,37,38
2321,13/01/2022,15,25,26,30,44,49,2,17,21,29,38,41
2320,11/01/2022,6,8,12,16,20,39,7,20,25,26,28,46
2319,08/01/2022,2,6,8,27,33,48,5,22,27,32,38,45
2318,06/01/2022,3,16,23,26,46,47,18,22,25,28,30,50
2317,04/01/2022,2,19,31,38,39,44,1,6,7,11,21,35
2316,30/12/2021,10,12,14,16,27,35,12,17,24,29,31,42
2315,28/12/2021,9,20,21,23,34,43,1,6,13,18,22,24
2314,23/12/2021,8,14,16,29,35,45,7,31,32,33,34,38
2313,21/12/2021,13,18,22,47,49,50,1,10,23,32,39,43
2312,18/12/2021,18,24,25,36,38,49,6,12,24,29,41,46
2311,16/12/2021,9,25,28,31,33,45,6,11,12,22,32,33
2310,14/12/2021,2,14,23,35,41,45,17,25,34,35,42,46
2309,11/12/2021,8,10,18,25,30,39,14,22,25,34,47,48
2308,09/12/2021,9,17,22,32,34,49,2,7,31,39,41,44
2307,07/12/2021,3,6,24,34,46,47,3,16,28,33,37,44
2306,04/12/2021,11,12,25,45,46,50,8,11,12,21,31,41
2305,02/12/2021,17,18,22,34,43,45,19,20,30,35,39,50
2304,30/11/2021,10,13,30,33,37,41,2,6,10,12,46,48
2303,27/11/2021,7,18,24,31,42,43,5,23,26,27,36,42
2302,25/11/2021,1,4,5,24,30,48,8,9,16,23,26,46
2301,23/11/2021,13,18,23,26,37,40,2,37,38,43,47,49
2300,20/11/2021,2,7,20,29,30,40,7,9,23,27,28,38
2299,18/11/2021,1,10,22,29,44,47,8,9,16,24,26,37
2298,16/11/2021,8,17,30,31,40,48,3,19,20,23,33,47
2297,13/11/2021,9,16,17,18,21,28,5,7,11,30,40,49
2296,11/11/2021,4,22,29,30,32,41,2,15,27,31,37,47
2295,09/11/2021,9,13,35,36,46,49,3,9,25,32,41,48
2294,06/11/2021,5,8,34,40,44,48,19,23,27,41,48,49
2293,04/11/2021,2,7,30,31,32,50,8,14,25,45,47,50
2292,30/10/2021,3,17,33,37,38,47,10,11,18,20,36,42
2291,28/10/2021,3,12,23,25,33,49,7,10,23,28,32,44
2290,26/10/2021,5,22,24,27,36,38,1,2,6,12,17,41
2289,23/10/2021,4,12,19,23,34,35,9,17,20,27,45,50
2288,21/10/2021,8,11,25,34,44,47,6,14,24,41,42,46
2287,19/10/2021,7,25,30,35,38,41,5,14,23,42,44,50
2286,16/10/2021,8,19,21,24,30,37,6,12,13,23,32,34
2285,14/10/2021,16,21,22,24,28,45,10,12,31,38,43,44
2284,09/10/2021,4,21,26,30,36,47,18,26,27,34,46,50
2283,07/10/2021,8,12,30,34,44,49,5,8,15,21,44,50
2282,05/10/2021,7,10,11,20,22,36,7,13,24,25,26,29
2281,02/10/2021,20,25,36,46,48,49,25,31,35,39,40,41
2280,30/09/2021,2,10,13,15,18,49,4,7,14,17,36,49
2279,28/09/2021,1,20,21,22,28,42,7,13,21,22,29,46
2278,25/09/2021,9,14,18,28,30,32,4,15,17,34,38,47
2277,23/09/2021,3,22,29,40,42,48,10,11,14,18,38,47
2276,21/09/2021,7,10,14,31,40,46,24,29,37,41,46,49
2275,18/09/2021,5,21,28,33,37,42,16,24,33,37,40,46
2274,16/09/2021,13,17,18,30,36,37,7,8,15,22,32,42
2273,14/09/2021,9,12,14,23,38,44,5,8,19,22,37,50
2272,11/09/2021,14,15,28,33,44,46,3,4,7,9,31,46
2271,09/09/2021,9,10,15,21,33,40,3,18,19,25,27,38
2270,04/09/2021,1,9,23,32,36,47,3,6,14,28,30,31
2269,02/09/2021,5,25,28,29,36,44,4,5,20,46,48,49
2268,31/08/2021,15,17,23,29,31,34,3,23,29,32,36,47
2267,28/08/2021,3,6,9,21,39,48,1,9,14,18,19,21
2266,26/08/2021,5,32,34,38,44,46,8,15,25,26,39,40
2265,24/08/2021,14,22,37,41,45,50,3,12,25,44,46,48
2264,21/08/2021,16,30,31,45,46,47,8,25,27,39,41,45
2263,19/08/2021,6,7,8,22,26,30,1,5,14,19,32,34
2262,17/08/2021,9,18,23,27,31,33,1,2,14,36,37,40
2261,14/08/2021,4,23,25,26,33,46,11,22,32,37,41,48
2260,12/08/2021,18,22,25,29,32,34,14,21,26,27,43,49
2259,10/08/2021,2,9,14,34,35,49,16,29,45,46,49,50
2258,07/08/2021,3,10,21,27,30,48,5,11,13,17,45,46
2257,05/08/2021,11,16,35,40,44,45,3,4,12,32,37,49
2256,03/08/2021,10,17,21,24,30,48,9,22,25,37,41,50
2255,31/07/2021,9,17,36,43,47,49,9,15,19,26,40,41
2254,29/07/2021,12,23,24,27,38,46,18,20,22,23,28,41
2253,27/07/2021,5,8,26,27,30,43,6,17,20,24,30,47
2252,24/07/2021,4,6,15,19,21,50,4,11,16,28,39,49
2251,22/07/2021,10,35,40,42,43,50,4,11,12,20,35,48
2250,20/07/2021,16,22,29,30,32,33,15,18,30,39,42,50
2249,17/07/2021,10,15,16,18,38,44,1,2,9,11,23,30
2248,15/07/2021,31,34,39,44,47,50,7,17,19,30,34,48
2247,13/07/2021,5,7,27,35,36,47,7,18,31,35,36,50
2246,10/07/2021,7,12,16,27,43,47,9,10,17,28,44,47
2245,08/07/2021,9,11,13,38,40,48,2,8,10,14,37,41
2244,06/07/2021,3,5,9,24,26,48,12,23,25,42,46,47
2243,03/07/2021,20,25,37,41,46,50,2,6,19,23,27,35
2242,01/07/2021,19,21,27,33,38,40,3,13,16,25,41,48
2241,29/06/2021,7,14,18,21,22,50,2,5,25,26,30,48
2240,26/06/2021,2,9,10,26,27,50,15,19,31,33,34,44
2239,24/06/2021,7,10,17,24,35,37,2,7,23,24,36,37
2238,22/06/2021,4,19,20,22,41,50,18,27,33,46,47,49
2237,19/06/2021,6,9,19,36,47,50,5,8,18,36,38,43
2236,17/06/2021,4,11,15,26,31,39,27,28,31,35,43,47
2235,15/06/2021,8,15,20,26,33,41,1,14,19,27,29,36
2234,12/06/2021,1,9,24,35,36,38,7,12,16,19,32,48
2233,10/06/2021,1,7,15,28,38,49,7,16,22,23,31,36
2232,08/06/2021,11,19,20,23,44,46,12,13,23,32,46,48
2231,05/06/2021,2,5,10,23,29,36,3,5,39,43,44,50
2230,01/06/2021,2,7,11,23,27,32,9,10,20,33,46,49
2229,29/05/2021,1,18,26,28,32,39,1,12,20,40,43,50
2228,27/05/2021,5,13,20,24,26,47,2,18,25,33,39,46
2227,25/05/2021,4,6,10,34,39,45,2,10,11,12,18,23
2226,22/05/2021,5,16,27,38,39,50,8,13,18,30,32,37
2225,20/05/2021,1,10,12,15,38,48,1,3,7,12,17,23
2224,18/05/2021,8,17,19,30,32,44,6,9,17,29,31,43
2223,15/05/2021,26,28,36,37,41,43,1,19,28,39,41,49
2222,13/05/2021,5,13,28,32,43,47,4,20,28,29,32,36
2221,11/05/2021,11,30,31,35,37,50,6,10,31,35,38,39
2220,08/05/2021,3,8,20,35,43,44,6,9,13,25,35,44
2219,06/05/2021,4,11,22,23,27,41,1,11,22,34,40,48
2218,04/05/2021,2,14,34,36,40,44,12,17,19,20,26,36
2217,29/04/2021,13,24,26,36,39,44,3,24,25,32,34,40
2216,27/04/2021,8,10,33,35,40,46,4,25,30,37,40,42
2215,24/04/2021,12,14,19,24,41,50,17,22,23,26,45,46
2214,22/04/2021,17,19,26,29,30,36,13,25,27,29,35,36
2213,20/04/2021,7,12,29,37,41,45,29,30,31,36,44,48
2212,17/04/2021,14,31,33,42,47,50,6,7,11,14,27,35
2211,23/03/2021,2,21,30,39,40,49,2,3,11,23,26,31
2210,20/03/2021,1,10,26,30,35,43,1,31,39,42,43,46
2209,18/03/2021,4,11,23,26,43,49,13,22,25,32,44,49
2208,16/03/2021,2,3,14,16,27,47,1,4,14,32,37,42
2207,13/03/2021,1,4,15,17,46,48,15,18,25,28,33,44
2206,11/03/2021,5,9,13,29,34,35,6,10,31,41,45,47
2205,09/03/2021,8,23,30,32,43,48,5,15,20,23,37,46
2204,06/03/2021,12,22,34,46,47,49,21,24,34,35,39,48
2203,04/03/2021,5,11,32,39,45,50,23,25,30,33,42,46
2202,02/03/2021,3,19,24,25,31,36,4,10,12,23,45,48
2201,27/02/2021,15,16,22,28,41,42,3,10,18,24,33,43
2200,25/02/2021,1,13,23,39,43,45,3,17,18,20,22,31
2199,23/02/2021,3,6,16,19,38,49,3,10,25,28,37,38
2198,20/02/2021,5,6,19,42,45,47,14,18,22,38,46,49
2197,18/02/2021,5,10,30,33,38,44,1,5,7,16,29,49
2196,13/02/2021,4,15,24,28,38,44,11,13,28,35,44,49
2195,11/02/2021,3,9,14,27,28,34,12,17,28,39,40,50
2194,09/02/2021,10,11,18,34,42,44,8,18,20,23,40,44
2193,06/02/2021,17,19,21,24,26,44,2,9,29,37,40,46
2192,04/02/2021,1,2,12,32,39,41,1,21,35,38,46,50
2191,02/02/2021,17,23,24,31,35,44,25,31,33,34,43,46
2190,30/01/2021,12,20,26,33,38,46,13,14,17,32,36,44
2189,28/01/2021,7,9,20,21,28,49,15,27,30,33,46,50
2188,26/01/2021,6,12,17,18,22,31,3,21,24,29,30,32
2187,23/01/2021,8,24,28,29,38,43,3,18,20,26,34,39
2186,21/01/2021,5,10,11,17,21,32,5,9,10,13,14,26
2185,19/01/2021,23,24,29,31,39,40,3,7,9,18,22,41
2184,16/01/2021,2,4,5,24,36,43,6,8,14,17,21,40
2183,14/01/2021,26,31,35,36,38,49,2,8,10,12,48,49
2182,12/01/2021,15,21,38,46,47,49,1,3,20,25,29,40
2181,09/01/2021,15,28,38,40,46,49,3,5,6,21,23,26
2180,07/01/2021,15,27,32,41,44,49,7,12,33,34,37,43
2179,05/01/2021,4,5,15,21,24,27,15,19,21,26,38,39
2178,02/01/2021,5,26,35,38,47,48,4,6,11,13,25,28
2177,31/12/2020,1,2,21,25,43,46,9,14,32,36,37,50
2176,29/12/2020,5,9,18,44,48,49,9,12,15,17,24,29
2175,26/12/2020,4,9,16,17,20,41,5,10,19,23,38,40
2174,24/12/2020,18,20,22,30,49,50,17,34,38,41,42,43
2173,22/12/2020,4,11,13,22,43,50,2,16,23,27,43,48
2172,19/12/2020,1,5,6,17,43,48,4,6,10,12,14,17
2171,17/12/2020,17,18,27,31,40,46,2,8,19,23,33,44
2170,15/12/2020,4,10,13,21,27,37,5,8,21,35,47,48
2169,12/12/2020,8,9,10,11,16,25,2,4,17,26,33,45
2168,10/12/2020,11,12,19,21,36,47,13,31,32,34,39,45
2167,08/12/2020,2,16,23,27,29,39,9,10,19,22,29,41
2166,05/12/2020,11,14,18,29,38,45,8,13,21,27,39,43
2165,03/12/2020,8,16,24,27,29,43,2,4,26,34,44,46
2164,01/12/2020,6,15,22,24,37,39,10,11,20,26,38,47
2163,28/11/2020,11,14,27,31,34,39,4,15,26,35,40,41
2162,26/11/2020,7,10,24,26,37,47,8,26,33,37,42,46
2161,24/11/2020,7,13,14,18,26,40,1,10,15,29,34,44
2160,21/11/2020,2,3,13,15,19,41,5,7,13,30,35,50
2159,19/11/2020,3,4,6,8,15,25,2,10,15,19,25,41
2158,17/11/2020,9,12,18,30,44,47,10,15,22,27,30,49
2157,14/11/2020,5,7,16,21,34,46,3,8,18,41,44,46
2156,12/11/2020,4,9,19,21,30,45,4,16,25,26,37,48
2155,10/11/2020,17,18,25,27,49,50,3,10,17,26,31,43
2154,07/11/2020,2,9,31,32,35,37,1,9,12,18,33,38
2153,05/11/2020,4,8,14,22,34,42,8,18,21,29,32,47
2152,03/11/2020,8,15,36,43,46,50,2,17,30,33,38,40
2151,31/10/2020,21,28,32,41,46,48,8,10,15,35,38,39
2150,29/10/2020,18,20,32,34,40,43,11,13,14,24,33,42
2149,27/10/2020,6,8,22,25,37,47,12,13,34,35,36,41
2148,24/10/2020,22,24,30,32,37,39,6,9,28,29,40,47
2147,22/10/2020,3,9,14,33,37,47,5,6,10,23,33,35
2146,20/10/2020,1,10,22,32,41,44,1,2,13,27,30,31
2145,17/10/2020,9,11,14,20,22,34,9,25,32,40,44,50
2144,15/10/2020,5,14,33,36,37,48,1,13,20,21,29,32
2143,13/10/2020,22,23,33,37,43,48,15,20,36,39,42,49
2142,10/10/2020,9,11,12,26,30,46,5,7,32,35,42,49
2141,08/10/2020,11,20,24,35,36,44,11,25,27,37,40,45
2140,06/10/2020,6,10,16,26,27,44,4,5,10,44,47,50
2139,03/10/2020,7,8,13,21,39,50,16,27,34,40,43,48
2138,01/10/2020,1,6,8,22,24,31,6,25,26,35,46,50
2137,29/09/2020,15,29,30,32,45,48,6,19,20,21,38,50
2136,26/09/2020,5,18,19,37,47,49,1,5,7,11,15,48
2135,24/09/2020,5,12,17,22,29,46,3,12,25,33,34,42
2134,22/09/2020,1,20,28,29,37,50,3,5,21,41,49,50
2133,19/09/2020,6,7,13,21,33,47,3,6,16,17,20,40
2132,17/09/2020,5,7,24,32,33,50,2,14,21,24,31,38
2131,15/09/2020,9,34,41,42,45,46,3,8,16,36,48,50
2130,12/09/2020,4,13,25,30,40,44,8,12,15,16,26,48
2129,10/09/2020,10,13,15,22,24,32,10,16,17,20,22,38
2128,08/09/2020,1,6,8,13,43,45,6,12,13,21,27,47
2127,05/09/2020,1,8,14,24,32,44,11,13,17,27,34,44
2126,03/09/2020,9,11,32,36,41,44,1,3,11,35,37,38
2125,01/09/2020,5,7,21,25,30,42,6,9,25,26,42,44
2124,29/08/2020,4,26,27,41,42,46,21,30,40,45,48,49
2123,27/08/2020,5,9,26,28,43,45,9,11,26,35,42,48
2122,25/08/2020,3,20,23,24,35,39,14,15,43,48,49,50
2121,22/08/2020,5,6,20,22,31,50,1,9,19,37,38,44
2120,20/08/2020,5,6,8,23,36,37,9,10,12,44,48,49
2119,18/08/2020,7,15,16,25,31,40,7,15,27,28,30,40
2118,15/08/2020,5,7,16,39,41,49,20,25,32,33,35,46
2117,13/08/2020,9,11,12,28,31,48,15,19,21,24,34,39
2116,11/08/2020,30,33,35,41,42,45,12,14,18,21,24,49
2115,08/08/2020,10,19,35,37,39,47,6,9,20,33,35,39
2114,06/08/2020,1,5,20,39,41,44,1,16,17,23,34,38
2113,04/08/2020,16,24,28,37,41,45,22,23,27,29,31,45
2112,01/08/2020,4,17,19,26,30,41,10,13,20,23,45,46
2111,30/07/2020,2,7,13,22,27,48,4,17,30,34,35,36
2110,28/07/2020,9,15,22,25,32,42,3,41,43,46,47,50
2109,25/07/2020,6,9,15,18,25,32,4,15,36,41,45,48
2108,23/07/2020,1,19,22,26,37,49,18,22,33,38,39,42
2107,21/07/2020,15,16,31,39,41,45,26,32,35,37,45,49
2106,18/07/2020,2,13,14,22,46,50,8,26,27,32,34,44
2105,16/07/2020,6,10,19,36,39,47,7,8,12,20,36,50
2104,14/07/2020,4,24,34,35,49,50,1,26,27,32,48,50
2103,11/07/2020,3,19,30,34,39,50,1,5,13,17,33,38
2102,09/07/2020,7,14,22,29,33,46,3,9,11,29,40,44
2101,07/07/2020,5,7,18,32,43,44,2,5,6,14,19,35
2100,04/07/2020,2,5,7,10,30,45,16,29,30,35,45,48
2099,02/07/2020,4,9,21,22,40,43,17,19,34,41,42,47
2098,30/06/2020,11,26,28,30,36,44,1,6,14,23,26,30
2097,27/06/2020,13,20,25,37,49,50,4,8,22,25,42,44
2096,25/06/2020,6,11,12,23,30,31,10,11,18,21,24,39
2095,23/06/2020,8,11,20,40,44,48,6,8,15,36,44,45
2094,20/06/2020,20,28,33,38,45,49,9,19,23,36,38,46
2093,18/06/2020,8,9,17,19,31,46,14,19,22,28,29,32
2092,16/06/2020,4,6,13,24,30,36,4,21,22,27,33,47
2091,13/06/2020,18,22,24,32,35,47,7,24,31,34,43,47
2090,12/06/2020,16,28,35,41,42,43,13,16,30,32,43,50
2089,09/06/2020,18,19,22,33,34,36,3,15,17,22,41,48
2088,06/06/2020,8,14,35,36,38,48,8,23,38,39,46,48
2087,04/06/2020,7,8,34,40,41,45,1,2,5,10,13,14
2086,02/06/2020,9,21,28,32,33,34,12,15,18,29,34,42
2085,30/05/2020,5,21,28,35,36,39,3,4,16,19,36,44
2084,28/05/2020,1,16,17,21,30,47,6,15,18,21,32,36
2083,26/05/2020,5,12,16,31,44,46,11,13,19,27,47,49
2082,23/05/2020,2,21,25,31,43,47,9,14,22,35,36,45
2081,21/05/2020,18,26,33,37,41,47,9,23,30,31,38,46
2080,19/05/2020,11,18,38,44,45,48,4,13,20,26,44,46
2079,16/05/2020,11,16,28,30,37,38,6,14,15,39,42,45
2078,14/05/2020,7,10,12,23,25,36,15,19,31,33,39,49
2077,12/05/2020,2,3,10,12,21,40,3,13,21,24,28,32
2076,09/05/2020,6,9,15,28,36,43,2,13,16,22,26,50
2075,07/05/2020,6,18,20,36,44,45,5,11,19,37,43,46
2074,05/05/2020,10,14,19,22,29,45,9,15,30,39,47,48
2073,02/05/2020,13,24,34,36,42,47,3,7,13,25,27,40
2072,30/04/2020,5,6,10,25,27,46,2,6,16,30,38,40
2071,28/04/2020,6,12,25,30,36,49,9,14,20,24,31,48
2070,25/04/2020,4,11,32,35,36,50,4,16,17,22,43,50
2069,31/03/2020,12,13,15,23,30,44,5,6,10,15,37,50
2068,28/03/2020,7,9,12,37,44,46,21,33,34,35,44,47
2067,26/03/2020,6,9,26,27,31,48,35,36,42,46,47,50
2066,24/03/2020,3,6,21,33,34,49,11,23,29,36,37,38
2065,21/03/2020,4,8,10,13,17,21,8,9,15,21,24,37
2064,19/03/2020,5,10,11,22,36,37,18,27,34,37,46,49
2063,17/03/2020,11,17,25,41,42,47,6,22,25,37,38,49
2062,14/03/2020,1,16,28,32,46,49,8,10,18,35,39,43
2061,12/03/2020,7,17,18,28,32,44,16,20,28,30,43,46
2060,10/03/2020,7,12,20,37,44,46,2,17,20,37,48,50
2059,07/03/2020,10,27,29,45,46,49,8,30,38,41,46,47
2058,05/03/2020,10,24,30,35,40,47,8,12,14,26,33,44
2057,03/03/2020,3,4,15,27,33,46,4,8,12,30,34,46
2056,29/02/2020,12,23,25,32,34,38,10,13,22,39,48,50
2055,27/02/2020,7,12,21,30,36,38,3,5,24,36,44,49
2054,22/02/2020,6,18,30,33,38,45,6,17,20,27,39,45
2053,20/02/2020,3,5,13,23,31,40,10,17,18,31,41,47
2052,18/02/2020,8,12,41,46,49,50,1,6,7,15,17,26
2051,15/02/2020,5,8,10,26,36,42,1,11,20,26,36,46
2050,13/02/2020,1,5,22,35,36,40,7,17,28,31,43,48
2049,11/02/2020,2,21,24,25,26,48,4,6,20,28,30,47
2048,08/02/2020,1,17,26,40,41,47,6,7,9,21,28,38
2047,06/02/2020,3,6,8,19,46,50,1,4,29,36,38,49
2046,04/02/2020,13,16,17,24,27,31,6,8,9,14,19,42
2045,01/02/2020,1,14,16,34,35,40,22,31,40,44,48,49
2044,30/01/2020,3,6,8,14,19,27,9,15,30,43,47,50
2043,28/01/2020,10,15,19,34,42,43,4,5,27,32,46,47
2042,25/01/2020,6,12,15,24,25,30,3,5,8,16,23,30
2041,23/01/2020,23,26,28,44,45,46,5,7,27,35,41,43
2040,21/01/2020,9,11,13,21,29,44,10,15,16,30,31,46
2039,18/01/2020,3,5,15,39,42,49,4,21,22,25,29,45
2038,16/01/2020,19,20,30,35,38,41,2,7,15,18,20,32
2037,14/01/2020,7,11,17,21,24,45,3,6,24,33,38,40
2036,11/01/2020,37,38,40,42,47,49,1,7,25,35,36,43
2035,09/01/2020,5,10,12,14,28,47,8,25,28,34,35,46
2034,07/01/2020,2,12,13,23,25,43,2,24,25,31,32,39
2033,04/01/2020,13,17,18,22,37,43,23,27,42,45,47,49
2032,02/01/2020,6,11,25,32,42,47,14,15,20,27,40,45
2031,30/12/2019,17,33,36,38,47,49,1,15,22,23,34,43
2030,28/12/2019,1,4,11,25,34,48,4,14,24,35,44,47
2029,26/12/2019,2,14,18,31,34,49,7,11,32,41,44,48
2028,24/12/2019,7,21,31,34,35,36,10,11,12,24,32,44
2027,21/12/2019,7,9,36,41,46,47,11,14,20,30,39,44
2026,19/12/2019,1,5,8,22,23,46,8,16,35,36,47,49
2025,17/12/2019,1,11,16,26,39,40,2,7,30,31,37,47
2024,14/12/2019,9,13,15,25,37,40,11,25,27,45,46,50
2023,12/12/2019,10,15,19,31,44,46,10,12,14,36,40,45
2022,10/12/2019,2,9,10,14,16,30,1,14,16,22,26,40
2021,07/12/2019,7,15,19,20,29,34,3,10,22,34,36,39
2020,05/12/2019,1,4,8,21,26,27,2,3,26,27,39,45
2019,03/12/2019,8,19,29,39,40,41,3,8,30,33,37,42
2018,30/11/2019,3,14,19,33,49,50,11,12,14,45,47,48
2017,28/11/2019,5,18,41,43,44,46,1,18,26,33,43,49
2016,26/11/2019,14,17,22,29,30,43,1,20,22,26,40,48
2015,23/11/2019,19,33,41,43,47,50,1,9,28,31,37,48
2014,21/11/2019,10,17,21,32,43,46,3,8,18,23,45,47
2013,19/11/2019,6,22,24,28,39,41,12,15,18,24,36,50
2012,16/11/2019,9,10,18,32,43,46,8,20,25,38,44,49
2011,14/11/2019,22,23,26,28,30,35,1,4,33,36,38,49
2010,12/11/2019,13,22,34,40,41,48,3,8,12,20,26,48
2009,09/11/2019,3,5,29,30,37,45,5,14,21,25,34,41
2008,07/11/2019,5,9,13,24,31,40,16,25,27,35,37,42
2007,05/11/2019,3,33,35,36,42,45,1,7,25,39,41,44
2006,01/11/2019,9,27,30,35,40,41,7,21,33,34,38,39
2005,31/10/2019,11,15,17,28,30,36,5,25,28,31,35,40
2004,29/10/2019,1,6,19,31,36,50,16,17,20,22,30,46
2003,26/10/2019,3,9,22,35,37,42,7,26,36,43,47,48
2002,24/10/2019,1,4,16,21,46,48,10,21,38,43,46,50
2001,22/10/2019,4,12,17,18,37,38,3,15,19,24,29,38
2000,19/10/2019,2,10,25,28,38,43,5,10,14,17,33,41
1999,17/10/2019,4,5,12,25,41,44,3,16,22,31,40,48
1998,15/10/2019,6,13,17,19,39,44,19,22,26,29,31,33
1997,10/10/2019,4,7,14,21,24,27,4,12,13,22,41,45
1996,08/10/2019,2,12,25,29,38,48,5,18,20,26,31,35
1995,05/10/2019,8,14,24,27,40,45,3,9,18,32,34,50
1994,03/10/2019,4,11,28,30,47,50,1,2,26,32,40,43
1993,01/10/2019,5,6,11,24,36,41,4,15,25,27,35,45
1992,28/09/2019,17,18,22,29,31,40,4,9,16,19,29,43
1991,26/09/2019,11,16,28,42,43,47,3,10,14,20,31,46
1990,24/09/2019,19,21,27,34,35,37,3,20,36,42,44,47
1989,21/09/2019,3,10,13,15,26,45,5,12,19,33,41,43
1988,19/09/2019,3,20,30,33,38,43,2,8,10,30,32,50
1987,17/09/2019,4,7,15,20,32,50,13,34,38,40,41,43
1986,14/09/2019,4,12,22,32,38,46,9,24,37,38,43,46
1985,12/09/2019,8,27,36,41,46,48,5,9,12,13,17,19
1984,10/09/2019,7,18,39,40,41,44,3,8,9,22,28,47
1983,05/09/2019,5,6,15,31,38,40,4,16,32,43,47,49
1982,03/09/2019,26,36,44,48,49,50,2,10,17,20,38,45
1981,31/08/2019,3,5,15,31,41,48,10,12,13,25,44,47
1980,29/08/2019,4,10,18,22,37,46,1,8,13,21,45,48
1979,27/08/2019,7,28,30,37,45,49,10,12,19,34,42,45
1978,24/08/2019,6,20,23,24,27,39,1,26,31,34,41,44
1977,22/08/2019,14,23,26,30,43,49,21,29,30,34,36,45
1976,20/08/2019,3,13,15,41,45,46,6,9,23,28,36,44
1975,17/08/2019,1,4,12,14,33,50,1,10,17,27,33,47
1974,15/08/2019,1,6,10,21,39,45,7,12,14,26,36,45
1973,13/08/2019,2,5,12,16,38,41,7,12,21,34,39,41
1972,10/08/2019,2,6,11,14,27,41,25,27,38,45,47,48
1971,08/08/2019,9,15,17,19,28,42,13,15,16,17,29,42
1970,06/08/2019,10,19,31,35,39,50,15,22,24,38,41,49
1969,03/08/2019,3,8,14,21,32,35,2,9,16,26,32,44
1968,01/08/2019,4,7,24,25,30,31,3,21,34,36,39,50
1967,30/07/2019,2,5,14,32,40,42,6,7,23,31,41,46
1966,27/07/2019,6,29,30,33,34,47,1,2,10,29,36,40
1965,25/07/2019,3,8,28,29,43,50,1,3,10,13,24,37
1964,23/07/2019,2,3,19,39,46,50,22,25,29,34,35,49
1963,20/07/2019,7,10,18,21,30,31,11,18,29,30,34,46
1962,18/07/2019,7,12,17,23,31,46,1,13,32,33,40,44
1961,16/07/2019,16,17,26,27,28,33,1,4,6,10,11,12
1960,13/07/2019,25,29,32,34,38,49,8,21,38,43,45,49
1959,11/07/2019,2,3,12,29,31,39,6,12,20,22,43,46
1958,09/07/2019,6,24,30,40,44,49,2,14,32,40,44,46
1957,06/07/2019,4,16,17,23,33,48,1,22,25,37,38,41
1956,04/07/2019,2,11,19,26,45,49,3,8,19,24,43,49
1955,02/07/2019,1,7,14,15,41,48,7,12,22,23,36,40
1954,29/06/2019,9,10,14,39,41,49,1,4,17,34,41,50
1953,27/06/2019,22,26,33,39,40,48,10,20,27,33,34,37
1952,25/06/2019,19,28,30,32,34,35,2,15,25,33,40,50
1951,22/06/2019,5,9,32,37,41,49,10,19,26,33,35,46
1950,18/06/2019,1,4,12,26,35,47,1,12,14,18,40,50
1949,15/06/2019,7,14,15,36,42,48,12,13,21,27,47,49
1948,13/06/2019,6,26,35,39,40,46,12,17,24,26,38,45
1947,11/06/2019,9,23,30,31,36,40,17,21,28,29,42,47
1946,08/06/2019,3,20,26,40,42,46,4,7,35,38,41,45
1945,06/06/2019,6,12,14,15,27,41,1,9,13,20,22,23
1944,04/06/2019,7,20,21,23,26,29,25,27,32,33,46,49
1943,01/06/2019,6,8,22,25,38,48,4,13,20,31,35,42
1942,30/05/2019,2,6,16,31,37,46,8,17,19,24,35,48
1941,28/05/2019,3,8,10,19,23,38,6,20,31,34,42,46
1940,25/05/2019,3,28,30,31,32,44,7,10,14,23,36,41
1939,23/05/2019,4,10,37,43,44,50,14,15,25,26,43,44
1938,21/05/2019,12,15,27,33,44,47,16,20,25,32,39,48
1937,18/05/2019,9,10,11,38,41,49,8,18,21,27,35,47
1936,16/05/2019,5,8,16,22,44,50,23,33,38,39,40,47
1935,14/05/2019,11,13,16,23,24,39,12,18,24,30,39,50
1934,11/05/2019,7,10,21,38,42,45,9,12,22,24,40,46
1933,09/05/2019,12,15,16,21,26,35,5,31,38,41,46,48
1932,07/05/2019,7,8,16,35,48,49,12,15,18,38,43,44
1931,04/05/2019,3,5,17,37,39,50,4,18,20,32,39,47
1930,02/05/2019,1,15,19,25,39,48,7,19,26,28,29,50
1929,30/04/2019,16,21,31,36,43,46,5,9,14,16,20,25
1928,27/04/2019,12,16,33,41,47,48,9,10,15,29,44,47
1927,25/04/2019,18,35,40,43,44,50,2,10,11,32,40,43
1926,23/04/2019,6,8,26,35,39,44,5,20,24,27,36,44
1925,20/04/2019,8,17,19,29,44,46,2,4,5,19,35,41
1924,09/04/2019,18,22,26,30,34,41,2,6,17,25,30,44
1923,06/04/2019,4,7,29,35,39,47,7,8,18,25,30,45
1922,04/04/2019,22,24,33,36,42,45,9,10,21,23,42,46
1921,02/04/2019,17,18,27,29,35,42,5,6,9,24,31,43
1920,30/03/2019,10,16,17,21,36,49,13,19,21,28,30,41
1919,28/03/2019,3,4,6,9,11,15,7,13,17,29,32,48
1918,26/03/2019,10,18,19,25,26,36,6,7,13,26,33,50
1917,23/03/2019,3,28,31,32,40,47,16,17,23,27,28,45
1916,21/03/2019,6,9,19,20,39,47,7,14,15,16,37,49
1915,19/03/2019,5,20,21,41,43,50,13,14,35,39,46,47
1914,16/03/2019,3,7,8,26,27,41,20,27,29,30,31,47
1913,14/03/2019,1,16,17,37,43,46,25,27,35,40,47,50
1912,12/03/2019,3,11,14,18,26,49,14,17,19,28,47,50
1911,09/03/2019,3,7,24,40,42,50,6,9,17,42,45,48
1910,07/03/2019,16,18,24,27,39,40,22,32,37,39,41,50
1909,02/03/2019,2,3,17,39,46,49,6,7,9,10,24,47
1908,28/02/2019,7,18,29,30,44,49,5,9,13,36,38,48
1907,26/02/2019,2,17,20,25,27,36,7,21,22,37,39,46
1906,23/02/2019,6,7,13,31,36,38,1,16,28,33,38,46
1905,21/02/2019,18,22,23,24,33,39,12,15,28,38,42,48
1904,20/02/2019,20,21,26,29,42,44,6,8,13,35,40,48
1903,16/02/2019,6,16,20,25,27,40,3,11,20,28,34,35
1902,14/02/2019,7,16,20,27,36,41,2,9,29,31,33,48
1901,12/02/2019,8,11,14,22,24,38,5,10,12,25,26,46
1900,09/02/2019,10,11,13,20,41,46,16,22,43,44,46,50
1899,07/02/2019,2,4,18,26,33,38,3,12,22,23,31,38
1898,05/02/2019,4,19,21,24,36,37,17,20,30,34,39,43
1897,02/02/2019,4,12,29,31,34,38,3,19,34,44,46,49
1896,31/01/2019,13,33,37,42,45,46,4,20,25,28,38,48
1895,29/01/2019,20,29,31,32,34,48,15,25,32,34,35,39
1894,26/01/2019,10,12,21,31,38,45,8,18,22,29,30,34
1893,24/01/2019,4,6,10,13,34,40,2,17,18,30,32,48
1892,22/01/2019,5,22,30,35,36,41,20,25,30,32,34,35
1891,19/01/2019,1,8,14,24,41,42,2,8,16,19,24,30
1890,17/01/2019,6,12,17,31,43,45,2,4,10,16,24,30
1889,15/01/2019,1,2,17,24,33,49,7,8,14,33,36,48
1888,12/01/2019,8,14,28,29,31,43,1,5,19,35,38,50
1887,10/01/2019,7,10,17,27,42,45,4,14,21,40,41,48
1886,08/01/2019,8,25,26,35,42,47,13,15,20,23,38,43
1885,05/01/2019,8,12,19,31,32,50,7,21,22,32,35,38
1884,03/01/2019,10,11,18,27,40,44,1,12,22,32,35,48
1883,29/12/2018,3,7,13,22,35,37,2,5,16,43,46,50
1882,27/12/2018,10,16,19,38,39,44,13,14,16,20,27,45
1881,22/12/2018,4,34,37,38,39,47,22,23,27,41,44,45
1880,20/12/2018,4,5,16,30,31,34,1,21,30,37,40,48
1879,18/12/2018,5,9,13,21,29,41,8,12,15,36,40,41
1878,15/12/2018,3,18,20,23,32,35,7,26,32,41,47,48
1877,13/12/2018,3,4,7,15,31,48,8,18,20,27,36,50
1876,11/12/2018,21,23,29,33,35,41,8,22,23,30,42,50
1875,08/12/2018,9,15,20,24,29,49,3,9,11,21,25,47
1874,06/12/2018,8,18,33,40,41,45,4,8,13,20,24,33
1873,04/12/2018,4,11,12,28,39,50,15,17,22,28,49,50
1872,01/12/2018,12,26,28,32,47,49,2,11,23,29,30,36
1871,29/11/2018,6,15,26,28,35,47,3,13,15,21,31,49
1870,27/11/2018,2,5,19,21,25,33,1,13,22,28,31,47
1869,24/11/2018,9,12,28,37,39,49,10,14,22,26,35,37
1868,22/11/2018,5,7,14,33,35,44,3,8,9,15,39,40
1867,20/11/2018,1,14,18,36,45,49,5,18,19,23,32,34
1866,17/11/2018,1,10,14,20,22,30,5,6,10,13,14,49
1865,13/11/2018,21,27,43,46,48,50,7,13,25,31,35,45
1864,10/11/2018,8,11,13,20,25,35,2,6,14,21,26,48
1863,08/11/2018,2,3,10,16,18,47,3,6,18,23,24,36
1862,06/11/2018,1,5,14,15,30,41,3,7,13,19,29,36
1861,03/11/2018,12,14,18,30,31,39,9,10,13,15,16,28
1860,01/11/2018,8,14,32,33,39,47,2,12,15,17,24,35
1859,30/10/2018,15,36,38,42,43,50,2,5,16,27,33,37
1858,27/10/2018,4,11,14,22,26,46,11,14,23,45,47,50
1857,25/10/2018,14,17,23,38,44,50,6,15,21,23,26,39
1856,23/10/2018,11,15,32,37,41,42,10,11,16,23,30,49
1855,20/10/2018,5,19,22,40,42,50,7,12,23,26,27,28
1854,18/10/2018,8,9,16,39,43,46,10,15,18,28,36,49
1853,16/10/2018,9,18,19,31,36,42,11,19,29,30,43,49
1852,13/10/2018,10,14,16,20,28,34,3,6,7,13,14,48
1851,11/10/2018,5,7,11,15,19,21,6,9,22,23,25,30
1850,09/10/2018,8,9,22,33,38,44,1,26,29,31,33,43
1849,06/10/2018,2,3,6,39,42,44,2,27,28,31,33,47
1848,04/10/2018,2,6,18,28,31,32,6,7,12,21,37,49
1847,02/10/2018,6,9,10,18,34,48,2,6,11,21,25,32
1846,29/09/2018,14,17,28,37,39,46,4,27,39,42,48,50
1845,27/09/2018,19,22,26,32,36,42,11,15,24,26,27,28
1844,25/09/2018,17,23,30,34,43,47,1,7,24,30,38,45
1843,22/09/2018,5,7,9,34,35,37,2,5,9,13,21,50
1842,20/09/2018,2,10,15,17,30,33,15,21,27,34,35,37
1841,18/09/2018,3,6,7,20,33,37,6,7,8,13,30,47
1840,15/09/2018,12,18,22,31,37,49,3,4,21,28,42,46
1839,13/09/2018,6,15,29,36,42,48,9,10,23,30,38,40
1838,11/09/2018,14,19,22,28,34,44,3,18,32,36,41,44
1837,08/09/2018,6,15,19,26,30,33,11,17,21,33,38,39
1836,06/09/2018,2,9,12,27,33,42,5,12,18,38,41,49
1835,04/09/2018,6,7,13,24,27,45,2,12,18,19,32,50
1834,01/09/2018,3,8,12,22,33,50,2,16,21,23,24,37
1833,30/08/2018,1,3,26,42,48,49,7,10,13,18,40,42
1832,28/08/2018,6,17,24,25,44,49,1,2,23,30,32,33
1831,25/08/2018,13,20,23,35,36,45,3,13,19,24,36,37
1830,23/08/2018,5,8,20,27,49,50,16,33,36,38,44,48
1829,21/08/2018,17,27,30,35,40,42,3,4,7,39,43,46
1828,18/08/2018,1,17,18,21,30,32,15,20,34,36,37,38
1827,16/08/2018,2,18,22,39,45,50,7,8,11,14,31,32
1826,14/08/2018,12,22,29,31,33,39,3,10,20,33,41,46
1825,11/08/2018,27,30,32,36,43,48,2,5,6,9,28,47
1824,09/08/2018,7,14,25,26,33,39,1,17,30,34,39,40
1823,07/08/2018,3,19,27,32,36,46,10,11,18,21,39,48
1822,04/08/2018,13,23,32,44,46,48,15,25,26,37,39,46
1821,02/08/2018,8,12,14,24,32,50,2,15,17,28,29,40
1820,31/07/2018,25,29,33,38,39,47,21,24,25,32,45,48
1819,28/07/2018,2,12,14,28,41,48,5,16,32,33,38,39
1818,26/07/2018,17,19,21,37,42,43,3,4,16,25,30,48
1817,24/07/2018,3,18,33,34,37,38,5,9,10,24,30,33
1816,21/07/2018,5,10,19,22,38,42,1,5,24,28,34,37
1815,19/07/2018,1,4,7,13,19,29,1,9,11,24,35,48
1814,17/07/2018,2,8,16,20,29,45,4,12,18,22,23,42
1813,14/07/2018,3,14,18,23,43,46,5,9,12,27,34,43
1812,12/07/2018,4,6,24,35,46,49,13,23,26,29,37,40
1811,10/07/2018,1,3,16,24,28,42,13,17,20,34,41,42
1810,07/07/2018,1,5,23,25,36,39,2,15,25,36,37,44
1809,05/07/2018,5,6,24,28,34,41,4,21,22,30,40,48
1808,03/07/2018,5,19,27,28,37,49,25,31,39,41,46,47
1807,30/06/2018,3,7,16,17,23,32,1,7,9,22,33,39
1806,28/06/2018,13,19,25,29,35,45,4,14,16,37,38,44
1805,26/06/2018,1,23,25,31,36,44,1,5,13,23,35,49
1804,23/06/2018,13,19,25,30,42,48,13,15,21,43,44,47
1803,21/06/2018,1,4,18,19,21,25,13,22,23,27,28,49
1802,19/06/2018,2,3,8,11,23,47,7,8,12,16,26,37
1801,16/06/2018,15,18,24,36,42,44,18,27,28,33,34,37
1800,14/06/2018,1,17,20,29,46,50,6,17,19,25,29,31
1799,12/06/2018,6,13,34,44,45,46,5,6,16,23,38,41
1798,09/06/2018,5,9,13,16,27,34,10,11,13,23,25,32
1797,08/06/2018,5,8,9,24,44,48,3,5,8,30,31,36
1796,05/06/2018,6,8,28,31,39,46,8,12,16,21,41,49
1795,02/06/2018,11,13,20,28,29,50,5,17,23,24,35,48
1794,29/05/2018,2,6,33,40,43,46,6,13,21,23,43,50
1793,26/05/2018,3,13,18,24,29,31,1,3,5,7,25,46
1792,24/05/2018,10,19,21,22,25,31,1,3,9,11,36,50
1791,22/05/2018,6,18,27,36,41,46,3,5,19,27,28,40
1790,19/05/2018,2,7,12,16,26,46,9,11,19,35,41,48
1789,17/05/2018,6,14,15,16,38,40,2,8,22,24,26,41
1788,15/05/2018,1,9,19,23,28,42,8,18,21,34,44,47
1787,12/05/2018,5,9,13,38,41,44,6,15,16,30,35,36
1786,10/05/2018,21,35,38,43,48,49,19,27,28,34,36,47
1785,08/05/2018,18,19,34,36,38,43,4,14,19,22,25,36
1784,05/05/2018,5,22,23,33,39,41,29,31,33,34,38,48
1783,03/05/2018,1,13,23,29,30,47,6,10,20,39,40,45
1782,28/04/2018,5,10,14,17,24,35,6,7,23,30,31,32
1781,26/04/2018,1,3,5,9,41,43,14,18,32,33,35,43
1780,24/04/2018,16,28,36,37,42,45,11,13,18,19,24,46
1779,19/04/2018,5,7,18,29,32,37,3,6,19,38,42,48
1778,17/04/2018,11,19,31,33,36,41,3,15,21,29,44,48
1777,14/04/2018,6,8,23,24,28,49,4,6,21,35,36,47
1776,12/04/2018,5,12,31,35,39,42,1,6,7,17,35,48
1775,10/04/2018,3,4,6,8,26,41,8,13,37,43,45,47
1774,07/04/2018,8,15,16,32,37,41,11,15,16,20,28,38
1773,05/04/2018,2,10,13,27,29,36,16,18,41,44,45,49
1772,03/04/2018,9,16,17,20,30,50,3,7,8,14,15,38
1771,31/03/2018,3,13,26,27,39,42,10,14,18,19,35,39
1770,20/03/2018,33,34,38,39,49,50,12,18,21,28,43,48
1769,17/03/2018,2,10,12,30,32,50,9,12,13,23,28,34
1768,15/03/2018,11,12,14,27,31,44,2,12,25,27,31,40
1767,13/03/2018,4,13,17,21,25,34,2,5,15,16,32,42
1766,10/03/2018,14,29,31,35,37,42,8,10,24,37,42,45
1765,08/03/2018,5,18,20,27,36,37,14,15,16,31,40,47
1764,06/03/2018,3,4,13,30,36,47,9,16,20,40,47,50
1763,03/03/2018,15,16,18,24,37,40,17,20,26,34,39,47
1762,01/03/2018,5,6,17,18,45,49,3,7,18,21,29,32
1761,27/02/2018,9,14,32,33,46,47,3,14,17,23,42,43
1760,24/02/2018,11,14,35,40,41,47,21,29,34,40,46,49
1759,22/02/2018,12,16,26,34,43,45,12,13,22,27,29,30
1758,20/02/2018,14,22,28,42,45,49,1,8,16,22,30,39
1757,17/02/2018,13,17,22,23,24,42,12,13,16,23,45,49
1756,15/02/2018,13,15,22,36,47,50,8,13,28,30,36,48
1755,10/02/2018,10,23,25,26,39,46,7,13,20,30,38,48
1754,08/02/2018,2,16,32,39,43,45,13,22,32,41,46,47
1753,06/02/2018,3,5,13,24,26,40,5,8,23,33,41,45
1752,03/02/2018,7,17,19,22,26,49,11,13,21,22,24,41
1751,01/02/2018,2,6,15,34,45,50,12,23,33,34,43,45
1750,30/01/2018,14,18,20,28,31,38,2,8,30,42,43,49
1749,27/01/2018,1,16,25,26,35,39,4,6,13,24,38,45
1748,25/01/2018,4,11,16,40,43,46,21,25,26,44,47,49
1747,23/01/2018,17,18,22,29,34,48,2,8,22,25,35,46
1746,20/01/2018,3,8,31,32,42,47,14,16,25,35,38,44
1745,18/01/2018,2,20,27,34,38,41,7,27,28,43,44,50
1744,16/01/2018,4,8,35,38,46,48,11,18,22,25,30,46
1743,13/01/2018,4,11,18,19,20,25,3,4,24,29,37,39
1742,11/01/2018,3,11,26,32,33,49,11,23,24,33,38,47
1741,09/01/2018,18,34,35,39,44,48,2,8,13,23,25,33
1740,06/01/2018,4,5,17,32,42,50,9,10,13,34,38,41
1739,04/01/2018,10,11,13,31,32,50,24,28,33,37,49,50
1738,02/01/2018,1,9,11,20,30,39,5,6,15,20,29,42
1737,30/12/2017,2,16,25,26,30,40,8,12,16,30,35,41
1736,28/12/2017,9,17,20,24,26,29,3,16,23,31,33,38
1735,26/12/2017,14,15,21,26,36,42,8,9,28,30,32,44
1734,23/12/2017,13,14,22,23,34,40,11,12,14,20,37,50
1733,21/12/2017,2,3,6,11,28,34,22,25,26,28,43,50
1732,19/12/2017,2,5,9,24,25,38,11,13,27,31,33,35
1731,16/12/2017,6,10,13,14,38,50,9,26,27,28,29,30
1730,14/12/2017,4,13,29,36,42,48,3,16,20,30,42,46
1729,12/12/2017,3,6,9,15,23,29,16,21,23,24,31,46
1728,09/12/2017,2,4,15,31,37,45,6,8,16,25,40,46
1727,07/12/2017,8,20,24,32,33,39,21,24,30,31,34,40
1726,05/12/2017,6,7,22,25,27,48,6,10,16,17,21,29
1725,02/12/2017,2,14,23,26,32,43,4,21,29,36,38,42
1724,30/11/2017,5,6,13,24,35,44,7,16,23,31,32,38
1723,28/11/2017,7,20,24,25,32,40,24,28,31,37,43,45
1722,25/11/2017,6,9,16,24,31,44,6,18,23,31,34,50
1721,23/11/2017,20,23,35,39,44,47,5,6,16,19,47,49
1720,21/11/2017,9,14,18,23,38,41,9,25,27,44,45,50
1719,18/11/2017,6,21,23,26,40,41,9,12,14,31,36,37
1718,16/11/2017,14,29,35,37,46,47,13,19,22,24,30,32
1717,14/11/2017,3,14,15,23,30,37,1,2,9,10,43,45
1716,11/11/2017,1,6,13,18,33,36,10,29,30,36,42,48
1715,09/11/2017,9,10,17,31,41,46,2,7,18,27,37,43
1714,07/11/2017,1,18,23,27,36,45,4,7,30,32,33,41
1713,04/11/2017,1,13,24,36,44,50,19,25,35,36,37,46
1712,31/10/2017,6,12,17,19,20,26,7,10,20,33,38,48
1711,28/10/2017,8,16,28,40,49,50,2,10,11,13,30,33
1710,26/10/2017,6,12,14,31,34,36,12,14,15,18,28,42
1709,24/10/2017,5,9,10,15,18,44,4,8,19,26,30,40
1708,21/10/2017,5,14,18,22,26,50,1,2,6,15,33,48
1707,19/10/2017,5,11,38,39,47,50,2,7,17,20,21,47
1706,17/10/2017,27,37,38,41,43,48,4,10,26,29,38,45
1705,14/10/2017,4,14,23,35,46,47,22,33,37,38,46,49
1704,10/10/2017,7,12,20,26,28,42,2,8,14,24,27,33
1703,07/10/2017,3,13,23,43,44,46,15,22,28,29,45,47
1702,05/10/2017,8,9,26,31,42,48,19,20,31,35,36,48
1701,03/10/2017,8,29,30,40,43,48,16,19,27,34,39,48
1700,30/09/2017,5,7,8,22,24,39,17,18,25,30,33,47
1699,28/09/2017,1,6,11,20,28,39,12,13,15,36,37,38
1698,26/09/2017,9,17,22,38,43,48,10,21,23,28,36,41
1697,23/09/2017,4,9,18,20,30,35,2,11,17,19,24,36
1696,21/09/2017,11,14,19,28,46,50,15,42,43,45,46,50
1695,19/09/2017,17,30,38,39,41,49,2,10,26,36,38,45
1694,16/09/2017,1,9,10,20,41,44,8,12,15,20,31,32
1693,14/09/2017,1,3,5,7,33,50,30,31,34,38,43,50
1692,12/09/2017,15,32,37,41,42,46,3,17,22,34,39,48
1691,09/09/2017,5,16,26,27,29,50,14,16,27,34,44,46
1690,05/09/2017,4,26,37,38,41,43,8,11,23,40,47,49
1689,02/09/2017,19,21,34,36,43,50,4,8,10,30,36,40
1688,31/08/2017,10,31,32,38,41,48,1,15,21,25,30,46
1687,29/08/2017,1,2,17,30,36,45,1,7,12,13,20,42
1686,26/08/2017,8,11,13,15,22,40,3,6,10,16,27,50
1685,24/08/2017,3,24,26,27,29,48,10,12,13,14,36,37
1684,22/08/2017,14,23,28,36,44,46,1,5,26,30,32,33
1683,19/08/2017,4,8,31,33,36,40,3,11,14,15,17,39
1682,17/08/2017,3,5,15,28,44,46,5,6,19,20,32,42
1681,15/08/2017,9,17,39,42,44,45,8,9,12,27,30,35
1680,12/08/2017,2,20,21,23,44,45,1,2,6,10,35,49
1679,10/08/2017,5,8,32,35,43,49,13,30,33,44,45,48
1678,08/08/2017,1,11,26,39,41,45,10,11,25,29,31,46
1677,05/08/2017,7,25,28,32,33,46,2,18,22,24,28,45
1676,03/08/2017,5,39,41,43,44,46,7,9,22,39,42,45
1675,01/08/2017,6,8,18,19,32,39,3,16,28,41,42,47
1674,29/07/2017,7,13,18,25,31,49,3,9,16,24,30,36
1673,27/07/2017,3,9,26,30,38,50,7,18,22,24,30,47
1672,25/07/2017,3,14,17,23,24,25,3,5,13,29,35,43
1671,22/07/2017,7,23,25,31,33,36,16,20,26,33,38,47
1670,20/07/2017,16,20,23,32,35,38,6,9,13,21,34,36
1669,18/07/2017,2,22,25,33,45,50,11,13,17,23,31,45
1668,15/07/2017,8,10,14,40,45,50,12,20,28,38,39,44
1667,13/07/2017,3,13,22,24,35,36,2,17,36,39,44,48
1666,11/07/2017,10,22,36,40,47,48,9,31,33,40,43,50
1665,08/07/2017,1,4,18,24,25,32,14,18,24,29,40,48
1664,06/07/2017,13,18,22,40,46,49,21,33,34,36,44,48
1663,04/07/2017,2,7,13,14,18,30,7,13,22,25,29,37
1662,01/07/2017,2,4,19,25,31,49,3,41,42,43,44,48
1661,29/06/2017,1,3,25,31,46,49,19,21,29,35,38,48
1660,27/06/2017,10,20,26,30,33,35,6,11,18,35,37,42
1659,24/06/2017,14,42,43,45,48,49,3,9,21,30,32,45
1658,22/06/2017,9,16,17,21,23,46,1,9,12,15,34,35
1657,20/06/2017,12,24,26,32,43,46,4,6,12,31,37,39
1656,17/06/2017,7,20,24,29,42,47,4,5,18,25,40,50
1655,13/06/2017,4,23,43,45,47,49,2,10,14,30,33,37
1654,10/06/2017,10,11,14,16,19,31,2,5,9,21,37,39
1653,08/06/2017,13,16,20,22,35,41,14,21,32,38,41,50
1652,06/06/2017,5,26,31,32,47,49,14,26,29,32,37,38
1651,03/06/2017,32,35,42,46,49,50,10,25,28,37,42,49
1650,01/06/2017,8,10,19,21,25,48,1,5,13,30,40,50
1649,30/05/2017,13,16,18,28,34,49,3,10,12,31,35,40
1648,27/05/2017,3,4,14,21,38,39,1,5,14,25,49,50
1647,25/05/2017,9,23,38,39,42,49,7,10,14,20,29,49
1646,23/05/2017,7,18,21,39,41,48,7,10,32,41,44,50
1645,20/05/2017,2,26,27,28,32,50,3,10,11,12,22,43
1644,18/05/2017,4,6,31,39,47,49,20,37,44,45,46,50
1643,16/05/2017,1,21,22,43,47,50,3,4,9,19,21,26
1642,13/05/2017,12,18,19,23,29,40,6,19,27,30,35,40
1641,11/05/2017,3,30,32,34,36,42,1,5,15,28,30,43
1640,09/05/2017,10,12,15,24,25,48,3,9,23,32,34,50
1639,06/05/2017,8,9,16,26,37,50,13,28,32,33,37,38
1638,04/05/2017,3,11,19,27,28,44,6,8,9,11,43,48
1637,02/05/2017,1,16,19,32,42,46,3,13,16,28,49,50
1636,29/04/2017,11,12,20,27,36,46,8,14,17,23,30,36
1635,27/04/2017,5,12,14,41,43,45,3,4,11,36,39,40
1634,25/04/2017,14,23,28,35,40,49,16,17,20,26,39,47
1633,22/04/2017,9,13,15,18,30,38,2,14,24,31,35,50
1632,20/04/2017,16,21,22,39,41,49,11,16,23,31,38,43
1631,18/04/2017,3,16,24,37,40,45,5,12,19,21,36,43
1630,15/04/2017,5,8,23,26,33,43,6,23,25,38,41,45
1629,06/04/2017,5,25,34,46,48,49,6,7,17,28,35,39
1628,04/04/2017,2,5,9,17,36,43,11,20,21,34,39,43
1627,01/04/2017,3,25,32,38,39,50,7,11,14,15,26,49
1626,30/03/2017,8,12,14,20,41,45,4,8,25,30,39,49
1625,28/03/2017,2,4,21,33,39,50,2,14,22,37,41,50
1624,25/03/2017,2,5,19,21,33,38,3,14,22,23,27,38
1623,23/03/2017,19,23,30,37,48,49,6,21,30,32,41,42
1622,21/03/2017,4,7,9,12,30,40,13,30,34,36,37,42
1621,18/03/2017,8,18,26,35,39,41,3,7,13,18,21,35
1620,16/03/2017,2,11,19,25,35,44,7,21,28,29,31,50
1619,14/03/2017,6,9,11,18,31,45,4,7,24,31,36,39
1618,11/03/2017,5,16,21,25,44,48,4,6,12,25,26,50
1617,09/03/2017,2,4,9,14,34,41,13,14,20,33,35,39
1616,07/03/2017,1,6,10,26,28,29,9,14,19,23,41,45
1615,04/03/2017,3,6,9,12,14,17,2,11,17,18,26,42
1614,02/03/2017,4,6,10,41,45,50,7,26,34,35,42,50
1613,25/02/2017,15,17,21,39,41,44,22,27,30,32,35,44
1612,23/02/2017,15,16,20,26,40,50,25,29,32,36,38,45
1611,21/02/2017,6,18,23,42,46,47,3,14,16,30,36,48
1610,18/02/2017,8,11,12,27,41,50,2,3,8,26,30,32
1609,16/02/2017,9,24,29,39,46,49,8,24,29,31,41,48
1608,14/02/2017,8,14,28,34,36,41,6,11,12,32,33,35
1607,11/02/2017,3,6,15,19,26,30,6,9,13,14,16,30
1606,09/02/2017,14,18,25,31,45,47,16,21,22,26,27,40
1605,07/02/2017,13,15,34,36,45,50,5,8,11,22,49,50
1604,04/02/2017,20,21,24,35,41,47,6,23,28,33,34,43
1603,02/02/2017,5,7,22,30,36,40,6,15,21,28,36,43
1602,31/01/2017,25,31,33,35,48,49,2,21,25,28,34,41
1601,28/01/2017,1,9,10,11,12,29,8,10,15,18,26,30
1600,26/01/2017,11,15,20,25,29,31,6,7,33,36,39,42
1599,24/01/2017,6,7,25,28,41,46,16,21,23,38,41,46
1598,21/01/2017,1,16,32,38,40,44,16,21,30,38,42,43
1597,19/01/2017,2,17,18,27,29,32,5,19,35,38,43,46
1596,17/01/2017,3,5,11,25,26,42,13,18,21,39,49,50
1595,14/01/2017,11,18,20,28,33,46,2,6,7,26,36,45
1594,12/01/2017,1,2,8,23,26,49,5,9,16,20,29,30
1593,10/01/2017,12,14,16,25,27,40,7,8,22,23,43,50
1592,07/01/2017,19,22,36,41,45,47,4,11,14,25,42,49
1591,05/01/2017,8,26,27,36,49,50,2,25,28,34,40,43
1590,03/01/2017,12,18,29,31,42,49,6,15,17,19,47,48
1589,31/12/2016,3,13,16,18,32,49,5,7,14,16,33,36
1588,29/12/2016,10,12,17,40,45,49,2,10,16,22,37,46
1587,27/12/2016,10,13,16,19,42,47,1,10,18,32,37,46
1586,24/12/2016,7,10,14,25,30,44,5,17,25,27,40,45
1585,22/12/2016,8,12,13,19,20,45,5,29,31,35,45,50
1584,20/12/2016,2,5,12,26,33,38,22,29,34,36,44,47
1583,17/12/2016,2,10,14,27,43,49,25,30,36,37,42,45
1582,15/12/2016,19,24,34,36,39,47,11,13,22,24,31,40
1581,13/12/2016,14,17,30,32,33,50,1,14,18,22,31,47
1580,10/12/2016,6,19,28,33,47,48,12,14,23,28,32,36
1579,08/12/2016,3,15,17,33,42,47,23,25,26,28,38,40
1578,06/12/2016,4,16,25,26,27,47,3,5,7,9,28,36
1577,03/12/2016,2,15,16,31,37,40,14,22,40,42,44,48
1576,01/12/2016,5,6,7,8,9,20,20,24,30,39,41,43
1575,29/11/2016,2,6,21,45,49,50,3,26,27,32,36,50
1574,26/11/2016,4,8,10,14,42,43,13,16,19,23,25,40
1573,24/11/2016,6,19,25,38,44,49,5,13,20,24,31,36
1572,22/11/2016,12,14,18,37,41,49,2,8,16,22,23,27
1571,19/11/2016,8,12,25,37,43,49,14,18,25,30,34,47
1570,17/11/2016,11,14,17,34,37,40,9,22,38,42,44,46
1569,12/11/2016,1,14,21,37,41,49,1,26,29,31,36,47
1568,10/11/2016,7,9,27,39,44,49,6,9,14,22,25,47
1567,08/11/2016,5,17,25,35,45,46,11,12,19,22,23,37
1566,05/11/2016,1,2,29,36,46,48,3,18,25,28,35,40
1565,03/11/2016,11,19,35,39,40,46,2,6,22,35,39,44
1564,01/11/2016,5,10,18,25,27,28,20,21,23,27,28,49
1563,29/10/2016,10,34,42,45,47,48,9,21,27,36,49,50
1562,27/10/2016,1,2,11,24,30,45,5,11,15,18,44,47
1561,25/10/2016,3,26,37,43,47,49,19,22,23,28,38,41
1560,22/10/2016,10,14,24,29,31,43,3,9,15,18,34,43
1559,20/10/2016,14,16,17,18,32,40,5,7,11,24,28,35
1558,18/10/2016,19,23,29,32,40,45,15,23,26,32,38,43
1557,15/10/2016,4,10,25,27,41,50,2,6,20,27,39,49
1556,13/10/2016,20,24,29,33,45,50,11,26,29,36,45,50
1555,11/10/2016,7,19,32,35,37,40,4,8,25,26,39,40
1554,08/10/2016,11,26,38,46,48,49,2,3,5,8,9,17
1553,06/10/2016,7,22,29,30,37,43,21,24,31,32,37,40
1552,04/10/2016,3,10,16,23,25,35,6,8,15,21,37,47
1551,01/10/2016,2,18,19,25,30,48,2,20,22,26,38,39
1550,29/09/2016,2,17,18,20,26,44,4,7,16,17,28,46
1549,27/09/2016,3,6,17,25,40,42,10,13,26,30,36,48
1548,24/09/2016,10,11,17,29,44,47,3,14,22,24,35,42
1547,22/09/2016,4,10,16,33,44,45,10,12,24,25,27,50
1546,20/09/2016,11,13,22,36,49,50,13,30,37,43,44,47
1545,17/09/2016,3,4,21,28,32,46,1,3,4,7,12,13
1544,15/09/2016,6,23,26,33,48,50,6,10,13,16,26,36
1543,13/09/2016,17,21,23,42,44,45,1,3,8,17,25,38
1542,10/09/2016,3,4,35,43,47,49,18,30,32,39,44,45
1541,08/09/2016,3,21,22,28,30,36,16,18,37,45,46,49
1540,06/09/2016,4,12,19,20,30,41,3,5,11,19,32,33
1539,03/09/2016,2,9,11,18,30,33,1,9,35,43,45,49
1538,01/09/2016,13,15,36,39,46,48,2,31,34,38,39,43
1537,30/08/2016,4,7,16,19,21,37,3,7,26,41,45,47
1536,27/08/2016,3,8,27,28,39,50,1,3,40,42,48,50
1535,25/08/2016,12,15,29,39,40,48,20,21,26,29,39,42
1534,23/08/2016,7,10,24,26,31,36,6,13,21,25,29,50
1533,20/08/2016,2,4,14,33,34,46,4,6,7,17,44,46
1532,18/08/2016,15,16,18,22,24,38,5,12,13,14,16,28
1531,16/08/2016,3,9,13,42,47,48,2,3,21,36,44,50
1530,13/08/2016,23,24,32,35,41,48,4,7,9,18,23,37
1529,11/08/2016,12,21,28,33,43,44,2,5,9,14,27,29
1528,09/08/2016,13,16,23,30,33,34,3,4,5,11,22,31
1527,06/08/2016,9,10,15,18,27,33,5,30,31,45,46,47
1526,04/08/2016,3,5,7,15,25,43,6,8,12,15,28,39
1525,02/08/2016,6,15,17,31,33,47,1,11,21,23,43,49
1524,30/07/2016,2,7,21,34,35,49,7,13,20,29,31,41
1523,28/07/2016,4,6,12,20,35,37,6,9,19,20,35,38
1522,26/07/2016,12,18,25,33,38,42,1,4,5,23,25,40
1521,23/07/2016,3,19,20,33,39,42,2,18,37,38,42,49
1520,21/07/2016,2,5,9,44,46,50,4,12,23,30,39,46
1519,19/07/2016,2,3,17,33,42,49,9,14,20,24,28,41
1518,16/07/2016,5,10,20,24,25,27,2,24,28,29,33,48
1517,14/07/2016,16,24,27,35,48,50,9,11,17,21,30,35
1516,12/07/2016,1,24,26,30,39,49,4,14,18,19,34,43
1515,09/07/2016,17,26,32,33,40,46,6,7,16,18,49,50
1514,07/07/2016,11,21,34,41,43,46,11,16,32,40,42,49
1513,05/07/2016,5,25,31,37,39,41,7,8,14,35,37,44
1512,02/07/2016,17,22,25,26,32,42,2,21,28,38,43,44
1511,30/06/2016,13,16,25,28,29,34,1,34,35,36,43,45
1510,28/06/2016,5,16,18,26,41,50,9,23,32,33,42,47
1509,25/06/2016,3,9,11,15,21,28,5,9,12,13,35,47
1508,23/06/2016,12,19,31,33,39,49,4,10,15,33,37,44
1507,21/06/2016,3,14,30,31,41,45,9,17,28,29,40,42
1506,18/06/2016,2,4,5,13,28,47,16,17,37,44,45,47
1505,16/06/2016,3,10,25,26,27,42,3,5,13,22,42,43
1504,14/06/2016,1,18,20,27,38,47,2,9,10,11,12,25
1503,11/06/2016,1,6,13,23,24,30,1,24,35,38,41,44
1502,09/06/2016,2,7,8,12,19,50,6,11,24,30,42,47
1501,07/06/2016,2,9,15,16,18,38,1,8,14,15,36,39
1500,04/06/2016,12,14,22,33,36,50,18,20,29,32,41,49
1499,02/06/2016,24,26,29,34,37,45,2,17,20,31,41,49
1498,31/05/2016,5,13,19,25,26,44,5,15,18,19,41,49
1497,28/05/2016,3,4,12,30,32,42,23,26,29,35,41,47
1496,24/05/2016,1,3,8,13,41,49,1,6,9,14,17,25
1495,21/05/2016,5,6,40,41,43,47,6,9,15,26,33,41
1494,19/05/2016,3,26,31,34,47,50,20,22,29,40,46,48
1493,17/05/2016,1,5,22,35,39,45,2,12,25,29,36,50
1492,14/05/2016,4,12,16,18,36,45,18,28,30,34,35,50
1491,12/05/2016,14,20,22,31,43,48,1,20,38,40,44,46
1490,10/05/2016,3,5,32,33,39,48,2,21,25,26,28,38
1489,07/05/2016,11,18,22,27,30,32,2,35,40,44,45,46
1488,05/05/2016,16,18,23,25,29,47,6,11,35,37,39,42
1487,03/05/2016,12,17,22,23,38,40,9,11,12,18,39,44
1486,30/04/2016,22,24,30,36,44,48,8,12,13,17,29,31
1485,28/04/2016,8,18,19,20,36,46,12,19,28,32,40,46
1484,26/04/2016,4,5,11,20,34,36,3,17,18,21,34,49
1483,22/04/2016,7,11,29,34,43,49,5,9,22,24,36,44
1482,19/04/2016,2,11,24,27,32,38,2,12,15,30,40,50
1481,15/04/2016,8,24,33,39,40,42,4,18,19,28,35,46
1480,12/04/2016,4,19,20,26,41,49,2,8,10,12,25,41
1479,08/04/2016,2,20,22,31,33,35,7,11,40,44,48,50
1478,05/04/2016,1,12,13,19,32,34,5,8,27,31,32,36
1477,01/04/2016,12,19,23,28,40,46,1,22,24,27,36,43
1476,29/03/2016,4,12,19,25,33,39,6,7,15,23,26,30
1475,24/03/2016,14,30,38,39,49,50,3,26,29,36,43,45
1474,22/03/2016,3,9,22,28,38,47,12,22,24,36,39,48
1473,18/03/2016,8,9,19,24,30,39,15,26,28,30,41,44
1472,15/03/2016,4,8,15,30,43,46,7,8,26,32,36,50
1471,11/03/2016,2,3,19,22,24,43,7,11,16,22,30,46
1470,08/03/2016,8,18,26,38,44,49,1,15,28,35,39,45
1469,04/03/2016,5,7,17,23,33,35,13,14,16,32,35,39
1468,01/03/2016,2,11,14,18,19,41,1,8,17,31,33,41
1467,26/02/2016,7,10,15,32,36,37,7,11,14,16,26,46
1466,23/02/2016,22,34,35,36,45,50,18,23,26,27,34,48
1465,19/02/2016,10,25,27,37,43,48,17,19,28,31,34,36
1464,16/02/2016,22,24,38,41,42,48,10,18,22,31,37,38
1463,12/02/2016,11,22,25,29,33,49,3,19,33,38,46,47
1462,10/02/2016,3,8,24,26,46,47,12,35,38,39,42,48
1461,05/02/2016,8,10,12,13,33,42,1,15,18,19,21,24
1460,02/02/2016,12,21,25,36,49,50,4,15,22,27,36,46
1459,29/01/2016,14,20,24,30,35,44,4,8,15,25,41,45
1458,26/01/2016,1,14,16,17,29,35,6,30,35,40,47,50
1457,22/01/2016,13,15,29,31,42,45,5,9,12,16,41,46
1456,19/01/2016,23,25,26,37,47,49,6,9,22,32,46,49
1455,15/01/2016,14,18,20,23,36,44,4,17,27,31,40,48
1454,12/01/2016,3,17,26,41,42,44,7,9,16,33,42,50
1453,09/01/2016,8,14,20,23,26,45,34,35,36,39,41,43
1452,05/01/2016,1,8,21,24,41,42,16,23,24,26,46,48
1451,02/01/2016,3,11,21,27,29,41,2,7,19,27,29,40
1450,29/12/2015,7,24,34,36,46,47,4,6,16,17,38,46
1449,26/12/2015,2,3,9,22,42,45,10,20,24,38,46,49
1448,22/12/2015,10,16,23,43,44,50,1,7,15,18,29,32
1447,18/12/2015,2,4,14,34,37,40,2,6,11,22,36,37
1446,15/12/2015,4,11,30,34,35,47,11,24,32,36,45,46
1445,11/12/2015,20,21,30,37,38,49,5,9,13,18,36,46
1444,08/12/2015,12,20,35,39,40,42,9,14,16,34,37,49
1443,04/12/2015,3,12,15,17,18,41,4,5,16,20,24,45
1442,01/12/2015,2,7,9,20,25,34,6,12,21,22,26,45
1441,27/11/2015,2,4,11,22,24,45,11,22,24,29,46,50
1440,24/11/2015,2,3,6,12,16,37,12,23,31,42,48,49
1439,20/11/2015,2,3,4,9,30,31,2,14,17,19,32,36
1438,17/11/2015,2,5,26,27,30,46,8,13,19,21,23,38
1437,13/11/2015,3,18,24,41,43,44,2,14,28,32,36,41
1436,10/11/2015,5,7,20,29,45,49,3,13,19,26,42,48
1435,06/11/2015,1,7,33,36,42,46,6,7,24,36,43,50
1434,03/11/2015,7,15,24,30,32,39,6,8,22,26,29,36
1433,30/10/2015,5,6,23,30,33,41,11,12,30,32,45,50
1432,27/10/2015,9,23,27,36,40,46,4,20,26,30,32,39
1431,23/10/2015,7,10,17,20,30,42,7,14,16,17,22,25
1430,20/10/2015,2,7,8,12,22,32,14,15,18,30,34,45
1429,16/10/2015,1,8,22,26,31,44,9,15,20,25,35,40
1428,13/10/2015,11,19,24,28,31,38,1,14,21,27,28,45
1427,09/10/2015,13,24,27,33,36,48,3,4,25,32,37,42
1426,06/10/2015,1,8,11,21,24,26,23,25,32,33,34,47
1425,02/10/2015,2,12,27,34,35,47,22,31,33,42,45,46
1424,29/09/2015,14,15,23,28,39,49,3,6,17,21,27,36
1423,25/09/2015,12,13,21,23,28,43,2,10,17,39,47,49
1422,22/09/2015,18,24,31,32,36,45,4,11,26,31,33,43
1421,18/09/2015,3,29,36,39,41,47,1,11,12,19,39,48
1420,15/09/2015,1,10,22,36,40,45,22,27,33,40,49,50
1419,11/09/2015,15,17,20,24,31,46,4,25,28,31,32,38
1418,08/09/2015,14,31,32,33,37,39,14,21,23,27,32,46
1417,04/09/2015,2,4,20,26,29,48,3,9,11,18,36,47
1416,01/09/2015,3,16,30,38,43,50,8,19,22,30,34,42
1415,28/08/2015,13,15,28,35,36,41,6,7,21,25,28,29
1414,25/08/2015,2,25,29,34,37,45,6,9,13,19,25,30
1413,21/08/2015,3,12,27,36,43,50,4,6,12,42,45,48
1412,18/08/2015,3,6,22,24,29,33,2,10,15,25,32,49
1411,14/08/2015,4,14,19,34,38,48,1,9,21,29,33,44
1410,11/08/2015,4,16,17,34,36,46,11,21,24,27,30,49
1409,07/08/2015,12,14,17,18,25,43,6,24,25,30,32,48
1408,04/08/2015,2,5,14,22,29,42,9,15,27,30,40,50
1407,31/07/2015,17,34,35,40,46,48,13,18,33,40,41,50
1406,28/07/2015,12,13,16,23,37,42,2,22,28,41,42,48
1405,24/07/2015,10,14,26,28,45,46,13,21,26,32,36,39
1404,21/07/2015,8,27,28,34,40,48,3,4,11,13,23,35
1403,17/07/2015,6,8,25,27,30,36,14,17,20,22,27,47
1402,14/07/2015,1,2,19,23,36,41,1,16,31,34,47,48
1401,10/07/2015,8,21,25,34,44,47,12,24,29,31,38,46
1400,07/07/2015,2,8,11,27,37,45,7,8,11,33,36,38
1399,03/07/2015,1,31,33,34,42,49,4,12,18,24,41,47
1398,30/06/2015,6,17,20,41,43,48,8,12,23,31,42,50
1397,26/06/2015,2,3,6,25,30,44,13,16,17,39,42,45
1396,23/06/2015,3,21,26,27,31,46,10,12,18,40,42,44
1395,19/06/2015,15,22,27,29,42,47,5,13,19,25,43,47
1394,16/06/2015,4,13,30,32,40,47,13,19,25,26,49,50
1393,12/06/2015,3,8,11,19,29,35,5,17,23,29,43,49
1392,09/06/2015,1,6,11,15,24,40,9,18,30,31,32,36
1391,05/06/2015,23,25,27,34,38,49,7,21,22,26,30,40
1390,02/06/2015,10,15,17,35,39,47,1,10,17,29,40,42
1389,29/05/2015,2,14,15,36,37,46,8,14,17,18,33,37
1388,26/05/2015,7,14,19,32,44,45,9,19,21,24,35,45
1387,22/05/2015,7,18,23,27,39,42,2,11,20,34,35,39
1386,19/05/2015,1,13,18,25,28,38,5,12,16,27,35,44
1385,15/05/2015,2,27,28,36,46,47,2,7,13,14,16,21
1384,12/05/2015,21,23,35,41,45,50,6,12,20,34,41,44
1383,08/05/2015,15,19,21,31,36,42,1,3,24,31,35,42
1382,05/05/2015,6,15,34,37,40,49,3,5,19,20,21,23
1381,30/04/2015,1,2,12,25,39,42,7,24,29,33,42,47
1380,28/04/2015,1,9,13,28,30,31,17,27,29,30,36,46
1379,24/04/2015,8,10,30,39,46,49,3,22,23,34,45,46
1378,22/04/2015,4,13,14,24,28,36,20,23,28,39,49,50
1377,17/04/2015,6,15,21,27,38,48,3,19,23,29,33,41
1376,14/04/2015,1,5,19,29,39,49,1,5,16,34,35,43
1375,10/04/2015,2,3,12,34,44,47,1,8,12,20,35,49
1374,07/04/2015,4,13,26,32,45,49,1,3,9,10,36,50
1373,02/04/2015,5,15,40,42,47,50,6,13,26,33,39,46
1372,31/03/2015,23,33,35,41,46,48,2,5,6,15,24,25
1371,27/03/2015,15,21,23,31,32,35,10,11,16,18,21,35
1370,24/03/2015,15,28,38,43,45,49,5,18,21,29,40,43
1369,20/03/2015,15,23,26,30,33,39,4,14,16,20,23,30
1368,17/03/2015,10,13,17,39,43,48,30,33,37,43,45,47
1367,13/03/2015,7,28,39,44,45,49,15,21,30,31,33,47
1366,10/03/2015,7,14,20,21,39,41,10,28,35,41,44,46
1365,06/03/2015,2,10,19,41,45,47,1,2,28,29,33,43
1364,03/03/2015,3,31,37,40,43,49,4,14,21,30,45,50
1363,27/02/2015,2,3,20,44,45,50,2,3,12,25,44,46
1362,24/02/2015,2,8,23,39,42,46,7,11,18,33,39,42
1361,20/02/2015,14,15,19,25,44,47,3,8,10,18,32,37
1360,18/02/2015,14,19,21,27,44,49,12,15,17,23,34,35
1359,13/02/2015,1,5,7,11,21,42,15,18,27,35,36,47
1358,10/02/2015,5,9,21,33,43,47,20,31,35,40,46,49
1357,06/02/2015,6,15,20,30,35,50,5,12,21,28,33,34
1356,03/02/2015,4,16,21,45,46,47,16,33,34,36,43,46
1355,30/01/2015,4,10,22,24,32,38,10,16,31,38,41,44
1354,27/01/2015,12,22,25,30,41,44,7,30,31,37,42,45
1353,23/01/2015,4,8,11,25,29,30,2,9,16,20,21,35
1352,20/01/2015,1,7,8,29,33,50,6,7,15,22,27,43
1351,16/01/2015,2,11,20,31,35,44,2,14,28,36,38,48
1350,13/01/2015,2,30,35,39,42,48,21,24,25,27,35,48
1349,09/01/2015,9,16,18,24,33,42,17,19,34,37,48,49
1348,06/01/2015,21,23,30,32,33,35,6,9,10,11,21,22
1347,02/01/2015,11,31,38,46,49,50,5,14,19,31,38,39
1346,30/12/2014,1,21,25,29,42,49,3,4,9,19,23,42
1345,26/12/2014,4,14,15,31,33,49,15,24,31,32,37,41
1344,23/12/2014,7,19,23,24,37,39,3,5,27,29,31,46
1343,19/12/2014,3,9,12,14,47,48,10,26,31,33,34,49
1342,16/12/2014,5,7,16,24,27,50,2,10,34,40,42,45
1341,12/12/2014,14,26,32,35,39,50,2,13,14,29,38,45
1340,09/12/2014,21,24,26,33,34,36,5,18,23,26,27,37
1339,05/12/2014,2,4,13,16,31,39,4,7,10,16,30,44
1338,02/12/2014,1,7,9,39,42,45,4,11,19,21,22,23
1337,28/11/2014,4,17,20,21,29,48,15,22,33,38,43,49
1336,25/11/2014,12,18,24,28,30,41,7,10,15,18,28,50
1335,21/11/2014,2,10,20,27,40,48,5,20,22,34,45,46
1334,18/11/2014,16,24,29,39,44,46,7,15,21,22,29,46
1333,14/11/2014,6,12,15,25,36,47,2,6,9,15,17,50
1332,11/11/2014,5,19,22,28,37,45,8,18,33,39,40,42
1331,07/11/2014,1,12,28,31,36,38,5,7,23,28,39,44
1330,04/11/2014,10,12,13,32,38,50,10,11,23,30,47,50
1329,31/10/2014,1,10,13,24,36,50,3,5,14,27,34,38
1328,28/10/2014,3,5,16,36,45,46,8,18,42,44,46,49
1327,24/10/2014,19,24,30,33,41,50,8,14,35,41,44,47
1326,21/10/2014,7,9,15,20,26,33,3,9,11,18,22,40
1325,17/10/2014,4,6,9,25,39,45,5,10,12,16,42,48
1324,14/10/2014,9,10,15,23,26,33,22,27,31,33,37,38
1323,10/10/2014,4,5,9,28,29,41,12,34,35,42,44,48
1322,07/10/2014,2,31,41,42,47,50,16,21,24,29,43,46
1321,03/10/2014,6,10,32,39,43,47,11,21,25,26,27,29
1320,30/09/2014,6,23,24,35,41,43,4,11,13,29,47,50
1319,26/09/2014,5,11,21,24,42,45,8,16,21,27,30,34
1318,23/09/2014,3,9,18,38,46,47,8,27,35,38,46,50
1317,19/09/2014,3,12,14,29,42,49,20,21,22,29,42,46
1316,16/09/2014,2,14,29,35,49,50,4,9,13,26,28,35
1315,12/09/2014,3,4,8,13,40,45,2,6,9,18,28,29
1314,09/09/2014,13,16,24,25,41,49,8,25,29,36,39,47
1313,05/09/2014,4,17,19,25,29,42,2,3,12,23,25,27
1312,02/09/2014,6,33,43,46,48,50,6,19,21,24,38,45
1311,29/08/2014,1,4,15,31,38,42,15,20,23,33,36,39
1310,26/08/2014,2,3,19,25,29,33,4,7,11,25,27,44
1309,22/08/2014,7,9,14,20,26,40,4,14,20,25,31,44
1308,19/08/2014,6,10,18,24,30,32,11,15,30,36,41,42
1307,15/08/2014,4,22,35,36,40,48,9,22,28,34,44,45
1306,12/08/2014,2,11,13,19,39,49,16,17,19,24,31,46
1305,08/08/2014,9,23,28,31,32,41,6,9,19,28,38,45
1304,05/08/2014,7,27,38,41,42,49,1,5,12,16,31,33
1303,01/08/2014,2,12,15,22,30,43,11,22,29,35,36,48
1302,29/07/2014,7,13,15,27,48,49,4,9,12,13,48,50
1301,25/07/2014,1,8,10,14,27,45,2,20,26,27,30,35
1300,22/07/2014,9,12,19,20,29,32,7,9,21,36,41,45
1299,18/07/2014,3,11,33,37,42,49,1,11,13,32,35,48
1298,15/07/2014,8,11,20,26,27,44,10,16,20,23,32,48
1297,11/07/2014,6,10,13,21,34,45,19,25,27,28,44,47
1296,08/07/2014,5,16,20,31,37,43,3,12,18,33,36,47
1295,04/07/2014,1,4,11,23,37,45,13,15,29,32,35,36
1294,01/07/2014,8,10,19,22,36,43,2,6,14,18,46,49
1293,27/06/2014,9,14,17,24,37,46,5,16,20,27,41,49
1292,24/06/2014,6,7,8,14,27,35,3,6,15,20,45,49
1291,20/06/2014,15,16,22,38,42,44,3,20,32,44,46,50
1290,17/06/2014,2,22,25,26,34,40,16,24,31,32,35,41
1289,13/06/2014,14,27,28,31,37,39,11,27,31,36,41,45
1288,10/06/2014,3,4,20,29,40,41,12,14,27,32,34,36
1287,06/06/2014,5,24,25,33,43,45,1,4,6,10,47,49
1286,03/06/2014,20,27,28,36,38,50,15,28,29,35,41,46
1285,30/05/2014,5,17,24,31,36,40,12,18,31,37,40,45
1284,27/05/2014,4,18,23,26,29,50,6,7,14,17,30,38
1283,23/05/2014,14,17,26,34,41,45,1,17,19,27,33,39
1282,20/05/2014,11,18,20,31,39,45,4,11,12,15,27,47
1281,16/05/2014,19,26,34,35,40,46,2,13,38,42,45,50
1280,13/05/2014,22,25,34,37,41,46,1,2,4,14,29,40
1279,09/05/2014,22,24,31,38,40,45,8,25,28,35,46,47
1278,06/05/2014,4,8,13,31,38,45,9,12,32,33,40,50
1277,02/05/2014,14,31,35,40,45,49,3,13,23,31,36,41
1276,29/04/2014,14,17,27,32,42,45,17,29,35,36,43,45
1275,25/04/2014,1,15,39,42,44,47,4,7,33,38,39,42
1274,22/04/2014,12,18,19,43,44,47,1,2,10,17,25,43
1273,17/04/2014,13,19,25,34,44,46,14,16,17,19,28,33
1272,15/04/2014,1,2,17,27,29,30,2,14,17,18,21,27
1271,11/04/2014,1,3,30,33,39,49,8,16,21,26,40,46
1270,08/04/2014,4,5,11,13,16,20,14,17,20,26,30,32
1269,04/04/2014,3,12,14,19,28,33,3,8,11,33,39,41
1268,01/04/2014,4,6,10,12,20,27,5,6,9,12,20,34
1267,28/03/2014,9,12,15,36,49,50,2,7,18,19,39,42
1266,25/03/2014,7,14,22,25,42,43,22,24,25,26,36,39
1265,21/03/2014,3,28,32,34,43,44,6,12,26,38,40,43
1264,18/03/2014,8,15,29,34,43,48,8,14,18,20,23,40
1263,14/03/2014,3,4,11,35,48,50,13,24,31,35,41,43
1262,11/03/2014,3,9,19,34,39,40,5,14,31,40,42,50
1261,07/03/2014,4,16,17,26,43,47,16,19,23,27,32,42
1260,05/03/2014,8,18,23,26,28,44,2,6,13,24,27,42
1259,28/02/2014,5,13,15,44,45,50,9,10,20,35,38,50
1258,25/02/2014,5,8,10,23,31,43,8,11,18,26,33,48
1257,21/02/2014,12,18,27,31,36,42,16,23,30,43,45,49
1256,18/02/2014,15,20,25,38,42,43,8,11,18,28,40,47
1255,14/02/2014,4,7,14,27,32,41,5,6,12,29,36,47
1254,11/02/2014,5,10,13,20,23,32,3,6,12,13,39,50
1253,07/02/2014,2,13,21,23,34,39,9,16,34,38,42,45
1252,04/02/2014,2,11,18,41,43,48,2,5,18,30,32,37
1251,31/01/2014,3,17,32,35,36,46,6,7,8,20,24,31
1250,28/01/2014,7,18,28,38,42,46,5,6,10,21,26,46
1249,24/01/2014,14,18,23,34,43,49,11,20,26,31,42,48
1248,21/01/2014,12,15,28,34,46,50,1,11,12,24,26,41
1247,17/01/2014,1,17,19,25,30,38,1,4,18,23,43,48
1246,14/01/2014,11,22,26,31,46,48,21,29,30,37,38,45
1245,10/01/2014,3,4,23,29,45,50,2,7,18,28,30,42
1244,07/01/2014,10,11,16,19,39,40,2,17,19,22,41,50
1243,03/01/2014,8,17,22,24,40,43,18,29,35,36,43,47
1242,31/12/2013,3,17,25,40,43,44,2,17,27,29,46,49
1241,27/12/2013,11,24,25,27,38,47,6,9,16,17,18,36
1240,24/12/2013,4,15,23,41,46,48,2,6,29,35,39,41
1239,20/12/2013,1,7,12,20,31,40,14,28,38,40,44,45
1238,17/12/2013,16,18,21,39,43,50,1,18,33,34,40,49
1237,13/12/2013,4,6,12,23,31,37,5,33,36,38,42,46
1236,10/12/2013,12,16,17,20,28,34,4,20,23,30,48,50
1235,06/12/2013,19,24,25,27,37,41,10,15,19,22,34,48
1234,03/12/2013,1,4,5,18,28,48,5,8,13,20,28,38
1233,29/11/2013,4,16,20,28,31,37,1,2,18,37,39,47
1232,26/11/2013,6,7,24,30,36,45,7,18,22,23,33,47
1231,22/11/2013,6,11,21,27,35,50,1,17,20,30,31,37
1230,19/11/2013,8,15,23,29,33,45,7,12,16,24,25,28
1229,16/11/2013,7,8,11,16,41,43,17,25,27,29,30,38
1228,12/11/2013,14,18,30,42,49,50,13,32,41,45,48,49
1227,08/11/2013,2,10,26,27,32,39,4,29,33,36,45,48
1226,05/11/2013,1,4,19,25,33,41,10,11,12,13,27,34
1225,01/11/2013,5,11,18,21,40,48,1,11,35,42,47,49
1224,29/10/2013,2,11,14,20,35,36,7,22,24,25,42,45
1223,25/10/2013,12,16,22,28,39,43,26,30,32,35,40,45
1222,22/10/2013,7,9,14,16,20,36,10,22,26,29,36,41
1221,18/10/2013,13,16,41,42,45,48,1,4,9,18,20,34
1220,15/10/2013,4,6,33,39,40,48,17,22,25,39,40,50
1219,11/10/2013,14,16,21,29,36,46,5,7,16,23,42,50
1218,08/10/2013,9,28,33,44,45,50,6,15,33,35,39,44
1217,04/10/2013,21,29,38,40,41,42,4,9,13,19,25,43
1216,01/10/2013,8,20,34,35,38,40,3,4,21,24,30,37
1215,27/09/2013,3,5,21,23,34,39,8,14,24,29,38,42
1214,24/09/2013,1,5,8,11,13,30,2,19,21,25,40,42
1213,20/09/2013,7,9,23,24,30,46,9,18,20,26,43,45
1212,17/09/2013,4,15,29,32,45,47,14,25,28,37,43,49
1211,13/09/2013,9,12,19,21,30,38,5,7,14,23,35,36
1210,10/09/2013,7,11,16,20,40,44,18,23,35,38,39,44
1209,06/09/2013,5,8,28,33,43,46,9,24,30,34,47,50
1208,03/09/2013,2,7,12,20,33,40,11,20,23,24,36,37
1207,30/08/2013,14,24,37,38,42,43,7,11,22,42,45,49
1206,27/08/2013,3,10,15,18,30,39,4,12,19,37,40,50
1205,23/08/2013,8,13,14,15,17,47,3,7,21,24,28,44
1204,20/08/2013,23,28,29,32,38,45,11,29,30,33,44,46
1203,16/08/2013,6,17,27,29,41,42,1,5,14,22,43,47
1202,13/08/2013,2,9,18,25,28,40,2,4,17,43,45,49
1201,09/08/2013,39,42,43,44,45,46,7,15,24,35,39,41
1200,06/08/2013,2,9,31,41,42,44,19,20,30,36,39,44
1199,02/08/2013,6,16,18,37,38,42,6,7,16,36,40,42
1198,30/07/2013,16,18,27,33,40,47,7,12,15,20,35,44
1197,26/07/2013,1,8,12,30,36,44,1,14,21,26,36,48
1196,23/07/2013,2,10,29,39,44,48,23,24,29,32,41,46
1195,19/07/2013,10,14,15,16,36,41,1,12,17,22,24,28
1194,16/07/2013,3,4,8,29,38,43,13,16,19,32,38,45
1193,12/07/2013,11,14,22,37,45,50,8,20,22,24,33,45
1192,09/07/2013,10,16,23,24,45,46,1,8,21,30,33,49
1191,05/07/2013,7,11,13,15,45,46,13,32,37,38,43,45
1190,02/07/2013,3,16,27,39,45,49,2,13,23,26,41,48
1189,28/06/2013,15,20,31,35,42,49,2,27,39,42,43,47
1188,25/06/2013,13,21,25,30,33,36,6,10,32,36,41,42
1187,21/06/2013,12,13,30,33,38,43,16,19,21,25,31,40
1186,18/06/2013,15,19,26,35,39,45,3,6,25,38,44,45
1185,14/06/2013,19,23,27,28,31,36,1,22,25,45,46,49
1184,11/06/2013,3,6,7,13,23,42,7,11,19,20,38,49
1183,07/06/2013,3,12,17,25,27,35,10,17,18,23,27,31
1182,04/06/2013,1,11,20,35,46,47,1,6,18,24,31,42
1181,31/05/2013,10,13,22,23,34,44,7,9,17,26,33,36
1180,28/05/2013,4,6,11,21,40,46,8,15,31,44,45,46
1179,24/05/2013,20,22,26,41,44,48,10,13,14,15,26,32
1178,21/05/2013,11,17,25,33,39,46,3,6,10,15,22,34
1177,17/05/2013,7,8,16,21,32,34,3,5,32,38,45,50
1176,14/05/2013,14,17,26,39,47,50,1,19,23,29,36,39
1175,10/05/2013,5,6,19,22,28,35,2,9,12,20,31,37
1174,07/05/2013,4,9,10,26,42,47,3,9,10,28,39,45
1173,03/05/2013,1,11,21,26,35,44,4,10,24,36,44,49
1172,30/04/2013,13,16,25,40,41,46,3,5,7,14,22,49
1171,26/04/2013,19,22,26,32,43,44,2,5,20,22,44,47
1170,23/04/2013,3,14,19,29,39,43,4,16,22,26,39,40
1169,19/04/2013,18,20,26,28,37,50,4,13,14,41,42,45
1168,16/04/2013,4,26,27,31,37,41,10,18,20,33,34,47
1167,12/04/2013,5,16,19,25,26,43,22,27,28,30,31,34
1166,09/04/2013,3,9,35,38,41,44,3,5,9,35,41,48
1165,05/04/2013,3,4,13,30,38,41,11,14,15,23,28,36
1164,02/04/2013,6,7,8,10,11,32,4,8,20,28,35,39
1163,30/03/2013,19,20,24,37,43,49,5,8,16,33,46,48
1162,26/03/2013,4,15,17,25,42,44,6,14,21,27,36,45
1161,22/03/2013,11,14,16,27,32,44,13,16,25,30,35,49
1160,19/03/2013,5,8,13,14,41,49,11,18,37,38,42,48
1159,15/03/2013,4,18,19,28,40,42,9,28,29,30,45,50
1158,12/03/2013,4,17,45,46,48,50,7,19,21,36,45,46
1157,08/03/2013,17,22,24,44,49,50,19,23,37,40,43,49
1156,05/03/2013,10,11,23,25,28,33,2,10,25,29,32,35
1155,01/03/2013,9,15,19,26,44,47,9,15,18,20,33,37
1154,26/02/2013,10,11,28,31,41,47,1,9,22,24,37,49
1153,22/02/2013,8,25,28,34,36,43,19,25,28,32,48,49
1152,19/02/2013,1,11,13,21,32,33,2,3,13,28,38,49
1151,15/02/2013,9,10,13,18,21,44,4,22,28,35,41,47
1150,13/02/2013,2,3,10,24,30,37,1,3,7,10,32,36
1149,08/02/2013,5,13,17,30,33,45,1,3,18,23,37,48
1148,05/02/2013,3,11,18,23,33,35,10,12,15,22,25,39
1147,01/02/2013,7,20,22,29,39,42,1,12,19,21,35,39
1146,29/01/2013,2,10,18,25,35,40,2,5,11,36,48,49
1145,25/01/2013,4,12,16,24,35,39,2,8,10,11,30,39
1144,22/01/2013,1,5,21,35,46,47,11,27,34,40,47,49
1143,18/01/2013,23,32,45,46,47,49,5,8,19,22,27,37
1142,15/01/2013,14,24,26,33,45,49,8,19,20,25,32,50
1141,11/01/2013,15,19,22,25,28,37,11,27,31,34,39,44
1140,08/01/2013,5,10,16,20,37,38,2,3,17,20,27,32
1139,04/01/2013,20,21,22,26,33,50,5,8,10,11,16,30
1138,31/12/2012,4,5,14,23,32,41,4,6,17,20,21,37
1137,28/12/2012,6,14,24,34,43,49,12,14,24,31,34,40
1136,24/12/2012,20,21,24,27,33,43,5,12,15,38,43,46
1135,21/12/2012,8,9,12,17,23,40,3,21,25,26,32,37
1134,18/12/2012,4,7,13,36,41,49,1,3,5,12,28,33
1133,14/12/2012,8,28,35,42,44,50,10,32,34,41,48,49
1132,11/12/2012,27,31,36,38,46,49,1,14,22,35,42,44
1131,07/12/2012,1,5,19,22,24,35,3,8,11,22,36,39
1130,04/12/2012,10,15,26,37,38,47,6,9,12,19,24,43
1129,30/11/2012,6,15,18,23,39,47,1,10,12,25,26,36
1128,27/11/2012,6,9,10,31,42,43,1,8,30,36,45,46
1127,23/11/2012,8,12,17,22,37,48,10,13,17,19,30,46
1126,20/11/2012,11,16,27,29,47,50,19,24,34,39,46,50
1125,16/11/2012,9,17,22,31,35,47,7,13,22,33,35,40
1124,13/11/2012,8,18,28,29,44,49,5,12,18,19,23,40
1123,09/11/2012,5,6,20,34,40,45,16,18,26,33,34,37
1122,06/11/2012,6,13,22,26,34,41,13,20,21,26,42,48
1121,01/11/2012,3,17,19,24,34,38,4,5,13,20,28,50
1120,30/10/2012,14,16,28,31,39,47,12,16,26,28,34,43
1119,26/10/2012,2,3,7,9,13,19,8,11,13,30,31,35
1118,23/10/2012,1,20,21,25,27,38,8,11,21,24,32,35
1117,19/10/2012,7,20,34,43,45,46,17,22,30,31,41,49
1116,16/10/2012,2,14,27,35,37,48,8,12,18,23,33,42
1115,11/10/2012,6,11,17,18,39,50,7,14,21,22,35,40
1114,09/10/2012,9,24,30,35,45,48,2,14,21,33,36,37
1113,05/10/2012,1,22,24,31,34,39,6,8,18,29,47,48
1112,02/10/2012,10,16,22,40,45,49,7,11,26,32,39,42
1111,28/09/2012,1,3,18,26,42,46,6,14,16,35,44,49
1110,25/09/2012,3,7,10,13,46,48,5,16,23,24,39,49
1109,21/09/2012,13,15,18,19,27,31,7,13,19,24,34,36
1108,18/09/2012,20,22,33,35,40,46,9,18,25,30,37,45
1107,14/09/2012,2,6,16,31,43,45,15,16,19,31,47,50
1106,11/09/2012,4,8,9,37,42,45,7,19,27,30,40,50
1105,06/09/2012,5,17,24,26,34,46,18,22,31,39,47,49
1104,04/09/2012,10,13,25,31,36,45,8,14,17,34,36,48
1103,31/08/2012,2,18,20,28,35,42,2,13,40,41,43,44
1102,28/08/2012,1,17,30,33,34,37,11,17,27,34,36,39
1101,24/08/2012,12,17,30,31,36,45,6,13,23,25,31,46
1100,21/08/2012,10,15,21,23,39,40,22,23,30,36,37,41
1099,17/08/2012,15,20,25,40,46,48,4,7,30,31,41,46
1098,14/08/2012,8,10,26,29,32,43,2,23,31,32,39,47
1097,10/08/2012,7,14,18,41,42,43,10,11,26,35,42,48
1096,07/08/2012,5,31,35,39,44,48,6,8,17,33,37,50
1095,03/08/2012,9,22,23,43,49,50,10,11,17,20,28,34
1094,31/07/2012,5,15,21,26,43,50,4,8,26,27,43,50
1093,27/07/2012,25,32,37,40,44,50,5,15,23,24,38,41
1092,24/07/2012,4,10,22,23,33,40,2,12,25,40,41,50
1091,20/07/2012,1,7,27,35,40,48,7,9,17,18,21,38
1090,17/07/2012,3,9,15,28,29,38,9,10,17,27,29,31
1089,13/07/2012,23,27,28,30,41,42,6,31,33,38,42,45
1088,10/07/2012,12,13,28,41,42,47,9,12,16,18,42,50
1087,06/07/2012,1,4,16,25,36,42,3,8,9,14,15,43
1086,03/07/2012,5,15,24,27,33,47,2,8,33,36,37,44
1085,29/06/2012,16,19,32,34,38,39,2,5,19,32,33,45
1084,26/06/2012,16,26,32,39,49,50,2,12,20,29,36,38
1083,22/06/2012,5,9,13,32,37,38,9,10,11,19,21,39
1082,19/06/2012,15,18,23,31,39,49,27,28,30,35,37,45
1081,15/06/2012,6,7,11,26,37,48,2,4,10,19,21,24
1080,12/06/2012,26,27,37,40,47,48,5,10,13,29,30,39
1079,08/06/2012,9,10,12,15,17,39,5,6,13,30,43,47
1078,05/06/2012,15,18,19,28,39,41,24,25,33,35,49,50
1077,01/06/2012,3,14,19,21,25,31,8,9,10,13,30,39
1076,29/05/2012,1,10,18,28,41,45,19,28,31,38,42,46
1075,25/05/2012,4,5,14,15,23,35,4,11,13,30,33,48
1074,22/05/2012,7,16,23,37,38,40,1,21,37,38,42,47
1073,18/05/2012,3,18,21,29,32,48,4,22,29,43,46,49
1072,15/05/2012,14,17,20,21,31,32,11,18,20,34,40,46
1071,11/05/2012,6,12,14,21,31,44,10,15,20,22,37,38
1070,08/05/2012,1,7,12,20,28,39,7,17,19,21,38,47
1069,04/05/2012,9,17,18,28,37,49,3,13,17,30,34,48
1068,30/04/2012,2,6,11,18,43,46,9,17,18,19,29,32
1067,27/04/2012,4,8,15,36,37,50,18,21,22,31,36,49
1066,24/04/2012,5,25,29,31,35,50,27,28,33,37,44,49
1065,20/04/2012,3,14,27,35,36,47,5,8,14,18,21,46
1064,17/04/2012,6,7,16,21,32,44,2,8,14,18,27,34
1063,13/04/2012,8,11,15,16,38,43,4,6,21,26,28,44
1062,10/04/2012,2,5,24,25,26,38,1,11,21,34,35,43
1061,05/04/2012,2,8,17,18,24,37,4,9,18,27,35,49
1060,03/04/2012,7,32,34,35,37,47,3,4,9,32,38,44
1059,30/03/2012,7,27,37,40,45,49,14,26,29,34,42,43
1058,27/03/2012,9,25,36,37,38,44,5,14,22,23,46,47
1057,23/03/2012,2,4,5,7,8,25,5,13,26,27,34,41
1056,20/03/2012,8,9,22,26,30,43,14,24,26,32,42,50
1055,16/03/2012,1,15,23,34,40,45,3,6,11,32,46,47
1054,13/03/2012,4,9,20,22,33,42,1,5,7,13,15,22
1053,09/03/2012,5,10,12,22,25,40,4,9,10,11,19,42
1052,06/03/2012,13,14,24,36,39,47,2,3,24,32,45,48
1051,02/03/2012,1,3,15,29,36,50,3,9,20,23,26,42
1050,28/02/2012,1,6,15,30,32,46,1,20,36,42,43,47
1049,24/02/2012,2,14,33,44,46,49,8,22,29,33,38,41
1048,22/02/2012,11,21,22,30,40,43,13,14,30,31,33,41
1047,17/02/2012,3,28,31,37,42,49,8,17,18,30,36,47
1046,14/02/2012,9,15,17,18,37,42,17,21,24,35,38,48
1045,10/02/2012,1,8,13,19,38,47,7,21,28,40,45,49
1044,07/02/2012,1,10,12,18,35,45,2,4,15,40,46,49
1043,03/02/2012,4,15,20,23,25,46,6,9,19,41,44,45
1042,31/01/2012,4,14,21,32,41,45,10,11,26,33,35,49
1041,27/01/2012,5,9,12,14,28,36,16,27,31,32,33,37
1040,24/01/2012,1,2,8,12,14,22,16,18,20,22,40,42
1039,20/01/2012,3,7,8,10,13,23,2,14,16,19,41,45
1038,17/01/2012,10,15,18,22,38,48,10,20,21,34,44,50
1037,13/01/2012,6,18,21,26,27,48,5,15,20,22,26,31
1036,10/01/2012,4,20,24,27,31,32,11,18,21,26,36,41
1035,06/01/2012,9,15,20,29,31,45,23,24,31,39,40,44
1034,03/01/2012,4,10,16,20,25,35,6,22,26,33,38,45
1033,30/12/2011,19,20,22,24,28,45,12,13,17,21,42,44
1032,27/12/2011,6,8,11,21,45,48,16,33,37,39,40,47
1031,23/12/2011,2,3,26,35,42,43,4,9,26,28,30,44
1030,20/12/2011,7,15,16,25,32,38,17,20,28,31,37,38
1029,16/12/2011,16,19,22,25,30,45,3,4,26,28,39,42
1028,13/12/2011,7,9,13,17,25,47,3,11,20,23,34,40
1027,09/12/2011,1,8,11,13,16,43,4,19,27,30,35,39
1026,06/12/2011,4,12,29,31,34,43,8,12,15,39,48,49
1025,02/12/2011,8,12,28,30,39,42,2,21,29,31,38,45
1024,29/11/2011,12,14,20,31,39,50,2,7,11,13,18,41
1023,25/11/2011,14,15,18,39,44,49,16,27,39,40,47,50
1022,22/11/2011,4,11,25,32,33,35,2,9,21,39,46,48
1021,18/11/2011,1,3,10,18,44,50,10,11,21,35,37,42
1020,16/11/2011,16,19,27,29,31,38,2,3,27,38,43,44
1019,11/11/2011,9,10,27,38,39,46,19,33,34,40,42,46
1018,08/11/2011,1,10,12,35,40,41,6,12,18,20,35,48
1017,04/11/2011,5,14,25,34,45,47,14,17,32,33,44,46
1016,01/11/2011,1,4,10,12,15,46,7,12,24,25,46,47
1015,28/10/2011,6,7,14,25,31,33,1,2,4,36,38,46
1014,25/10/2011,6,7,21,37,44,50,8,9,14,22,24,31
1013,21/10/2011,7,18,28,36,42,45,15,21,25,38,39,45
1012,18/10/2011,8,24,31,38,42,47,5,19,27,28,35,47
1011,14/10/2011,9,10,18,32,39,47,3,5,6,8,41,47
1010,11/10/2011,4,7,23,37,38,42,11,18,34,40,41,42
1009,07/10/2011,7,16,19,28,35,36,7,11,13,22,35,43
1008,04/10/2011,27,28,32,46,48,50,10,14,17,21,24,25
1007,30/09/2011,24,26,28,29,32,43,5,11,19,25,33,43
1006,27/09/2011,19,24,32,36,48,49,4,30,31,34,45,48
1005,23/09/2011,12,23,29,33,40,49,4,19,32,35,41,45
1004,20/09/2011,5,19,31,37,45,46,5,10,41,42,46,47
1003,16/09/2011,6,18,19,30,37,48,18,19,27,33,35,43
1002,13/09/2011,12,19,29,35,40,43,1,4,5,12,17,31
1001,09/09/2011,23,26,29,34,39,46,2,12,21,35,42,43
1000,06/09/2011,7,9,18,42,45,46,3,13,31,32,36,39
999,02/09/2011,4,20,23,27,30,36,1,14,19,26,37,43
998,30/08/2011,2,5,11,13,18,40,1,3,4,8,35,40
997,26/08/2011,8,14,20,39,47,48,7,8,10,30,34,49
996,23/08/2011,14,21,30,31,33,36,9,20,28,31,34,41
995,19/08/2011,3,5,21,43,46,50,2,16,22,24,39,47
994,16/08/2011,1,4,20,28,39,44,2,15,18,35,43,49
993,12/08/2011,2,3,16,26,38,49,4,20,30,33,45,50
992,09/08/2011,11,14,22,25,36,39,14,15,18,26,28,46
991,05/08/2011,3,6,24,34,43,47,3,13,19,32,33,41
990,02/08/2011,7,12,33,36,49,50,4,5,22,29,43,48
989,29/07/2011,5,29,33,35,47,49,15,23,37,41,44,45
988,26/07/2011,6,12,23,29,31,32,10,17,26,33,34,46
987,22/07/2011,4,22,23,26,38,49,4,15,24,31,41,48
986,19/07/2011,4,7,12,16,34,41,12,21,33,36,39,47
985,15/07/2011,8,10,18,24,27,36,4,14,19,30,42,48
984,12/07/2011,1,11,14,22,41,50,5,14,16,18,21,26
983,08/07/2011,7,11,12,36,48,50,24,26,33,36,37,43
982,05/07/2011,5,10,23,25,33,38,16,21,34,39,48,49
981,01/07/2011,10,12,15,19,44,47,4,19,21,24,26,35
980,28/06/2011,1,4,12,17,28,44,2,8,11,37,39,42
979,24/06/2011,8,14,15,30,35,39,7,15,21,38,39,43
978,21/06/2011,2,11,16,22,32,37,10,14,15,18,28,30
977,17/06/2011,3,7,10,18,29,47,3,6,15,18,23,35
976,14/06/2011,4,5,10,16,30,47,2,21,24,32,45,50
975,10/06/2011,1,13,23,24,40,49,12,25,34,37,40,46
974,07/06/2011,2,3,21,23,37,48,8,17,24,40,46,49
973,03/06/2011,4,9,28,33,45,47,19,20,42,43,46,50
972,31/05/2011,4,11,19,34,45,47,3,8,17,26,27,49
971,27/05/2011,5,19,37,45,47,48,3,5,16,38,42,45
970,24/05/2011,9,13,14,22,30,34,5,18,26,33,36,42
969,20/05/2011,8,19,21,26,28,36,8,16,21,30,34,35
968,17/05/2011,13,14,19,23,43,46,6,17,26,32,45,47
967,13/05/2011,9,22,27,28,33,48,6,13,16,35,48,49
966,10/05/2011,3,19,21,43,47,48,10,12,13,15,30,38
965,06/05/2011,4,5,9,28,29,35,6,10,14,29,37,47
964,03/05/2011,2,12,14,34,37,47,3,12,18,27,34,49
963,29/04/2011,5,10,11,13,37,39,7,12,30,31,40,48
962,26/04/2011,2,6,13,24,40,50,2,12,24,31,35,44
961,23/04/2011,16,23,32,35,36,47,13,24,42,46,48,49
960,19/04/2011,2,10,11,19,36,41,3,14,22,23,36,50
959,15/04/2011,4,9,20,21,46,47,1,2,12,15,18,44
958,12/04/2011,2,8,17,31,32,40,2,9,12,16,21,30
957,08/04/2011,8,10,31,41,49,50,6,11,22,25,26,46
956,05/04/2011,25,27,32,34,35,42,17,19,34,39,41,49
955,01/04/2011,5,17,29,40,48,49,9,11,14,31,40,41
954,29/03/2011,16,19,23,42,47,49,22,26,32,34,44,46
953,25/03/2011,3,30,32,34,40,45,16,25,38,41,44,50
952,22/03/2011,22,23,33,36,39,49,3,11,13,35,36,50
951,18/03/2011,2,14,15,16,21,45,15,25,36,37,42,45
950,15/03/2011,2,7,12,19,39,47,3,15,16,28,30,45
949,11/03/2011,8,14,17,24,28,36,14,16,22,24,29,35
948,09/03/2011,6,10,11,26,28,31,5,15,21,34,39,46
947,04/03/2011,7,9,15,20,23,46,2,19,25,32,35,46
946,01/03/2011,12,18,26,31,32,46,17,27,34,36,46,48
945,25/02/2011,1,17,20,25,26,41,2,11,23,38,39,40
944,22/02/2011,6,9,20,25,30,45,7,18,21,42,43,47
943,18/02/2011,7,23,25,32,41,43,15,17,18,19,46,48
942,15/02/2011,2,15,20,29,39,47,2,4,8,22,37,46
941,11/02/2011,4,11,13,22,29,31,10,13,25,26,45,50
940,08/02/2011,9,10,14,17,40,41,4,8,17,24,26,37
939,04/02/2011,6,12,15,23,34,47,8,19,27,42,45,50
938,01/02/2011,10,13,20,31,37,47,3,7,14,27,39,41
937,28/01/2011,9,15,18,33,35,41,21,24,36,40,41,43
936,25/01/2011,16,23,25,43,49,50,10,14,16,41,46,47
935,21/01/2011,1,25,28,36,47,48,1,7,17,19,22,32
934,18/01/2011,3,6,23,35,45,50,2,5,24,32,36,40
933,14/01/2011,11,13,19,26,32,49,1,6,12,18,32,38
932,11/01/2011,2,15,17,26,39,40,1,3,9,29,39,42
931,07/01/2011,2,3,4,16,43,47,18,21,26,30,40,42
930,04/01/2011,9,11,34,37,39,49,1,2,13,20,33,45
929,31/12/2010,6,25,33,34,35,44,7,22,24,30,36,43
928,28/12/2010,4,5,9,16,22,46,4,19,36,40,45,47
927,24/12/2010,1,9,20,39,48,50,17,19,27,33,37,40
926,21/12/2010,1,6,19,32,35,44,11,12,22,29,32,46
925,17/12/2010,22,23,36,38,39,48,9,11,36,39,43,49
924,14/12/2010,1,4,21,38,41,44,12,15,18,29,32,33
923,10/12/2010,10,30,33,45,46,47,9,15,16,31,32,35
922,07/12/2010,3,12,20,34,39,44,3,12,23,29,42,46
921,03/12/2010,2,8,11,30,32,49,5,21,33,41,43,47
920,30/11/2010,10,12,22,29,30,40,3,4,23,30,38,43
919,26/11/2010,8,11,28,30,36,45,5,7,18,31,34,46
918,23/11/2010,1,19,21,24,26,42,21,23,34,37,42,43
917,19/11/2010,1,26,30,38,39,44,5,12,28,32,39,48
916,16/11/2010,6,14,36,38,39,48,2,4,16,27,28,39
915,12/11/2010,8,13,19,24,34,35,11,25,31,42,43,47
914,09/11/2010,1,2,26,41,45,47,3,4,13,30,40,48
913,05/11/2010,17,27,28,32,33,40,2,18,25,33,34,49
912,03/11/2010,3,14,28,29,40,42,8,12,34,39,40,50
911,29/10/2010,1,6,27,28,35,47,5,10,14,24,25,44
910,26/10/2010,8,15,16,19,30,50,27,28,35,42,43,47
909,22/10/2010,3,16,20,30,33,49,17,23,25,28,33,43
908,19/10/2010,14,27,36,37,44,45,1,8,17,21,29,46
907,15/10/2010,4,5,13,25,29,37,9,24,25,28,38,48
906,13/10/2010,15,17,18,29,30,40,1,12,16,18,23,48
905,08/10/2010,5,15,22,26,34,35,4,5,7,29,31,44
904,05/10/2010,3,14,29,36,44,47,11,20,24,29,35,39
903,01/10/2010,3,8,27,33,37,49,4,15,20,27,40,44
902,28/09/2010,3,6,7,19,33,40,23,35,37,39,45,47
901,24/09/2010,2,5,11,40,45,46,13,15,24,25,31,36
900,21/09/2010,9,17,27,35,38,40,10,21,28,29,41,46
899,17/09/2010,9,23,37,39,42,43,2,7,8,12,23,46
898,14/09/2010,7,37,42,43,44,46,5,15,18,29,32,36
897,10/09/2010,3,4,10,26,32,34,3,12,13,31,32,33
896,08/09/2010,4,28,29,35,43,45,1,9,17,27,38,47
895,03/09/2010,20,23,26,29,34,47,3,13,17,18,35,43
894,31/08/2010,1,6,37,45,47,50,9,12,23,41,43,48
893,27/08/2010,12,14,22,24,29,38,6,7,13,19,40,47
892,24/08/2010,5,8,19,36,42,43,16,29,32,36,47,48
891,20/08/2010,6,13,15,21,36,48,2,18,20,30,41,49
890,17/08/2010,3,5,18,19,33,49,18,27,28,33,40,45
889,13/08/2010,15,21,22,25,45,49,8,12,29,32,39,50
888,10/08/2010,7,9,11,28,40,41,12,13,27,28,39,40
887,06/08/2010,11,17,24,25,31,40,1,2,3,28,29,37
886,03/08/2010,8,11,21,27,29,35,8,11,15,34,42,49
885,30/07/2010,1,9,11,13,19,46,4,10,25,32,33,49
884,27/07/2010,9,14,23,27,43,47,16,21,23,31,37,43
883,23/07/2010,1,6,12,32,38,50,8,9,11,15,18,38
882,20/07/2010,12,14,19,21,31,45,1,10,12,18,24,35
881,16/07/2010,21,23,29,33,36,49,5,18,20,28,34,46
880,13/07/2010,6,18,19,27,33,42,7,22,33,46,47,48
879,09/07/2010,13,17,19,22,45,49,1,13,18,20,25,37
878,06/07/2010,1,28,30,36,43,48,10,13,35,40,47,49
877,02/07/2010,14,18,28,30,33,41,6,7,22,32,38,49
876,29/06/2010,2,15,19,24,44,47,15,17,23,37,40,41
875,25/06/2010,7,8,10,12,18,40,9,11,15,20,22,45
874,22/06/2010,4,7,19,20,38,42,5,7,11,19,24,37
873,18/06/2010,2,5,8,9,46,47,1,10,38,40,46,47
872,15/06/2010,18,29,31,33,34,36,20,31,32,40,45,48
871,11/06/2010,4,9,14,16,23,49,9,20,40,43,44,50
870,08/06/2010,4,8,10,22,35,37,4,7,10,13,18,24
869,04/06/2010,6,16,18,22,30,42,3,8,11,14,16,43
868,01/06/2010,6,15,18,30,31,34,7,11,35,37,45,47
867,28/05/2010,7,8,11,19,20,46,6,10,12,26,27,36
866,25/05/2010,4,9,23,37,40,47,3,7,33,34,42,44
865,21/05/2010,11,17,21,38,41,46,5,20,21,27,37,39
864,18/05/2010,4,16,24,28,32,46,5,6,10,18,21,46
863,14/05/2010,3,7,30,38,40,46,1,9,11,13,30,49
862,11/05/2010,4,6,10,30,37,50,6,10,12,31,35,36
861,07/05/2010,11,25,30,40,41,49,4,12,13,18,47,48
860,04/05/2010,1,3,9,24,34,41,6,11,20,42,43,44
859,30/04/2010,5,7,12,27,28,31,4,26,35,36,40,45
858,27/04/2010,3,4,8,11,34,48,1,18,21,29,35,43
857,23/04/2010,1,2,21,42,43,44,4,21,25,28,29,45
856,20/04/2010,3,21,22,28,32,39,4,7,18,25,28,33
855,16/04/2010,5,10,17,29,31,50,1,4,11,15,21,50
854,13/04/2010,4,11,12,25,30,47,14,17,19,31,37,39
853,09/04/2010,3,7,10,27,29,50,2,7,18,20,33,44
852,06/04/2010,6,14,24,36,48,50,1,5,8,16,31,50
851,03/04/2010,2,7,10,17,40,42,15,23,35,39,42,50
850,30/03/2010,10,19,21,25,45,50,14,20,21,22,34,45
849,26/03/2010,10,15,23,36,37,42,2,5,6,17,34,44
848,23/03/2010,4,20,21,27,43,49,17,34,36,43,44,48
847,19/03/2010,11,32,36,38,47,49,4,12,13,28,42,49
846,16/03/2010,1,11,24,44,45,48,18,24,36,39,44,48
845,12/03/2010,36,39,40,41,43,49,2,8,35,36,41,45
844,09/03/2010,2,4,5,24,26,40,4,25,30,38,40,47
843,05/03/2010,10,13,18,31,37,42,4,9,27,32,40,50
842,02/03/2010,10,17,26,37,49,50,4,6,7,27,46,47
841,26/02/2010,5,14,24,30,36,39,7,9,13,17,33,44
840,23/02/2010,2,6,7,24,48,50,3,5,13,21,34,47
839,19/02/2010,2,3,6,22,25,26,5,7,9,23,38,40
838,17/02/2010,10,28,30,31,41,50,12,16,22,24,33,40
837,12/02/2010,7,11,14,15,30,36,2,6,18,28,38,45
836,09/02/2010,6,13,20,21,33,45,4,19,27,39,41,47
835,05/02/2010,6,12,15,21,22,50,26,29,36,43,45,50
834,02/02/2010,11,21,30,37,40,43,7,10,20,22,42,43
833,29/01/2010,8,17,24,30,34,40,18,19,32,37,41,50
832,26/01/2010,10,23,27,33,46,49,8,25,30,32,35,45
831,22/01/2010,1,8,12,20,27,46,9,25,35,36,38,50
830,19/01/2010,1,7,21,28,29,49,4,8,18,35,39,42
829,15/01/2010,12,23,36,38,39,44,9,14,17,18,27,33
828,12/01/2009,5,9,20,24,32,39,11,19,26,42,46,50
827,09/01/2010,6,15,23,30,36,49,15,16,25,27,43,49
826,05/01/2010,2,18,29,39,44,50,5,10,24,36,43,47
825,02/01/2010,13,17,19,20,34,36,5,6,17,35,43,45
824,29/12/2009,6,10,12,30,36,41,3,11,34,41,43,44
823,26/12/2009,1,22,28,39,45,48,5,16,21,38,42,47
822,22/12/2009,12,14,20,25,32,40,2,10,17,19,32,34
821,18/12/2009,1,7,10,17,19,34,2,12,17,19,38,44
820,15/12/2009,1,4,11,35,42,44,7,18,21,25,27,39
819,11/12/2009,4,11,21,28,32,34,3,8,26,33,40,46
818,08/12/2009,29,39,41,44,45,50,5,14,28,31,46,50
817,04/12/2009,5,7,9,18,24,48,25,34,35,36,39,49
816,01/12/2009,31,36,40,43,45,50,5,12,13,15,33,49
815,27/11/2009,9,22,28,35,39,46,2,21,29,30,43,50
814,24/11/2009,2,24,29,38,49,50,4,6,7,16,35,43
813,20/11/2009,3,9,13,38,45,50,2,5,9,14,37,44
812,17/11/2009,9,22,26,27,40,48,7,9,10,15,45,48
811,13/11/2009,6,9,10,20,37,45,4,10,22,24,38,48
810,10/11/2009,18,30,32,34,42,45,2,26,40,45,46,49
809,06/11/2009,8,10,29,34,49,50,7,17,22,23,30,42
808,03/11/2009,8,9,12,15,27,50,5,8,16,29,36,47
807,30/10/2009,6,11,13,29,36,37,2,5,17,20,39,47
806,27/10/2009,8,11,16,20,30,33,5,8,9,12,36,49
805,23/10/2009,3,9,14,16,19,42,1,3,5,22,35,42
804,20/10/2009,16,22,23,35,38,44,2,9,19,32,33,43
803,16/10/2009,5,12,20,31,32,37,5,8,9,30,31,40
802,13/10/2009,6,10,35,37,44,48,3,5,17,18,31,48
801,09/10/2009,5,17,35,39,43,48,4,8,12,14,22,33
800,06/10/2009,5,7,30,37,39,40,7,22,25,38,47,50
799,02/10/2009,11,17,38,42,47,49,13,15,18,21,35,42
798,29/09/2009,2,22,25,29,45,49,1,20,37,39,41,47
797,25/09/2009,8,16,19,29,49,50,9,24,28,36,39,48
796,22/09/2009,1,11,29,36,37,49,4,8,17,35,37,45
795,18/09/2009,17,20,30,33,40,43,7,9,11,23,24,29
794,15/09/2009,6,11,18,35,38,47,10,16,34,45,46,48
793,11/09/2009,2,7,8,14,33,41,3,18,30,38,39,43
792,08/09/2009,5,8,18,35,42,50,15,18,20,29,30,47
791,04/09/2009,4,6,14,21,24,29,3,24,32,35,42,43
790,01/09/2009,12,14,24,31,39,49,23,28,35,40,46,49
789,28/08/2009,5,32,34,43,47,50,5,14,15,18,37,40
788,25/08/2009,13,21,25,32,37,46,4,7,20,24,41,43
787,21/08/2009,1,5,11,19,23,40,4,25,32,40,48,50
786,18/08/2009,4,14,19,32,44,50,1,2,8,10,16,39
785,14/08/2009,1,17,20,24,40,41,2,3,7,19,20,36
784,11/08/2009,8,18,23,28,38,45,1,5,30,37,43,45
783,07/08/2009,1,3,7,25,41,50,1,5,21,29,40,50
782,04/08/2009,11,22,32,34,37,47,6,29,35,37,43,44
781,31/07/2009,2,17,20,40,41,50,16,18,21,45,48,50
780,28/07/2009,21,24,29,33,39,50,20,29,34,35,36,42
779,24/07/2009,13,23,34,36,45,46,7,20,21,23,37,42
778,21/07/2009,6,14,29,32,34,38,8,13,16,24,26,37
777,17/07/2009,1,6,22,23,36,48,2,7,18,28,32,43
776,14/07/2009,4,36,37,39,40,49,1,4,16,29,36,40
775,10/07/2009,7,16,35,37,38,47,5,7,13,17,32,47
774,07/07/2009,5,7,12,25,45,48,7,8,19,25,30,45
773,03/07/2009,6,9,17,18,20,33,1,5,7,9,42,47
772,30/06/2009,4,13,21,30,32,42,1,9,19,24,25,40
771,26/06/2009,4,7,18,24,29,32,8,19,23,25,42,43
770,23/06/2009,1,20,24,33,34,50,4,17,18,41,43,49
769,19/06/2009,7,15,30,35,38,45,3,13,16,43,49,50
768,16/06/2009,1,2,5,6,21,25,5,14,17,29,39,48
767,12/06/2009,8,9,13,17,23,28,28,29,32,34,42,49
766,09/06/2009,9,17,38,39,41,50,2,3,6,30,45,50
765,05/06/2009,4,7,11,20,24,42,2,4,5,31,44,49
764,02/06/2009,4,25,32,41,46,50,19,21,27,31,35,47
763,29/05/2009,31,33,40,41,49,50,12,23,31,41,45,50
762,26/05/2009,11,12,28,34,35,45,13,22,23,45,49,50
761,22/05/2009,8,12,18,20,21,28,2,4,11,24,35,39
760,19/05/2009,9,15,21,25,36,48,5,7,27,32,33,45
759,15/05/2009,1,6,10,20,29,31,5,9,12,16,22,26
758,12/05/2009,4,11,19,24,34,45,9,11,20,31,35,41
757,08/05/2009,6,14,19,22,35,49,26,39,40,43,44,46
756,05/05/2009,10,13,14,29,32,33,15,34,36,37,43,50
755,02/05/2009,7,28,33,34,39,45,2,10,27,47,48,50
754,28/04/2009,10,28,35,38,40,41,13,16,19,45,48,50
753,24/04/2009,7,12,20,27,29,50,8,10,25,35,37,42
752,22/04/2009,3,6,11,20,25,36,8,24,31,37,41,45
751,17/04/2009,21,24,26,33,39,49,9,24,26,42,44,49
750,15/04/2009,10,17,31,35,40,44,1,9,14,22,46,47
749,07/04/2009,8,9,22,40,46,50,10,14,17,21,33,43
748,03/04/2009,6,14,21,40,42,46,3,9,23,29,32,50
747,31/03/2009,2,14,17,24,40,50,8,10,24,26,45,50
746,27/03/2009,5,21,22,28,42,45,1,8,17,37,44,47
745,24/03/2009,1,6,19,25,35,40,2,6,10,22,23,29
744,20/03/2009,17,20,22,23,34,50,2,6,18,30,37,40
743,17/03/2009,5,12,19,30,34,47,1,11,31,35,45,50
742,13/03/2009,11,16,18,25,47,50,4,21,25,37,40,45
741,10/03/2009,13,18,20,33,39,45,8,18,22,29,33,39
740,06/03/2009,7,20,22,42,45,50,5,14,26,29,36,44
739,03/03/2009,8,9,10,17,35,39,4,8,10,12,28,31
738,27/02/2009,3,6,7,13,21,35,20,21,31,37,41,50
737,20/02/2009,11,14,22,27,39,50,3,33,41,44,48,49
736,17/02/2009,18,20,23,40,41,47,2,15,17,25,29,42
735,13/02/2009,7,10,29,36,39,49,5,35,43,44,48,49
734,10/02/2009,4,8,15,19,21,49,1,8,11,24,31,45
733,06/02/2009,4,12,18,23,27,50,4,28,30,40,43,49
732,03/02/2009,13,32,33,40,44,50,1,19,27,37,47,50
731,30/01/2009,11,17,27,35,44,46,4,9,10,20,21,46
730,27/01/2009,3,4,31,33,44,48,2,17,30,31,43,46
729,23/01/2009,1,3,4,6,16,30,4,9,20,39,41,43
728,20/01/2009,1,2,6,12,42,44,2,11,18,25,27,39
727,16/01/2009,2,9,20,24,40,47,17,20,32,45,48,49
726,13/01/2009,17,24,39,42,44,45,10,12,25,36,49,50
725,09/01/2009,10,18,19,28,40,50,6,19,29,42,44,45
724,06/01/2009,3,6,9,14,26,44,20,21,25,27,38,39
723,02/01/2009,3,8,11,28,31,50,13,15,20,21,28,41
722,30/12/2008,6,24,25,27,32,39,4,5,23,30,33,50
721,26/12/2008,4,9,16,20,25,34,6,7,15,16,38,44
720,23/12/2008,5,8,13,18,33,36,3,6,8,23,39,46
719,19/12/2008,6,23,24,25,26,50,25,27,28,31,35,45
718,16/12/2008,2,27,30,43,46,47,13,23,27,29,43,44
717,12/12/2008,5,13,21,37,41,45,6,8,16,24,33,49
716,09/12/2008,11,14,18,19,31,32,1,14,21,33,39,50
715,05/12/2008,5,14,21,30,32,41,2,14,18,24,36,47
714,02/12/2008,1,20,28,34,40,45,1,6,36,37,42,48
713,28/11/2008,6,11,14,22,26,35,1,9,13,16,26,34
712,25/11/2008,11,13,21,30,36,39,3,6,11,17,39,44
711,21/11/2008,1,15,29,33,47,48,4,5,8,15,40,50
710,18/11/2008,3,18,25,32,36,40,5,16,25,30,32,45
709,14/11/2008,3,12,17,25,34,36,14,15,42,45,49,50
708,11/11/2008,16,20,25,27,33,34,2,8,9,11,19,44
707,07/11/2008,1,5,15,16,36,39,2,4,9,36,37,41
706,04/11/2008,3,6,7,17,34,44,2,3,11,19,29,42
705,31/10/2008,3,5,7,30,31,32,5,11,15,27,38,48
704,28/10/2008,3,8,30,45,49,50,7,8,28,41,42,44
703,24/10/2008,2,6,10,12,42,44,3,11,40,45,48,50
702,21/10/2008,7,16,18,29,31,44,4,9,10,13,24,36
701,17/10/2008,3,10,12,16,33,46,2,5,6,13,18,44
700,14/10/2008,5,18,24,39,41,47,1,3,27,31,36,47
699,10/10/2008,2,9,13,18,31,41,5,6,27,33,40,47
698,07/10/2008,2,7,15,27,46,49,6,11,17,19,22,40
697,03/10/2008,3,12,18,20,24,29,5,12,20,30,35,38
696,30/09/2008,3,9,20,26,37,43,5,17,20,44,49,50
695,26/09/2008,1,8,10,17,18,37,3,23,25,30,37,48
694,23/09/2008,1,9,15,27,28,29,6,19,22,36,39,50
693,19/09/2008,4,10,24,28,29,32,3,5,18,20,32,40
692,16/09/2008,2,8,30,31,37,40,13,14,27,29,30,35
691,12/09/2008,19,24,29,38,46,47,11,13,21,29,42,50
690,09/09/2008,8,26,34,35,44,50,9,16,17,23,37,41
689,05/09/2008,6,19,37,38,41,42,9,10,17,31,33,50
688,02/09/2008,3,12,22,32,33,48,1,3,6,11,25,32
687,29/08/2008,6,7,12,21,34,45,4,5,9,10,17,40
686,26/08/2008,5,16,21,27,38,46,1,2,7,12,16,26
685,22/08/2008,3,6,10,22,35,36,6,11,23,36,39,49
684,19/08/2008,2,6,12,20,38,48,11,19,29,34,40,50
683,15/08/2008,3,12,19,42,47,50,8,10,19,32,44,48
682,12/08/2008,27,28,33,36,41,50,7,11,13,22,36,48
681,08/08/2008,2,7,23,32,35,36,1,7,18,22,32,45
680,05/08/2008,1,19,34,36,39,45,10,30,32,37,40,50
679,01/08/2008,5,10,18,21,44,49,5,10,13,22,24,46
678,29/07/2008,1,4,26,28,36,46,2,4,7,18,30,42
677,25/07/2008,3,9,15,20,41,45,6,12,17,31,42,45
676,22/07/2008,17,33,34,39,43,45,7,22,23,34,37,49
675,18/07/2008,6,17,25,30,34,37,2,15,16,17,19,44
674,15/07/2008,5,7,21,34,39,45,2,3,8,35,36,49
673,11/07/2008,6,16,32,33,43,47,12,13,16,37,43,50
672,08/07/2008,10,15,19,32,39,41,9,21,29,35,39,42
671,04/07/2008,1,14,32,34,39,46,1,6,21,25,37,40
670,01/07/2008,7,10,29,32,43,44,1,9,12,16,19,23
669,27/06/2008,16,23,30,33,42,43,2,22,34,36,37,47
668,24/06/2008,1,7,19,26,28,35,6,13,35,41,44,50
667,20/06/2008,14,24,25,34,36,38,4,8,32,33,34,50
666,17/06/2008,4,10,13,28,29,47,2,13,31,36,38,45
665,13/06/2008,1,9,14,23,27,29,3,7,18,24,30,42
664,10/06/2008,1,2,23,27,38,42,6,9,17,33,34,37
663,06/06/2008,4,21,31,37,44,45,7,13,28,34,41,50
662,03/06/2008,2,14,27,28,33,48,6,27,38,46,47,49
661,30/05/2008,4,7,17,19,24,46,1,6,7,15,30,48
660,27/05/2008,3,13,25,33,41,47,2,3,4,22,28,43
659,23/05/2008,14,20,25,36,43,44,18,23,36,38,45,50
658,20/05/2008,15,28,30,32,47,50,9,13,25,39,43,48
657,16/05/2008,9,20,21,34,39,50,8,10,18,42,44,48
656,13/05/2008,6,15,28,34,43,47,12,17,22,24,32,45
655,09/05/2008,1,2,4,8,16,33,4,14,25,39,45,50
654,06/05/2008,8,11,12,25,37,44,7,23,34,35,44,47
653,02/05/2008,8,11,16,30,42,48,12,18,20,26,31,42
652,29/04/2008,4,17,26,33,42,48,5,23,26,31,36,42
651,25/04/2008,18,23,30,32,41,42,5,7,17,32,35,47
650,22/04/2008,7,12,16,20,40,43,9,17,23,37,38,44
649,18/04/2008,1,10,11,14,27,40,16,20,24,34,40,45
648,15/04/2008,5,6,10,14,24,48,2,25,37,39,46,49
647,11/04/2008,1,18,20,32,35,49,19,29,35,38,42,50
646,08/04/2008,2,10,30,31,46,47,2,22,29,32,34,43
645,04/04/2008,10,35,36,42,43,50,3,12,33,38,42,44
644,01/04/2008,4,11,13,23,35,49,20,22,24,30,44,48
643,28/03/2008,7,9,14,16,29,41,5,6,19,23,46,49
642,25/03/2008,3,7,10,13,36,38,15,25,27,32,37,45
641,18/03/2008,21,31,32,36,38,40,8,11,12,28,32,43
640,14/03/2008,3,13,15,18,19,30,22,23,28,42,44,46
639,11/03/2008,4,6,7,12,32,33,1,3,7,15,35,45
638,07/03/2008,7,29,35,44,45,50,9,10,21,22,30,46
637,04/03/2008,7,9,14,31,39,43,2,6,27,39,40,43
636,29/02/2008,10,26,30,32,37,43,18,39,41,42,45,47
635,26/02/2008,8,9,10,17,20,42,10,14,29,36,44,46
634,22/02/2008,29,31,33,42,47,48,8,22,32,38,39,49
633,19/02/2008,2,8,16,17,34,49,8,15,16,31,34,50
632,15/02/2008,5,7,9,21,38,40,5,17,20,22,31,45
631,12/02/2008,1,19,27,30,36,47,1,7,25,29,30,38
630,08/02/2008,1,4,16,19,27,42,4,10,25,32,35,37
629,01/02/2008,20,30,32,38,46,49,8,11,12,25,34,37
628,29/01/2008,1,2,14,24,27,32,6,25,31,36,41,48
627,25/01/2008,5,6,11,13,20,33,2,18,27,34,38,44
626,22/01/2008,4,8,14,15,19,45,5,11,19,21,42,44
625,18/01/2008,3,21,22,38,42,43,1,5,18,34,37,40
624,15/01/2008,6,24,30,33,37,41,10,19,20,38,49,50
623,11/01/2008,10,13,26,33,45,46,16,18,26,27,41,43
622,08/01/2008,8,14,27,32,37,45,1,4,22,26,43,45
621,04/01/2008,7,10,15,16,17,36,5,10,14,28,29,48
620,28/12/2007,16,22,23,46,49,50,1,3,9,28,35,42
619,21/12/2007,26,27,28,34,36,50,1,26,31,34,44,45
618,18/12/2007,9,13,16,28,32,42,9,10,31,45,47,50
617,14/12/2007,4,12,16,27,32,41,3,10,23,26,38,48
616,11/12/2007,7,16,23,33,46,48,1,27,28,32,34,39
615,07/12/2007,3,15,23,25,41,48,6,7,25,34,36,50
614,04/12/2007,6,20,36,40,49,50,8,24,33,35,37,40
613,30/11/2007,13,17,25,31,44,47,5,20,25,39,40,46
612,27/11/2007,14,21,22,26,34,38,3,13,16,22,28,45
611,23/11/2007,2,4,14,26,30,42,12,13,22,25,31,42
610,21/11/2007,2,7,23,36,38,46,6,8,15,17,30,50
609,16/11/2007,6,12,16,19,39,44,11,20,24,31,48,50
608,13/11/2007,18,27,35,40,45,47,16,19,29,35,45,47
607,09/11/2007,6,11,16,20,46,47,5,8,10,21,24,41
606,06/11/2007,10,17,19,24,29,46,8,29,34,35,37,47
605,03/11/2007,1,20,28,30,42,48,2,4,6,33,36,47
604,30/10/2007,2,6,9,13,26,48,16,18,31,34,42,50
603,26/10/2007,7,12,17,29,39,43,6,27,38,40,43,46
602,23/10/2007,11,16,19,28,35,48,10,31,36,38,39,42
601,19/10/2007,8,13,17,18,39,46,19,22,27,29,38,47
600,16/10/2007,26,27,34,38,43,44,5,29,41,42,44,45
599,13/10/2007,2,5,9,24,25,36,2,4,15,30,40,46
598,09/10/2007,4,8,9,10,17,46,2,4,11,25,33,44
597,05/10/2007,3,5,20,25,39,47,17,22,35,37,42,46
596,02/10/2007,14,17,26,37,39,46,3,7,13,20,28,32
595,28/09/2007,4,7,22,33,35,47,11,27,29,34,38,49
594,25/09/2007,1,11,32,47,48,50,14,19,21,35,41,49
593,21/09/2007,9,16,17,26,33,46,2,26,33,34,37,43
592,18/09/2007,11,16,20,22,25,33,11,26,29,33,39,43
591,14/09/2007,4,6,21,30,33,35,1,5,8,36,40,46
590,11/09/2007,7,9,14,31,33,39,1,3,31,32,35,44
589,08/09/2007,5,8,25,35,41,46,2,4,25,26,28,38
588,04/09/2007,12,13,33,38,40,44,12,19,24,35,36,43
587,31/08/2007,3,10,15,19,21,49,3,7,13,38,42,45
586,28/08/2007,10,15,16,21,34,39,6,17,23,44,46,49
585,24/08/2007,2,3,7,25,44,49,8,10,11,19,21,38
584,21/08/2007,12,23,32,38,46,50,1,3,12,15,31,38
583,17/08/2007,3,8,13,14,32,36,7,14,34,41,44,49
582,14/08/2007,8,20,24,41,43,49,6,24,28,31,32,33
581,10/08/2007,2,6,19,26,39,49,4,6,9,22,24,39
580,07/08/2007,8,21,23,29,43,46,6,16,22,39,43,50
579,03/08/2007,16,17,21,29,31,35,4,5,19,21,26,30
578,31/07/2007,3,5,27,28,32,48,18,23,24,31,33,48
577,27/07/2007,4,12,14,25,45,47,11,14,28,41,44,46
576,24/07/2007,4,7,17,24,26,39,3,17,31,36,39,45
575,20/07/2007,14,22,42,46,48,49,13,15,16,20,27,43
574,17/07/2007,15,26,30,34,46,49,14,18,25,34,37,46
573,13/07/2007,3,10,34,35,49,50,3,7,17,18,22,45
572,10/07/2007,1,2,15,33,35,37,17,25,32,33,38,48
571,06/07/2007,1,15,21,33,47,48,20,22,26,33,42,49
570,03/07/2007,16,31,37,38,39,42,9,25,29,34,49,50
569,29/06/2007,1,10,19,20,26,30,20,30,40,44,46,50
568,26/06/2007,9,11,27,34,40,48,3,8,21,37,40,42
567,22/06/2007,11,12,13,22,45,49,12,21,22,32,35,38
566,19/06/2007,2,4,11,26,27,44,15,16,30,31,32,35
565,15/06/2007,11,15,21,27,43,49,7,26,28,39,40,42
564,12/06/2007,2,25,36,41,45,47,6,14,16,23,27,41
563,08/06/2007,4,22,34,39,40,47,8,28,32,33,35,36
562,05/06/2007,10,13,18,31,32,37,8,19,20,28,32,44
561,01/06/2007,8,11,17,18,20,21,3,5,9,23,24,45
560,29/05/2007,2,7,15,23,29,37,3,7,11,12,19,38
559,25/05/2007,9,11,20,28,30,33,13,31,36,37,46,48
558,22/05/2007,2,10,20,29,31,34,6,10,36,37,39,43
557,18/05/2007,10,12,20,36,39,45,7,29,35,43,46,49
556,15/05/2007,6,7,16,34,44,45,15,24,25,39,40,50
555,11/05/2007,1,8,20,28,46,50,10,12,32,39,41,42
554,08/05/2007,2,8,16,28,40,45,18,21,27,45,46,48
553,04/05/2007,9,13,18,26,41,43,13,17,20,35,36,44
552,02/05/2007,15,25,26,38,42,49,20,25,28,38,45,49
551,27/04/2007,11,36,37,42,49,50,9,13,14,16,25,50
550,24/04/2007,7,9,29,34,39,50,6,31,32,42,43,47
549,20/04/2007,1,7,32,38,40,41,5,24,30,32,43,47
548,17/04/2007,10,17,29,47,49,50,2,11,17,18,40,47
547,13/04/2007,6,17,20,26,30,46,5,9,10,19,23,42
546,10/04/2007,18,19,20,29,33,44,4,27,37,42,43,48
545,07/04/2007,12,17,21,25,30,45,4,6,8,25,43,44
544,03/04/2007,11,13,21,26,32,43,11,13,19,31,42,46
543,30/03/2007,11,21,25,35,37,38,12,13,17,23,32,35
542,27/03/2007,4,8,22,38,43,50,11,21,22,31,37,46
541,23/03/2007,5,12,16,21,28,33,11,18,29,37,41,49
540,20/03/2007,2,28,31,37,38,49,2,4,5,15,38,44
539,16/03/2007,4,13,30,34,36,42,8,11,24,33,46,49
538,13/03/2007,1,5,29,36,46,48,1,3,9,16,24,25
537,09/03/2007,12,22,29,30,44,46,13,17,23,38,44,48
536,06/03/2007,11,22,23,24,28,50,4,11,17,26,36,49
535,02/03/2007,3,7,11,18,20,45,4,17,20,29,46,47
534,27/02/2007,8,14,28,30,37,47,9,10,19,24,32,49
533,23/02/2007,6,12,21,33,38,48,20,25,26,37,40,42
532,16/02/2007,5,10,18,26,28,43,2,6,9,30,37,46
531,13/02/2007,2,17,18,21,30,45,3,9,12,26,39,46
530,09/02/2007,16,19,30,31,37,49,1,11,13,18,29,39
529,06/02/2007,19,25,32,35,42,44,14,24,27,30,47,49
528,02/02/2007,2,12,16,38,46,50,14,34,35,36,44,50
527,30/01/2007,6,7,13,18,23,37,5,12,23,25,28,29
526,26/01/2007,7,12,14,15,32,44,4,12,23,31,35,46
525,23/01/2007,5,6,19,20,25,27,1,3,7,18,21,40
524,19/01/2007,6,16,26,28,42,47,17,21,23,31,32,34
523,16/01/2007,4,5,18,19,31,32,7,10,20,21,25,33
522,12/01/2007,4,6,20,22,43,49,7,29,37,40,46,49
521,09/01/2007,5,13,24,30,39,41,3,8,14,16,20,43
520,05/01/2007,1,2,3,8,46,50,5,7,9,10,13,27
519,02/01/2007,2,3,12,24,25,49,8,17,30,35,46,49
518,29/12/2006,4,7,9,11,37,48,24,25,34,36,38,49
517,26/12/2006,2,7,10,27,34,49,2,6,34,39,45,50
516,22/12/2006,2,5,12,38,42,48,2,13,17,18,20,48
515,19/12/2006,9,12,18,30,33,49,1,3,9,18,23,25
514,15/12/2006,5,23,29,37,39,47,14,22,32,41,42,50
513,12/12/2006,2,4,8,15,25,29,1,16,21,28,30,49
512,08/12/2006,4,29,38,42,46,47,17,27,31,33,36,48
511,05/12/2006,4,10,18,22,23,34,10,22,27,30,36,49
510,01/12/2006,12,18,27,31,38,39,21,24,28,39,41,47
509,28/11/2006,3,6,25,31,46,48,1,24,27,30,33,47
508,24/11/2006,10,11,14,15,21,31,1,4,12,24,41,48
507,21/11/2006,8,21,23,26,30,48,2,20,21,36,43,50
506,17/11/2006,9,10,15,21,23,45,12,24,30,31,35,48
505,14/11/2006,10,13,24,30,33,45,2,9,15,21,24,37
504,10/11/2006,12,28,32,34,37,47,2,20,26,27,28,30
503,07/11/2006,17,24,25,29,40,44,3,9,17,19,21,38
502,03/11/2006,6,13,17,27,31,34,1,18,23,31,39,41
501,31/10/2006,1,3,27,43,49,50,10,15,24,35,39,48
500,27/10/2006,12,13,14,20,27,44,19,33,37,41,43,49
499,24/10/2006,6,14,24,33,35,43,11,13,23,27,42,43
498,21/10/2006,1,5,14,24,39,46,15,16,20,36,39,49
497,17/10/2006,1,5,28,29,38,39,5,13,23,24,29,46
496,13/10/2006,4,22,24,26,36,37,8,13,22,35,47,49
495,10/10/2006,6,12,24,29,39,49,6,14,35,37,42,49
494,06/10/2006,16,21,28,35,46,47,10,19,21,31,45,47
493,03/10/2006,2,3,17,24,27,35,1,5,6,11,14,27
492,29/09/2006,8,31,34,36,38,39,25,27,29,32,34,40
491,26/09/2006,18,24,29,32,35,49,11,14,25,33,42,50
490,22/09/2006,1,3,7,29,38,41,6,11,21,23,40,44
489,19/09/2006,10,13,15,28,43,44,6,22,34,40,42,44
488,15/09/2006,5,8,18,22,27,43,1,4,18,39,41,43
487,12/09/2006,12,16,24,36,37,50,13,16,32,33,37,44
486,08/09/2006,2,12,14,24,39,44,1,14,23,24,36,37
485,05/09/2006,7,17,20,30,31,38,9,14,26,27,28,42
484,01/09/2006,7,13,21,24,38,42,5,11,18,21,44,45
483,29/08/2006,8,21,27,40,44,47,5,8,27,36,37,47
482,25/08/2006,1,12,20,23,38,40,14,15,30,40,44,49
481,22/08/2006,2,11,18,30,47,48,2,10,12,16,28,42
480,18/08/2006,19,31,36,41,48,49,1,10,28,33,38,48
479,15/08/2006,9,15,17,28,38,50,8,10,20,29,37,46
478,11/08/2006,5,9,25,26,36,37,2,11,12,20,41,42
477,08/08/2006,1,6,7,9,12,30,11,15,26,27,30,40
476,04/08/2006,1,8,9,10,39,46,1,8,22,26,31,42
475,01/08/2006,14,22,30,43,49,50,1,5,7,15,31,37
474,28/07/2006,1,18,24,29,30,33,7,13,14,22,38,40
473,25/07/2006,1,28,31,32,42,43,2,28,33,36,40,43
472,21/07/2006,4,13,33,34,36,37,6,8,16,18,30,46
471,18/07/2006,8,9,15,33,37,50,13,15,19,30,34,50
470,14/07/2006,3,9,11,20,44,48,1,28,32,34,40,44
469,11/07/2006,21,22,24,32,34,47,10,12,31,32,42,49
468,07/07/2006,1,3,6,8,16,19,9,22,30,32,36,42
467,04/07/2006,6,27,38,39,46,48,10,17,22,23,25,28
466,30/06/2006,6,9,13,28,46,50,2,8,23,26,28,39
465,27/06/2006,19,22,24,30,31,45,4,9,24,32,43,50
464,23/06/2006,3,20,33,35,44,47,12,16,31,34,35,47
463,20/06/2006,3,28,30,36,37,44,1,14,27,35,39,43
462,16/06/2006,19,25,29,31,44,45,1,5,17,18,34,41
461,13/06/2006,2,3,5,32,42,44,16,25,35,42,43,50
460,09/06/2006,6,13,17,20,36,42,5,27,29,33,35,49
459,06/06/2006,1,8,12,32,38,41,1,9,15,17,22,37
458,02/06/2006,1,21,23,34,44,46,1,5,7,11,32,38
457,30/05/2006,5,11,15,20,39,45,21,23,43,44,47,48
456,26/05/2006,5,9,11,30,35,36,9,10,23,30,31,50
455,23/05/2006,2,3,5,11,41,49,5,16,22,26,37,44
454,19/05/2006,11,25,28,40,44,49,10,16,18,24,41,45
453,16/05/2006,13,17,21,31,43,45,4,22,37,47,48,50
452,12/05/2006,16,23,24,25,40,49,2,22,26,27,37,39
451,09/05/2006,5,14,28,35,39,49,3,5,19,34,40,48
450,05/05/2006,9,11,18,21,22,39,17,20,24,28,37,48
449,02/05/2006,4,11,15,22,35,48,6,14,15,23,32,36
448,28/04/2006,10,14,15,26,28,39,3,5,24,25,42,46
447,25/04/2006,8,16,20,22,38,42,17,20,31,32,46,50
446,18/04/2006,12,20,32,34,40,47,4,8,32,40,44,49
445,11/04/2006,15,20,29,33,38,48,1,2,8,29,30,36
444,07/04/2006,6,18,21,27,29,38,8,13,14,15,23,34
443,04/04/2006,22,23,25,35,41,47,8,19,38,42,47,49
442,31/03/2006,4,13,19,23,28,35,8,9,14,17,36,49
441,28/03/2006,13,17,25,26,42,47,5,11,14,20,36,41
440,24/03/2006,1,31,33,37,38,48,5,18,19,32,36,47
439,21/03/2006,4,8,20,21,40,44,5,9,15,41,46,48
438,17/03/2006,2,6,8,17,28,34,1,5,8,12,17,21
437,14/03/2006,2,8,11,40,41,47,5,13,16,26,33,42
436,10/03/2006,5,13,25,29,30,50,9,13,15,20,21,30
435,07/03/2006,4,13,17,24,25,37,30,31,37,41,49,50
434,03/03/2006,7,16,20,21,37,44,5,10,14,20,23,38
433,24/02/2006,4,20,21,33,38,42,5,6,19,34,39,46
432,21/02/2006,11,12,19,21,42,44,8,17,27,28,32,43
431,17/02/2006,13,32,35,36,43,49,8,9,18,29,32,35
430,14/02/2006,8,9,18,37,39,50,9,10,19,40,45,49
429,10/02/2006,3,5,6,26,31,42,13,26,31,37,40,41
428,07/02/2006,12,13,28,40,47,48,5,11,14,16,24,31
427,03/02/2006,1,2,8,16,19,43,1,10,16,18,25,46
426,31/01/2006,16,19,26,32,39,50,6,17,22,34,37,41
425,27/01/2006,9,20,25,33,41,47,2,4,19,31,36,41
424,24/01/2006,6,16,24,44,45,46,4,22,27,35,43,49
423,20/01/2006,9,12,23,34,42,43,8,16,25,32,38,39
422,17/01/2006,2,16,27,30,40,43,8,36,40,42,44,47
421,13/01/2006,4,6,7,9,31,46,9,14,19,34,35,43
420,10/01/2006,3,14,31,37,42,46,22,27,32,36,41,46
419,06/01/2006,15,16,17,27,30,43,5,15,16,20,24,33
418,03/01/2006,2,8,24,32,36,50,9,10,25,27,31,48
417,30/12/2005,5,7,10,12,43,47,11,13,16,17,18,46
416,27/12/2005,10,20,28,31,35,48,14,15,28,36,42,45
415,23/12/2005,1,10,12,34,38,45,9,19,32,36,45,48
414,20/12/2005,19,33,35,39,42,45,9,13,29,30,37,45
413,16/12/2005,19,22,31,32,45,48,2,5,21,27,36,41
412,13/12/2005,1,23,24,25,34,44,2,22,24,30,44,49
411,09/12/2005,11,14,28,32,47,48,7,8,33,39,42,48
410,06/12/2005,7,15,19,21,23,37,2,10,12,31,37,43
409,02/12/2005,10,26,39,41,44,46,5,6,18,20,21,27
408,29/11/2005,22,23,33,35,45,50,3,14,24,28,32,45
407,25/11/2005,15,16,20,23,31,34,3,22,27,40,43,46
406,22/11/2005,7,19,30,34,45,49,9,20,33,34,44,46
405,18/11/2005,3,5,18,19,26,33,5,16,23,25,42,48
404,11/11/2005,3,18,29,37,41,46,19,20,26,42,43,46
403,08/11/2005,11,19,30,34,37,46,11,30,35,37,43,50
402,04/11/2005,1,8,11,16,32,41,3,13,14,40,41,49
401,01/11/2005,12,18,20,22,30,31,15,17,22,26,39,42
400,28/10/2005,11,32,40,44,49,50,5,7,13,15,29,42
399,25/10/2005,4,7,10,12,15,48,5,8,11,14,31,44
398,21/10/2005,8,9,10,21,33,34,2,7,12,21,34,38
397,18/10/2005,10,20,24,25,48,49,3,12,16,22,29,38
396,14/10/2005,1,8,12,18,29,33,2,9,14,17,18,39
395,11/10/2005,1,2,29,31,40,47,14,19,24,35,40,47
394,07/10/2005,3,13,22,27,34,46,20,27,29,41,43,47
393,04/10/2005,2,3,16,27,43,48,18,23,39,42,48,49
392,30/09/2005,16,17,32,33,38,43,13,15,16,35,36,48
391,27/09/2005,4,26,28,37,38,42,1,2,29,37,42,46
390,23/09/2005,5,14,19,21,28,35,8,19,22,23,29,48
389,20/09/2005,22,34,35,40,47,49,1,4,7,16,26,38
388,16/09/2005,3,9,15,16,32,42,18,24,29,33,35,47
387,13/09/2005,11,15,23,26,33,46,22,24,26,35,39,44
386,09/09/2005,9,10,15,19,24,38,3,6,7,18,26,38
385,06/09/2005,5,6,15,23,37,50,10,14,18,26,32,38
384,02/09/2005,9,27,40,43,45,48,5,6,8,13,21,32
383,30/08/2005,12,15,20,23,32,37,4,6,13,31,34,47
382,26/08/2005,14,30,35,38,47,50,14,17,19,28,48,50
381,23/08/2005,8,13,20,31,39,41,3,7,13,15,31,44
380,20/08/2005,12,36,39,40,41,45,11,18,26,33,48,49
379,16/08/2005,6,8,9,13,25,44,7,14,30,32,42,48
378,12/08/2005,8,17,19,25,30,43,15,17,18,23,29,47
377,09/08/2005,8,15,31,34,40,43,3,15,37,38,40,42
376,05/08/2005,15,17,29,32,34,43,6,17,38,47,48,49
375,02/08/2005,8,15,28,33,34,35,1,7,9,17,21,25
374,29/07/2005,3,10,22,37,41,50,6,19,26,39,43,48
373,26/07/2005,10,14,17,29,31,41,1,3,6,10,28,41
372,22/07/2005,19,27,36,42,45,46,9,11,22,38,40,41
371,19/07/2005,6,15,17,22,30,41,16,19,23,29,30,33
370,15/07/2005,6,9,33,39,43,49,2,4,25,26,45,47
369,12/07/2005,1,5,11,25,31,47,5,17,30,31,38,45
368,08/07/2005,5,9,10,25,31,46,4,17,18,36,37,41
367,05/07/2005,4,15,31,40,48,50,6,7,8,13,36,46
366,01/07/2005,3,6,26,35,42,46,1,18,22,42,46,50
365,28/06/2005,15,22,31,34,36,37,4,12,14,16,36,43
364,24/06/2005,1,8,13,14,37,48,3,8,9,22,33,37
363,21/06/2005,9,10,23,36,38,39,9,10,13,27,39,49
362,17/06/2005,1,19,24,33,45,47,8,10,16,29,31,45
361,14/06/2005,20,27,28,30,32,38,2,18,20,21,31,49
360,10/06/2005,6,13,30,33,43,48,1,6,14,23,27,32
359,07/06/2005,13,27,33,42,44,50,2,22,23,24,45,50
358,03/06/2005,7,13,17,21,26,44,1,26,27,38,40,44
357,31/05/2005,11,21,22,40,41,42,3,10,14,19,23,49
356,27/05/2005,17,28,31,36,42,47,1,11,15,23,34,48
355,24/05/2005,1,9,10,26,44,50,1,9,14,18,23,34
354,20/05/2005,4,21,31,38,40,44,7,38,39,45,47,49
353,17/05/2005,4,18,24,26,31,40,6,19,23,25,29,43
352,13/05/2005,10,16,19,24,28,39,5,11,23,30,40,48
351,10/05/2005,14,16,19,27,35,49,1,5,28,33,40,44
350,06/05/2005,1,4,23,28,31,40,3,4,31,41,42,43
349,03/05/2005,8,19,20,22,31,43,1,23,26,31,39,46
348,29/04/2005,1,3,4,15,25,40,7,8,11,13,25,36
347,26/04/2005,11,20,33,35,39,42,1,4,7,19,45,46
346,22/04/2005,17,18,38,47,48,50,4,28,29,45,48,50
345,19/04/2005,4,14,18,37,39,46,9,13,29,34,38,49
344,15/04/2005,7,20,24,28,38,45,4,22,38,40,46,48
343,12/04/2005,8,15,20,28,37,43,5,8,15,22,26,46
342,08/04/2005,17,31,42,44,45,46,11,12,29,37,48,49
341,05/04/2005,3,26,30,33,37,49,5,21,33,41,43,47
340,01/04/2005,8,11,30,39,42,49,4,7,35,37,44,48
339,29/03/2005,1,11,25,28,38,50,3,22,28,40,45,48
338,22/03/2005,6,7,11,30,45,47,6,16,18,34,39,48
337,18/03/2005,1,4,14,20,30,35,3,6,20,26,30,33
336,15/03/2005,11,14,25,27,36,39,5,20,23,33,40,50
335,11/03/2005,8,21,26,32,49,50,4,17,21,37,38,47
334,08/03/2005,18,20,34,38,41,47,2,4,14,20,26,49
333,04/03/2005,1,4,19,27,33,39,8,11,22,25,27,38
332,01/03/2005,14,24,29,31,44,47,1,2,22,25,32,50
331,25/02/2005,6,11,16,29,41,47,14,15,20,28,31,33
330,22/02/2005,4,6,18,30,44,48,7,17,29,30,39,42
329,18/02/2005,3,9,14,21,32,42,11,18,27,28,32,50
328,15/02/2005,7,18,21,25,37,39,12,27,35,40,46,50
327,11/02/2005,5,19,23,26,33,34,8,32,33,38,39,50
326,04/02/2005,17,18,33,38,47,49,4,19,25,31,44,50
325,01/02/2005,1,10,23,25,30,39,9,11,16,19,23,43
324,28/01/2005,9,23,31,35,38,45,1,12,29,33,39,46
323,25/01/2005,5,25,27,40,45,48,2,8,12,35,42,49
322,21/01/2005,3,12,15,23,35,39,7,15,17,34,42,49
321,18/01/2005,6,16,23,29,34,47,2,11,16,26,44,48
320,14/01/2005,6,12,14,45,47,50,7,15,26,28,46,49
319,11/01/2005,6,13,15,23,26,33,1,20,24,35,37,42
318,07/01/2005,14,32,34,41,42,44,19,29,30,32,39,46
317,04/01/2005,14,20,23,32,41,50,12,29,33,38,45,49
316,28/12/2004,4,8,11,20,33,42,10,15,22,25,48,50
315,21/12/2004,4,5,34,39,46,49,2,5,24,26,30,42
314,17/12/2004,17,18,23,32,36,40,10,15,26,44,46,48
313,14/12/2004,7,9,15,18,42,43,2,10,16,32,35,37
312,10/12/2004,15,19,29,35,45,49,6,30,36,43,46,47
311,07/12/2004,9,12,19,28,35,36,6,8,16,18,27,34
310,03/12/2004,14,15,16,29,31,49,7,8,28,36,44,45
309,30/11/2004,2,9,10,20,23,44,10,23,29,31,32,33
308,26/11/2004,1,10,30,31,32,34,28,29,35,36,48,49
307,23/11/2004,5,8,16,26,28,49,1,18,30,45,46,48
306,19/11/2004,26,29,32,36,49,50,6,11,22,28,35,36
305,16/11/2004,2,3,6,19,30,49,11,13,15,18,21,47
304,12/11/2004,8,12,18,24,42,47,4,18,29,42,43,50
303,09/11/2004,24,25,28,32,36,41,1,3,12,24,33,46
302,05/11/2004,12,13,15,31,37,44,1,9,27,30,32,42
301,29/10/2004,1,6,13,33,41,45,5,13,14,33,35,43
300,26/10/2004,2,14,22,37,42,46,8,12,15,35,45,49
299,22/10/2004,2,16,25,36,44,45,2,4,5,20,33,42
298,19/10/2004,4,11,14,20,33,43,9,36,37,44,47,50
297,15/10/2004,8,9,10,40,44,49,6,15,24,27,42,43
296,08/10/2004,2,11,14,22,28,40,24,25,33,35,36,48
295,05/10/2004,5,15,16,21,30,40,10,22,30,41,48,49
294,01/10/2004,2,6,9,16,29,46,3,24,29,30,33,46
293,28/09/2004,7,9,12,40,41,42,8,19,21,37,42,47
292,24/09/2004,2,11,15,34,36,43,16,26,27,34,41,43
291,21/09/2004,6,11,35,37,41,49,9,13,25,26,35,45
290,17/09/2004,4,10,11,24,35,41,5,7,13,15,26,28
289,14/09/2004,12,21,33,36,45,49,7,21,22,25,43,48
288,10/09/2004,5,11,15,25,32,35,10,28,36,39,47,48
287,03/09/2004,1,3,31,34,35,36,9,11,20,23,41,45
286,31/08/2004,3,25,32,38,46,50,3,16,19,21,25,49
285,27/08/2004,5,7,8,9,23,43,10,16,20,24,41,49
284,24/08/2004,8,20,27,34,39,44,3,7,13,15,34,35
283,20/08/2004,4,11,18,26,29,47,3,4,15,17,39,43
282,17/08/2004,23,26,31,32,34,41,9,26,37,38,39,48
281,13/08/2004,5,13,14,27,40,45,10,12,17,20,30,49
280,10/08/2004,20,24,33,40,43,46,10,17,23,29,35,48
279,06/08/2004,18,21,43,46,49,50,9,18,19,20,30,39
278,03/08/2004,8,10,17,21,25,48,2,12,16,19,25,29
277,30/07/2004,2,7,29,35,38,39,4,24,29,34,38,43
276,27/07/2004,1,14,23,26,47,50,6,14,15,16,34,35
275,23/07/2004,5,12,20,31,42,45,1,12,14,28,30,45
274,20/07/2004,11,15,20,27,38,46,8,11,14,18,29,37
273,16/07/2004,14,16,19,30,41,44,9,12,27,32,45,47
272,13/07/2004,9,11,12,13,17,27,4,12,13,26,29,33
271,09/07/2004,12,17,29,30,39,48,20,28,32,41,43,50
270,06/07/2004,1,7,11,31,48,49,15,16,32,34,41,44
269,02/07/2004,4,16,18,29,34,44,6,27,36,37,45,47
268,29/06/2004,17,26,33,34,41,45,5,29,32,34,36,50
267,25/06/2004,3,7,14,24,36,46,3,4,23,27,34,50
266,22/06/2004,9,10,12,16,33,47,3,6,14,17,26,43
265,18/06/2004,3,15,17,21,47,48,1,28,31,43,46,48
264,15/06/2004,4,5,13,30,38,41,22,23,24,31,39,43
263,11/06/2004,11,15,17,30,42,48,1,6,13,25,36,43
262,08/06/2004,9,23,25,36,44,50,2,7,20,28,35,49
261,04/06/2004,15,20,26,27,30,40,3,17,28,36,39,48
260,01/06/2004,5,18,26,35,40,42,5,6,26,30,40,49
259,28/05/2004,10,17,22,28,29,40,15,20,31,37,41,48
258,25/05/2004,19,21,29,32,35,48,17,22,29,31,37,48
257,21/05/2004,5,11,23,33,46,48,2,3,5,26,29,48
256,18/05/2004,7,29,30,34,35,47,2,6,12,41,44,45
255,14/05/2004,24,25,33,37,39,47,4,5,15,29,31,43
254,11/05/2004,14,18,21,29,40,41,9,28,41,42,43,47
253,07/05/2004,3,5,12,13,25,43,6,7,11,38,39,43
252,04/05/2004,5,14,19,31,36,42,12,18,19,34,38,47
251,30/04/2004,1,4,6,35,43,47,1,21,24,38,39,49
250,27/04/2004,14,18,23,28,31,48,8,17,34,35,45,47
249,23/04/2004,4,7,8,11,46,48,17,21,23,29,32,43
248,20/04/2004,10,13,14,22,23,41,11,23,26,39,44,48
247,16/04/2004,2,12,18,24,46,47,6,13,19,31,48,50
246,13/04/2004,11,21,26,27,38,50,1,2,12,31,37,50
245,06/04/2004,2,5,20,40,43,46,9,12,18,33,34,43
244,02/04/2004,17,26,31,41,42,44,17,23,24,29,46,47
243,30/03/2004,3,16,17,31,39,40,6,12,13,19,20,32
242,26/03/2004,3,13,14,16,25,26,1,5,11,17,35,49
241,23/03/2004,3,5,16,18,45,48,16,25,31,41,46,48
240,19/03/2004,17,27,31,34,44,47,1,9,13,16,21,26
239,16/03/2004,1,7,16,37,42,45,9,14,33,38,45,48
238,12/03/2004,6,7,14,24,45,48,8,13,27,37,43,49
237,09/03/2004,14,24,26,28,29,43,4,9,14,36,44,45
236,05/03/2004,16,18,21,25,26,35,3,10,15,20,23,46
235,02/03/2004,13,18,21,22,25,45,10,11,13,19,35,39
234,27/02/2004,4,22,29,35,36,47,2,37,42,44,47,48
233,20/02/2004,5,24,25,27,38,43,2,5,6,19,27,48
232,17/02/2004,12,14,27,44,47,48,7,21,27,32,46,48
231,13/02/2004,4,5,12,26,36,41,6,15,18,22,25,46
230,10/02/2004,5,12,21,26,45,47,1,6,7,33,34,46
229,06/02/2004,5,8,19,28,30,48,6,9,10,23,37,46
228,03/02/2004,3,11,12,14,21,30,8,15,22,26,39,50
227,30/01/2004,1,10,14,19,33,40,14,21,22,26,30,39
226,27/01/2004,3,20,28,35,44,47,3,22,24,29,31,32
225,23/01/2004,13,25,28,45,47,49,12,29,36,44,47,48
224,20/01/2004,1,7,13,26,42,44,2,10,34,36,38,39
223,16/01/2004,3,13,14,26,44,45,14,17,24,25,48,50
222,13/01/2004,11,15,28,35,41,43,8,10,12,31,45,50
221,09/01/2004,16,17,21,33,34,39,1,2,14,19,32,37
220,06/01/2004,5,6,11,19,31,33,18,24,41,42,47,50
219,02/01/2004,3,4,13,21,29,35,4,17,18,22,25,43
218,30/12/2003,7,19,30,34,37,41,17,18,28,36,41,46
217,26/12/2003,2,5,18,26,36,37,3,15,20,30,35,40
216,23/12/2003,15,21,33,39,40,50,13,15,18,19,39,50
215,19/12/2003,8,11,18,25,40,44,2,3,11,21,30,42
214,16/12/2003,12,20,21,22,34,47,2,14,35,36,42,47
213,12/12/2003,4,8,12,13,18,35,7,15,19,42,47,49
212,09/12/2003,8,17,19,29,34,40,13,14,17,22,27,49
211,05/12/2003,10,13,25,28,31,36,3,10,14,29,40,47
210,02/12/2003,4,20,29,38,39,42,11,22,25,36,37,45
209,28/11/2003,2,10,23,30,36,47,2,5,30,35,38,42
208,25/11/2003,9,10,18,38,39,46,28,31,36,47,48,49
207,21/11/2003,12,15,16,27,36,43,13,30,35,38,44,45
206,18/11/2003,7,8,16,21,26,45,4,10,12,30,42,46
205,14/11/2003,8,28,33,35,45,48,4,8,23,37,44,50
204,11/11/2003,2,6,28,34,39,40,3,34,35,36,41,44
203,07/11/2003,12,24,36,37,40,44,21,34,36,37,43,46
202,04/11/2003,1,3,5,18,38,41,8,17,21,33,46,49
201,31/10/2003,8,31,32,43,44,49,13,20,41,42,44,49
200,28/10/2003,4,6,8,23,29,36,23,32,34,38,39,50
199,24/10/2003,1,11,25,33,40,48,2,19,29,38,39,46
198,21/10/2003,7,30,35,38,39,43,7,25,31,38,39,44
197,17/10/2003,3,12,13,18,31,40,4,12,16,29,33,35
196,14/10/2003,23,28,32,42,43,45,21,23,29,33,40,45
195,10/10/2003,5,20,30,32,34,42,5,6,12,23,25,40
194,07/10/2003,2,6,12,13,18,19,4,20,26,32,36,47
193,03/10/2003,6,16,40,41,46,47,13,17,30,36,44,46
192,30/09/2003,2,9,19,21,23,31,3,5,27,28,33,44
191,26/09/2003,3,31,34,35,37,43,2,9,10,11,27,41
190,23/09/2003,2,11,29,36,43,45,2,3,25,47,48,49
189,19/09/2003,1,3,17,18,25,33,17,18,27,30,47,49
188,16/09/2003,2,6,9,24,33,49,3,24,28,35,37,48
187,12/09/2003,4,9,10,11,26,37,2,10,11,12,37,42
186,09/09/2003,1,14,15,22,30,36,9,20,22,27,41,50
185,05/09/2003,10,31,42,44,46,49,4,7,8,19,29,43
184,02/09/2003,8,19,39,44,46,47,7,14,17,24,28,48
183,29/08/2003,21,24,26,39,42,49,6,10,13,16,36,38
182,26/08/2003,3,17,26,42,45,49,5,11,13,16,22,23
181,22/08/2003,3,19,25,30,33,49,11,25,28,30,38,49
180,19/08/2003,2,9,20,35,38,42,9,21,26,28,31,33
179,15/08/2003,13,15,18,21,29,33,11,16,17,20,36,40
178,12/08/2003,7,8,10,14,21,44,9,15,18,29,41,49
177,08/08/2003,13,20,23,31,33,36,7,28,40,44,47,49
176,05/08/2003,9,19,21,22,29,46,6,10,27,31,39,48
175,01/08/2003,2,15,28,44,45,48,1,6,12,22,37,43
174,29/07/2003,9,11,12,19,29,34,10,12,15,28,43,50
173,25/07/2003,3,14,22,25,27,44,15,16,26,35,44,49
172,22/07/2003,6,11,25,34,42,47,2,12,15,16,28,34
171,18/07/2003,16,21,25,31,35,43,21,23,25,33,45,46
170,15/07/2003,4,16,29,33,42,49,12,16,18,23,43,47
169,11/07/2003,1,12,22,23,38,46,4,12,20,27,32,36
168,08/07/2003,7,14,17,20,21,29,8,17,31,32,41,49
167,04/07/2003,11,12,14,17,21,33,2,16,26,35,39,50
166,01/07/2003,27,36,39,40,41,47,6,9,11,16,49,50
165,27/06/2003,6,11,16,26,44,49,7,19,20,26,35,38
164,24/06/2003,4,23,40,41,45,47,19,20,26,27,33,50
163,20/06/2003,15,19,20,25,34,46,4,16,20,22,35,49
162,17/06/2003,31,38,39,40,43,44,8,13,14,23,27,39
161,13/06/2003,9,24,26,29,35,44,7,11,25,30,36,49
160,10/06/2003,6,19,27,34,37,38,3,17,19,35,38,45
159,06/06/2003,3,12,21,28,37,42,3,4,10,11,40,47
158,03/06/2003,2,10,14,20,29,38,2,22,29,30,39,41
157,30/05/2003,9,22,27,35,36,45,1,7,12,16,23,26
156,27/05/2003,8,19,21,32,37,46,4,10,18,20,33,46
155,23/05/2003,3,7,22,25,31,37,9,12,19,21,26,32
154,20/05/2003,1,2,4,13,17,19,12,19,20,25,26,46
153,16/05/2003,3,8,15,21,38,41,9,24,28,31,37,43
152,13/05/2003,8,24,25,42,47,49,23,26,27,40,41,45
151,09/05/2003,12,20,22,27,37,41,1,6,13,28,29,44
150,06/05/2003,3,5,10,13,27,50,10,29,34,47,48,50
149,02/05/2003,18,31,37,39,41,50,5,20,24,27,38,41
148,29/04/2003,9,27,28,32,48,49,1,11,18,19,34,44
147,25/04/2003,5,9,33,34,40,44,5,12,21,27,32,43
146,22/04/2003,8,11,14,34,42,47,7,9,11,28,32,47
145,18/04/2003,12,15,19,29,43,47,2,12,26,31,38,42
144,15/04/2003,8,21,35,42,45,49,6,24,28,33,35,42
143,11/04/2003,1,6,19,32,44,49,21,25,35,39,43,47
142,08/04/2003,5,6,20,36,38,45,5,7,14,34,43,46
141,04/04/2003,15,27,32,33,42,43,9,15,19,36,39,42
140,01/04/2003,4,8,43,44,46,47,7,12,17,19,32,47
139,28/03/2003,13,19,29,42,44,48,7,8,17,18,32,50
138,25/03/2003,1,2,3,11,24,42,5,16,21,35,36,40
137,21/03/2003,14,18,29,31,42,48,1,4,15,20,33,35
136,18/03/2003,6,10,20,26,38,47,2,21,27,37,40,46
135,14/03/2003,2,3,12,13,26,44,3,6,43,45,46,49
134,11/03/2003,19,21,22,25,29,31,3,12,33,37,40,46
133,07/03/2003,3,27,29,38,41,47,1,8,9,19,20,30
132,28/02/2003,4,7,19,37,44,46,9,12,16,21,23,47
131,25/02/2003,4,23,29,30,40,47,5,6,26,31,32,43
130,21/02/2003,1,4,16,18,39,45,2,5,10,13,45,50
129,18/02/2003,3,11,14,27,33,49,6,11,31,34,37,44
128,14/02/2003,4,12,21,22,28,42,3,4,27,35,44,49
127,11/02/2003,1,16,17,31,42,44,9,14,30,31,38,49
126,07/02/2003,1,4,25,42,43,47,9,20,24,26,36,39
125,04/02/2003,7,8,11,15,41,46,24,31,35,39,43,49
124,31/01/2003,11,28,36,37,46,47,6,9,22,30,38,48
123,28/01/2003,12,32,35,38,39,49,19,28,31,43,45,48
122,24/01/2003,3,9,17,18,22,38,8,19,21,23,28,35
121,21/01/2003,7,9,12,15,31,39,20,25,29,46,49,50
120,17/01/2003,29,34,36,38,40,50,3,25,36,40,44,49
119,14/01/2003,11,20,27,36,38,45,9,33,35,38,40,44
118,10/01/2003,3,5,16,18,33,49,11,15,26,38,45,46
117,07/01/2003,13,14,26,28,44,46,7,11,15,23,24,32
116,03/01/2003,5,8,10,34,38,47,5,12,32,41,44,47
115,27/12/2002,3,8,23,26,38,44,9,19,22,23,33,35
114,20/12/2002,14,28,29,30,33,39,2,12,22,40,41,44
113,17/12/2002,21,30,31,42,45,50,7,13,14,16,21,46
112,13/12/2002,14,16,37,45,46,47,6,10,12,23,27,32
111,10/12/2002,6,7,16,47,48,49,12,13,18,22,39,40
110,06/12/2002,14,20,27,34,38,43,1,19,21,36,37,39
109,03/12/2002,26,32,41,44,45,46,28,33,43,44,46,49
108,29/11/2002,6,10,14,16,18,34,15,26,27,37,41,42
107,26/11/2002,17,19,31,33,36,40,7,10,15,31,33,41
106,22/11/2002,1,6,11,31,46,49,21,31,37,40,47,49
105,19/11/2002,2,6,23,27,43,50,1,2,16,29,36,42
104,15/11/2002,8,24,28,29,30,38,8,13,16,19,36,49
103,12/11/2002,7,15,33,37,41,45,6,14,17,43,45,48
102,08/11/2002,5,19,26,30,35,40,13,25,27,32,35,38
101,05/11/2002,3,19,25,37,39,49,7,8,9,22,32,42
100,01/11/2002,9,11,22,26,33,47,2,4,12,26,33,39
99,29/10/2002,12,21,30,38,43,45,1,7,8,17,27,32
98,25/10/2002,11,15,17,20,27,33,7,19,34,37,38,45
97,22/10/2002,4,5,16,17,19,21,18,28,39,42,45,46
96,18/10/2002,7,9,11,13,22,50,1,7,19,31,37,42
95,15/10/2002,19,27,29,31,38,42,3,5,6,23,35,44
94,11/10/2002,21,25,26,32,36,43,2,17,21,23,40,41
93,08/10/2002,1,22,25,28,33,44,4,11,17,36,38,50
92,04/10/2002,1,28,31,34,35,38,11,24,31,40,41,45
91,01/10/2002,11,15,19,33,34,43,3,11,13,41,43,44
90,27/09/2002,7,28,36,39,40,50,3,5,8,15,37,43
89,24/09/2002,4,8,14,31,39,42,3,4,11,31,32,44
88,20/09/2002,18,20,30,42,46,50,1,9,17,21,28,33
87,17/09/2002,1,19,23,39,42,47,13,19,23,37,38,41
86,13/09/2002,14,23,25,32,33,48,13,27,29,31,33,37
85,10/09/2002,9,19,25,27,28,32,1,19,23,24,30,45
84,06/09/2002,4,11,27,31,34,42,17,25,27,35,39,50
83,03/09/2002,6,8,13,15,41,48,6,9,12,18,41,48
82,30/08/2002,15,18,23,32,35,39,12,14,17,36,42,48
81,27/08/2002,4,16,31,32,38,39,12,15,19,26,32,35
80,23/08/2002,19,23,27,33,41,45,10,19,33,37,45,50
79,20/08/2002,2,4,8,18,26,33,1,4,14,28,46,47
78,16/08/2002,6,8,21,41,42,45,12,19,33,36,43,49
77,13/08/2002,11,23,29,31,39,50,4,11,14,15,34,37
76,09/08/2002,11,21,31,36,41,48,4,16,19,29,44,47
75,06/08/2002,7,11,13,22,30,43,16,19,23,28,34,41
74,02/08/2002,7,12,15,16,28,46,4,13,15,24,27,39
73,30/07/2002,6,17,21,33,40,45,1,6,20,39,48,49
72,26/07/2002,8,14,34,37,39,47,1,2,5,16,32,48
71,23/07/2002,15,25,33,36,45,47,7,8,12,37,42,49
70,19/07/2002,17,23,25,26,29,46,2,14,20,22,40,49
69,16/07/2002,2,9,14,18,37,47,14,25,27,35,45,49
68,12/07/2002,3,12,15,21,24,28,9,11,13,18,38,43
67,09/07/2002,34,35,40,43,46,48,2,12,18,33,34,49
66,05/07/2002,6,17,19,31,33,47,13,15,24,39,47,49
65,02/07/2002,1,5,8,14,29,44,11,14,18,23,28,35
64,28/06/2002,10,11,12,26,37,42,15,16,32,42,44,49
63,25/06/2002,5,9,10,16,40,47,12,24,28,30,41,46
62,21/06/2002,4,8,23,28,38,43,5,11,27,42,47,48
61,18/06/2002,1,9,18,28,32,36,10,17,24,30,38,41
60,14/06/2002,12,15,29,35,36,43,3,7,21,29,34,49
59,11/06/2002,2,16,28,33,38,46,23,28,32,35,38,43
58,07/06/2002,14,23,25,32,33,42,9,14,29,40,48,49
57,04/06/2002,1,18,23,35,38,46,11,15,30,44,47,48
56,31/05/2002,3,10,18,33,40,47,14,15,18,39,40,41
55,28/05/2002,4,27,33,43,44,45,6,17,24,26,42,46
54,24/05/2002,4,5,23,27,34,36,10,24,32,37,44,45
53,21/05/2002,4,5,20,23,29,42,3,8,25,34,35,48
52,17/05/2002,3,17,26,39,42,48,7,8,14,34,43,48
51,14/05/2002,4,7,11,12,22,28,33,41,42,45,47,48
50,10/05/2002,7,8,26,33,36,40,2,13,15,34,35,42
49,07/05/2002,2,15,21,33,41,45,29,32,35,41,45,49
48,03/05/2002,16,23,32,41,42,43,2,18,19,39,42,49
47,30/04/2002,3,13,21,26,34,37,6,9,22,28,30,44
46,26/04/2002,1,9,14,26,29,41,16,20,30,34,39,42
45,23/04/2002,2,19,23,28,44,47,21,30,36,42,46,49
44,19/04/2002,3,9,15,28,35,45,3,4,30,33,42,45
43,17/04/2002,1,10,32,34,39,43,5,11,26,32,39,41
42,12/04/2002,5,6,14,39,42,48,4,21,27,38,43,45
41,09/04/2002,15,22,25,32,34,47,6,18,26,28,33,43
40,05/04/2002,4,9,15,21,23,32,6,8,9,15,36,41
39,02/04/2002,3,12,15,37,44,50,7,22,28,34,44,46
38,26/03/2002,2,18,19,31,39,46,15,22,24,29,45,48
37,22/03/2002,11,25,33,45,47,48,10,11,29,30,45,47
36,19/03/2002,9,12,14,17,22,50,2,13,41,42,44,45
35,15/03/2002,1,2,6,26,30,45,7,8,13,28,33,47
34,12/03/2002,1,7,29,40,41,45,1,15,22,24,29,45
33,08/03/2002,11,16,17,19,24,32,13,21,22,25,33,49
32,05/03/2002,18,20,24,30,39,47,6,12,14,25,26,39
31,01/03/2002,5,19,20,29,32,43,31,35,36,46,47,49
30,26/02/2002,8,18,21,33,36,46,3,5,13,15,28,43
29,22/02/2002,1,12,19,23,39,50,16,25,35,41,45,47
28,19/02/2002,1,10,13,22,26,38,27,30,31,34,40,49
27,15/02/2002,5,7,19,29,32,35,3,28,37,42,44,47
26,08/02/2002,2,4,8,17,23,38,4,19,26,39,48,49
25,05/02/2002,6,15,30,35,42,46,19,23,24,33,41,44
24,01/02/2002,19,24,25,26,42,44,1,6,11,15,16,36
23,29/01/2002,8,9,10,11,22,42,4,7,8,20,34,37
22,25/01/2002,2,17,27,29,34,42,7,13,28,34,42,43
21,22/01/2002,6,14,17,30,37,44,6,9,14,20,24,26
20,18/01/2002,7,13,16,26,45,49,18,25,39,43,47,48
19,15/01/2002,5,10,19,25,33,34,15,24,27,32,39,47
18,11/01/2002,15,27,28,35,41,50,1,13,14,22,23,38
17,08/01/2002,3,5,14,43,44,47,1,2,27,36,37,43
16,04/01/2002,19,21,25,26,41,46,5,6,22,27,31,38
15,28/12/2001,4,30,32,40,43,44,7,13,20,23,28,34
14,21/12/2001,6,7,33,38,39,47,5,12,14,16,19,26
13,18/12/2001,1,3,31,33,37,46,4,13,31,43,47,49
12,14/12/2001,12,21,28,29,45,48,15,18,19,20,25,31
11,11/12/2001,2,4,8,27,36,43,5,8,17,40,43,45
10,07/12/2001,17,19,31,34,39,44,4,5,11,20,24,40
9,04/12/2001,10,18,22,37,42,44,10,26,31,37,42,46
8,30/11/2001,11,24,29,32,38,39,2,14,17,30,31,39
7,27/11/2001,6,9,17,23,24,32,5,8,28,30,32,45
6,23/11/2001,9,13,14,16,31,41,2,31,35,36,42,47
5,20/11/2001,7,12,16,25,32,40,3,10,12,19,26,49
4,16/11/2001,29,38,43,44,46,50,2,7,11,44,46,49
3,13/11/2001,11,34,42,44,45,47,12,24,30,40,47,48
2,09/11/2001,4,9,11,32,38,42,9,13,19,24,29,46
1,06/11/2001,7,15,24,41,48,50,9,37,41,43,44,49
