Extracao,Data,premio 1,premio 2,premio 3,premio 4,premio 5
6106,03/10/2026,017469,081210,007767,041317,079412
6105,30/09/2026,041092,023453,003271,018708,066303
6104,27/09/2026,059074,003557,020563,040449,007802
6103,23/09/2026,040292,053081,065578,042304,065837
6102,20/09/2026,083520,071643,038941,044502,080911
6101,16/09/2026,047125,003456,011411,029144,026469
6100,13/09/2026,070028,023895,045292,009375,055594
6099,09/09/2026,064423,083481,037422,027068,057566
6098,06/09/2026,048337,065904,007642,065308,038572
6097,02/09/2026,030921,024230,071189,002173,057347
6096,30/08/2026,008932,049314,017181,010373,047859
6095,26/08/2026,004574,004929,059657,030781,053798
6094,23/08/2026,013000,009559,082213,091203,087095
6093,19/08/2026,080574,019932,014112,026366,088482
6092,16/08/2026,052745,069744,053467,064337,004461
6091,12/08/2026,086997,004852,000091,082438,039210
6090,09/08/2026,016821,077694,067531,040030,043074
6089,05/08/2026,056952,028922,069298,016805,052721
6088,02/08/2026,043770,084465,003867,023192,086301
6087,29/07/2026,084621,021500,062794,072546,068807
6086,26/07/2026,048522,048455,045533,081290,053408
6085,22/07/2026,077889,048861,077640,004135,040201
6084,19/07/2026,017667,039675,033914,001743,036446
6083,15/07/2026,039184,093600,009773,054824,028016
6082,11/07/2026,095866,097039,033608,093472,054652
6081,08/07/2026,022268,051715,087479,025748,061976
6080,04/07/2026,080246,040204,099651,044518,033772
6079,01/07/2026,099107,024974,049288,057930,069119
6078,27/06/2026,006440,053888,007818,000467,015020
6077,25/06/2026,014291,026208,046381,007897,063341
6076,20/06/2026,050673,074810,092832,062925,043988
6075,17/06/2026,053952,058694,008478,031597,064457
6074,14/06/2026,000958,017191,033027,054065,077139
6073,10/06/2026,024807,062218,087702,074099,008362
6072,06/06/2026,022573,076376,045867,071865,038828
6071,03/06/2026,019140,057814,072380,048664,005144
6070,30/05/2026,017254,061725,085914,005255,050057
6069,27/05/2026,074090,040524,022862,032454,064008
6068,23/05/2026,016600,045936,021498,076654,037011
6067,20/05/2026,083207,079895,073613,026910,078204
6066,16/05/2026,008667,082817,022110,047946,003451
6065,13/05/2026,032995,072729,086575,091972,023953
6064,09/05/2026,055590,013857,093893,040482,076807
6063,06/05/2026,049318,042302,025860,047307,058505
6062,02/05/2026,048545,020444,071509,059388,005062
6061,29/04/2026,065393,041802,091726,003442,010064
6060,25/04/2026,076036,042087,077247,033561,050656
6059,22/04/2026,032917,034991,044486,000116,069820
6058,18/04/2026,083358,005591,043637,044109,081732
6057,15/04/2026,000225,049734,056850,073657,007842
6056,11/04/2026,067001,029390,015697,095444,032892
6055,08/04/2026,017282,026909,041879,046377,091057
6054,04/04/2026,019022,036911,054560,044218,085835
6053,28/03/2026,015352,065576,022324,071593,036384
6052,25/03/2026,026622,019027,016369,021000,002209
6051,21/03/2026,056449,024784,004466,048616,074525
6050,18/03/2026,034456,041104,045409,075617,005569
6049,14/03/2026,033683,088593,027392,063646,054587
6048,11/03/2026,057688,074077,067257,041558,078912
6047,07/03/2026,008317,092029,085104,050790,057605
6046,04/03/2026,022925,071720,030546,078317,000635
6045,28/02/2026,073198,020151,031839,066287,055205
6044,25/02/2026,026501,075700,062804,048760,080920
6043,21/02/2026,054522,014731,065941,019388,079046
6042,14/02/2026,094095,049658,052233,038353,025659
6041,11/02/2026,037337,041527,026222,059440,084328
6040,07/02/2026,001627,073789,005297,056903,065116
6039,04/02/2026,024287,082044,045561,044868,080001
6038,31/01/2026,035319,040500,008580,042984,048393
6037,28/01/2026,009593,083636,011969,089318,032880
6036,24/01/2026,013059,004760,075308,065080,055617
6035,21/01/2026,021350,077114,034608,039209,022964
6034,17/01/2026,094590,033914,038568,044992,092284
6033,14/01/2026,007027,079634,026247,083720,044084
6032,10/01/2026,023009,056491,012364,046003,005251
6031,07/01/2026,010160,009030,006366,077580,021044
6030,03/01/2026,042321,075343,032645,055132,039557
6029,27/12/2025,025022,047260,062390,043987,013311
6028,20/12/2025,006372,042560,031787,004690,005593
6027,17/12/2025,069015,015794,050550,059017,013549
6026,13/12/2025,093803,082146,046467,074193,008308
6025,10/12/2025,024385,034181,052602,045231,034375
6024,06/12/2025,067348,091763,022820,095456,073267
6023,03/12/2025,014165,036204,049295,003343,002873
6022,29/11/2025,046553,010201,033994,073197,029007
6021,26/11/2025,016064,052250,058939,017773,057807
6020,22/11/2025,004492,094083,071848,001932,054831
6019,19/11/2025,042441,049426,082524,028384,062797
6018,14/11/2025,050319,070770,060609,009562,057761
6017,12/11/2025,086412,068536,074190,005574,015039
6016,08/11/2025,011462,023012,060597,059723,062234
6015,05/11/2025,071987,072801,087439,050517,041537
6014,01/11/2025,022283,050255,046418,030715,056323
6013,29/10/2025,008871,064470,065463,064229,012430
6012,25/10/2025,021895,085701,028489,023737,043727
6011,22/10/2025,011299,055271,088027,055916,027735
6010,18/10/2025,076478,035888,074046,083523,015981
6009,15/10/2025,002733,026799,081802,078104,002443
6008,11/10/2025,035032,040709,060235,089132,083030
6007,08/10/2025,056121,019172,070427,065151,012228
6006,04/10/2025,021844,082593,021782,041273,091017
6005,01/10/2025,058167,009540,023852,048458,091282
6004,27/09/2025,032948,039154,051621,064959,034513
6003,24/09/2025,083401,061004,024172,013955,009417
6002,20/09/2025,014370,082903,089699,040683,053236
6001,17/09/2025,050309,067195,051158,078151,056723
6000,13/09/2025,048602,001927,082187,034246,068744
5999,10/09/2025,058613,080546,084932,041386,072389
5998,06/09/2025,056975,003278,027581,028388,072884
5997,03/09/2025,089211,011577,002436,090064,047358
5996,30/08/2025,079032,014705,074532,060291,014599
5995,27/08/2025,039932,081897,077035,090045,076445
5994,23/08/2025,015861,011615,046962,060675,074831
5993,20/08/2025,012023,025817,011130,044794,058695
5992,16/08/2025,044771,074044,023933,076788,033946
5991,13/08/2025,033582,086141,037449,057026,087136
5990,09/08/2025,067133,079368,064964,092570,030724
5989,06/08/2025,045122,002399,035262,017544,090111
5988,02/08/2025,012244,035475,007766,001186,081708
5987,30/07/2025,079220,073305,051567,044346,001095
5986,26/07/2025,086873,040111,039683,042751,019265
5985,23/07/2025,000478,033331,087748,047526,007899
5984,19/07/2025,067482,039426,053542,032519,028937
5983,16/07/2025,086347,016944,019360,048892,048406
5982,12/07/2025,041029,048135,021547,061500,064874
5981,09/07/2025,047741,039491,014417,076974,068073
5980,05/07/2025,053606,030931,069343,070261,065356
5979,02/07/2025,091955,014592,004774,078174,084641
5978,28/06/2025,059190,051005,053612,029698,095738
5977,25/06/2025,024947,010444,043252,050622,091350
5976,21/06/2025,017232,053315,051114,039824,074203
5975,18/06/2025,053681,019955,039405,047487,058137
5974,14/06/2025,046458,048926,019461,077515,078757
5973,11/06/2025,058062,029669,054447,064563,036336
5972,07/06/2025,053920,012930,058360,083005,050598
5971,04/06/2025,032119,014438,050524,051693,053281
5970,31/05/2025,009906,019434,090582,046358,028866
5969,28/05/2025,005836,052929,051524,061830,034863
5968,24/05/2025,023973,000002,009871,085464,046832
5967,21/05/2025,016002,079654,018057,072187,006499
5966,17/05/2025,021652,011874,073320,010102,005565
5965,14/05/2025,022331,024928,030161,024195,005858
5964,10/05/2025,084786,018267,016578,064659,024249
5963,07/05/2025,056984,030768,091921,075494,023194
5962,03/05/2025,004071,036290,038508,086464,023431
5961,30/04/2025,058396,016875,050586,001073,085532
5960,26/04/2025,024668,054231,034530,037442,059138
5959,23/04/2025,004238,036437,014757,050648,067941
5958,16/04/2025,043165,028091,081771,082148,086802
5957,12/04/2025,074832,053056,014904,085642,066307
5956,09/04/2025,025695,061828,001849,027308,010608
5955,05/04/2025,060469,011298,010581,087791,027698
5954,02/04/2025,084974,033955,089343,072197,005635
5953,29/03/2025,082491,025420,019411,045178,036016
5952,26/03/2025,049636,021768,001556,049601,005688
5951,22/03/2025,075802,036657,039992,044698,071704
5950,19/03/2025,054838,026164,000038,077578,034218
5949,15/03/2025,044336,006821,002505,083264,084525
5948,12/03/2025,086809,019281,085840,086707,073739
5947,08/03/2025,077063,008026,017859,084765,067437
5946,01/03/2025,078324,042428,001791,048118,071825
5945,26/02/2025,060946,005428,092121,027855,041016
5944,22/02/2025,074468,069903,053635,063088,022525
5943,19/02/2025,084978,061421,073038,080508,042959
5942,15/02/2025,031855,040675,069464,082746,058172
5941,12/02/2025,085656,093866,028853,065970,022608
5940,08/02/2025,024208,096673,033492,080951,022636
5939,05/02/2025,045466,096665,031879,068639,030952
5938,01/02/2025,067579,010766,013423,089580,013753
5937,29/01/2025,067063,063571,057379,025506,092032
5936,25/01/2025,091356,020006,011041,024264,002142
5935,22/01/2025,078642,010232,026612,018122,045988
5934,18/01/2025,025472,005939,036023,051350,026120
5933,15/01/2025,001684,050382,085282,003416,023738
5932,11/01/2025,040177,055610,044637,058386,047572
5931,08/01/2025,003028,089905,012498,051133,000985
5930,04/01/2025,055675,000280,096813,078142,065181
5929,28/12/2024,031976,014292,030948,096672,068951
5928,21/12/2024,081282,087756,035860,056855,073468
5927,14/12/2024,050607,079964,079805,081340,085601
5926,11/12/2024,029004,039509,071391,018548,050619
5925,07/12/2024,028267,048769,022812,083392,078256
5924,04/12/2024,095885,080032,059941,064749,022255
5923,30/11/2024,058963,085482,003237,051279,045278
5922,27/11/2024,012094,023813,048280,094886,029159
5921,23/11/2024,013540,029665,077739,089465,041692
5920,21/11/2024,034503,085325,094559,004296,091984
5919,16/11/2024,026609,092517,009012,050795,029199
5918,13/11/2024,021274,012894,038169,074266,048192
5917,09/11/2024,034550,023182,066028,037537,077136
5916,06/11/2024,024695,077171,084732,065102,082980
5915,01/11/2024,077595,071598,011088,013859,078002
5914,30/10/2024,048179,027847,081005,065754,014267
5913,26/10/2024,048966,066491,031106,073263,041223
5912,23/10/2024,007006,052497,020804,044123,024523
5911,19/10/2024,035189,057262,080096,001446,006960
5910,16/10/2024,098017,032964,009510,093322,063911
5909,11/10/2024,059623,027711,089861,031066,021935
5908,09/10/2024,053319,001098,013945,032183,013385
5907,05/10/2024,027310,079313,057424,044356,067131
5906,02/10/2024,029159,012029,074435,068242,097879
5905,28/09/2024,042416,094684,066346,000917,032900
5904,25/09/2024,024538,064109,081167,056709,046326
5903,21/09/2024,033137,049266,017501,036659,080411
5902,18/09/2024,045525,017388,079669,066595,065809
5901,14/09/2024,035356,059687,062664,070708,066528
5900,11/09/2024,000338,086291,064346,014525,060384
5899,06/09/2024,002066,052896,085072,099817,034332
5898,04/09/2024,067457,079613,098308,069135,070349
5897,31/08/2024,059039,078254,027508,095398,015297
5896,28/08/2024,058831,020788,073218,026902,070353
5895,24/08/2024,081000,048267,083518,014646,031659
5894,21/08/2024,071322,014099,080072,076847,050079
5893,17/08/2024,041547,074263,076315,032488,072887
5892,14/08/2024,011561,026597,041842,075278,006314
5891,10/08/2024,079772,056589,030945,069781,022791
5890,07/08/2024,084984,062215,077910,020657,098648
5889,03/08/2024,023711,071790,084665,036349,017309
5888,31/07/2024,059219,030543,051697,044526,036916
5887,27/07/2024,095768,096935,009089,064786,066258
5886,24/07/2024,076247,070751,014682,074044,054734
5885,20/07/2024,056810,088248,050003,032929,015235
5884,17/07/2024,012630,096323,090011,080367,039340
5883,13/07/2024,014752,077210,088676,088746,065819
5882,10/07/2024,059532,057130,034864,035282,003475
5881,06/07/2024,021933,047822,040599,035432,000483
5880,03/07/2024,014122,002111,071494,010995,017808
5879,29/06/2024,005323,014577,022395,094576,041185
5878,26/06/2024,097453,051004,050361,054497,020762
5877,22/06/2024,072452,005221,032462,047645,007592
5876,19/06/2024,052749,058448,036562,045577,050809
5875,15/06/2024,091805,090139,040808,093176,082501
5874,12/06/2024,088460,038703,031742,027057,007328
5873,08/06/2024,005559,007686,047167,023932,092804
5872,05/06/2024,095264,071591,050413,070979,014535
5871,01/06/2024,077856,046101,029828,087831,034866
5870,29/05/2024,056463,097578,067774,060040,090530
5869,25/05/2024,096748,094699,044250,001446,041256
5868,22/05/2024,003803,087126,044770,093869,009766
5867,18/05/2024,035181,023218,099816,049331,007180
5866,15/05/2024,098678,083862,078812,078760,030974
5865,11/05/2024,070847,083121,055274,058197,064897
5864,08/05/2024,099077,050998,072079,018474,027586
5863,04/05/2024,000226,027924,015506,002701,005687
5862,02/05/2024,096471,080445,099185,041853,089817
5861,27/04/2024,003617,044156,081540,004841,070361
5860,24/04/2024,001526,000031,033876,050412,040993
5859,20/04/2024,034691,004210,065234,047521,006923
5858,17/04/2024,067610,041402,044861,020991,068375
5857,13/04/2024,076714,027969,003880,041316,023142
5856,10/04/2024,048233,022345,016987,072841,023672
5855,06/04/2024,024091,095694,091236,085526,019914
5854,03/04/2024,016400,087793,064351,026236,042778
5853,30/03/2024,047007,025806,099009,045868,023224
5852,27/03/2024,014745,036202,019429,054383,021709
5851,23/03/2024,009755,040847,054085,004192,061606
5850,20/03/2024,074687,001590,050291,054131,061649
5849,16/03/2024,007542,085529,088032,017419,046916
5848,13/03/2024,021901,014959,041395,076782,021161
5847,09/03/2024,073498,000639,032488,002812,018017
5846,06/03/2024,075341,004496,042416,057589,095653
5845,02/03/2024,096927,084772,003472,066375,032954
5844,28/02/2024,024930,069140,023062,081438,005187
5843,24/02/2024,023309,056340,051701,067539,035868
5842,21/02/2024,019110,001955,023519,011237,067104
5841,17/02/2024,017178,006102,055733,043185,092259
5840,10/02/2024,090490,075112,037127,091487,003234
5839,07/02/2024,011632,057822,023137,012365,084518
5838,03/02/2024,050122,067723,065087,016875,062072
5837,31/01/2024,076997,097026,092206,013068,063713
5836,27/01/2024,045561,089220,017273,007749,071166
5835,24/01/2024,057637,072964,096159,052826,084544
5834,20/01/2024,022605,010663,021627,066376,020453
5833,17/01/2024,060541,033795,049078,012550,027258
5832,13/01/2024,022673,016077,085213,091326,077138
5831,10/01/2024,051528,020321,007592,035960,061479
5830,06/01/2024,006169,058908,083616,048535,098317
5829,03/01/2024,064638,084100,090597,088263,036247
5828,30/12/2023,080669,051822,005189,010797,067477
5827,23/12/2023,001413,007634,004028,084015,073349
5826,16/12/2023,030255,074166,047090,029100,047392
5825,13/12/2023,087222,026487,078250,014568,027159
5824,09/12/2023,065214,078584,057138,077530,086236
5823,06/12/2023,054134,026149,043424,073950,091909
5822,02/12/2023,072178,098918,059909,041852,000298
5821,29/11/2023,064124,039479,049065,042395,047774
5820,25/11/2023,020780,039015,078924,024459,001786
5819,22/11/2023,005854,080064,027485,036954,062666
5818,18/11/2023,060687,038506,013421,044343,004938
5817,16/11/2023,064496,091802,045787,080533,060225
5816,11/11/2023,073411,086661,053288,065917,005835
5815,08/11/2023,099434,018781,042617,001865,066153
5814,04/11/2023,030970,060451,057539,073185,074141
5813,01/11/2023,092854,061619,069443,035260,050266
5812,28/10/2023,042921,027999,047866,040144,005914
5811,25/10/2023,019863,059751,048199,018398,032737
5810,21/10/2023,051238,036755,060794,046920,072874
5809,18/10/2023,072525,067514,040220,037984,001591
5808,14/10/2023,028761,021808,024243,028878,000019
5807,11/10/2023,076248,024519,003909,001708,076912
5806,07/10/2023,049829,035887,036754,051444,028769
5805,04/10/2023,098586,035385,075526,039803,025621
5804,30/09/2023,054121,055776,080442,073156,059367
5803,27/09/2023,047065,077738,044807,014961,072026
5802,23/09/2023,031330,021635,043006,018395,028376
5801,20/09/2023,094995,078644,085079,073815,056865
5800,16/09/2023,077550,079920,032923,086991,082423
5799,13/09/2023,074362,046985,027784,061204,072233
5798,09/09/2023,082639,032602,086900,024891,035791
5797,06/09/2023,095196,019029,018805,046712,002030
5796,02/09/2023,083950,010903,036286,070579,050982
5795,30/08/2023,032516,025554,053467,087264,094751
5794,26/08/2023,058532,049105,075607,068554,068394
5793,23/08/2023,058775,067454,029873,039314,012093
5792,19/08/2023,012593,071579,078893,057682,004383
5791,16/08/2023,027413,083852,007676,011686,028897
5790,12/08/2023,063443,084251,038973,030938,002575
5789,09/08/2023,007263,038381,081687,007434,015500
5788,05/08/2023,063104,087466,020161,081255,023675
5787,02/08/2023,019258,054266,069713,008037,068267
5786,29/07/2023,090778,073564,049371,052779,041586
5785,26/07/2023,091855,003844,096369,037032,062811
5784,22/07/2023,026034,063921,000044,086133,024856
5783,19/07/2023,021712,081258,013399,060243,050176
5782,15/07/2023,032542,070173,095479,032550,084353
5781,12/07/2023,035303,017491,023345,036183,097349
5780,08/07/2023,081120,093393,099514,007413,037069
5779,05/07/2023,078866,055746,083144,090186,042792
5778,01/07/2023,049105,010599,085524,033568,013738
5777,28/06/2023,095554,088828,020790,022562,060445
5776,24/06/2023,051399,012763,004489,051606,010814
5775,21/06/2023,027666,090064,048336,093046,015235
5774,17/06/2023,077129,074899,081190,062639,066177
5773,14/06/2023,009084,079527,056204,007309,016992
5772,10/06/2023,038963,051328,030999,087777,043844
5771,07/06/2023,036337,080175,019655,039395,086998
5770,03/06/2023,027085,002721,004841,063080,083889
5769,31/05/2023,080884,055181,000875,015502,096767
5768,27/05/2023,039766,041793,054048,063652,041689
5767,24/05/2023,094475,004528,030136,007287,057715
5766,20/05/2023,012955,097894,085445,054667,098909
5765,17/05/2023,033770,063511,096610,013902,068410
5764,13/05/2023,015553,046292,062555,036827,019717
5763,10/05/2023,045261,029512,097258,086239,002040
5762,06/05/2023,015030,015777,080841,048964,078678
5761,03/05/2023,028250,089762,036734,065802,081143
5760,29/04/2023,050177,089400,051250,067978,052582
5759,26/04/2023,005587,008096,029632,049250,095594
5758,22/04/2023,078005,059350,030220,067233,082643
5757,19/04/2023,034125,091653,010367,025002,010200
5756,15/04/2023,076074,061870,078643,078992,047434
5755,12/04/2023,005013,083038,038020,062538,094813
5754,08/04/2023,061802,058041,005245,078468,079654
5753,05/04/2023,060929,090495,038431,079821,049164
5752,01/04/2023,026379,028792,099305,083070,069918
5751,29/03/2023,007353,069686,091608,032394,023173
5750,25/03/2023,012134,048412,048295,054299,073726
5749,22/03/2023,080258,078755,091376,054724,091753
5748,18/03/2023,085850,051807,024919,046980,097922
5747,15/03/2023,094456,045145,099918,081365,046850
5746,11/03/2023,059011,082762,086087,037569,027073
5745,08/03/2023,062783,064572,030915,025796,063152
5744,04/03/2023,007118,035942,021105,098477,002767
5743,01/03/2023,026275,030467,099240,049567,036350
5742,25/02/2023,055273,062619,087938,037887,015441
5741,18/02/2023,088869,001357,033144,006020,057399
5740,15/02/2023,012268,080567,023410,021427,057256
5739,11/02/2023,059186,077123,044821,034002,089085
5738,08/02/2023,077081,077846,071907,023267,037231
5737,04/02/2023,050460,050011,099963,004061,073491
5736,01/02/2023,029942,004104,070630,080672,006760
5735,28/01/2023,003847,029081,030196,059353,090223
5734,25/01/2023,054248,079210,088141,076724,061006
5733,21/01/2023,092110,057353,051290,035257,010513
5732,18/01/2023,050366,033514,045504,094365,051105
5731,14/01/2023,087005,084044,013948,054769,081634
5730,11/01/2023,006071,091291,017427,065012,032650
5729,07/01/2023,062289,061701,096871,007046,079018
5728,04/01/2023,059985,059598,012596,063347,086852
5727,31/12/2022,078524,038375,005025,027561,050295
5726,24/12/2022,072654,018306,080593,089718,036951
5725,17/12/2022,058657,061140,051445,050818,030467
5724,14/12/2022,007145,002006,085588,035497,000612
5723,10/12/2022,044700,086753,095216,036671,016640
5722,07/12/2022,013468,021677,076209,067722,031703
5721,03/12/2022,053622,062345,029093,067539,002488
5720,30/11/2022,070502,095735,008519,058331,096624
5719,26/11/2022,067647,083012,009959,066647,061289
5718,23/11/2022,062207,045624,009963,009221,082349
5717,19/11/2022,045928,085619,093099,096420,077292
5716,16/11/2022,015838,061865,069590,039867,048816
5715,12/11/2022,079331,070737,061340,030382,042810
5714,09/11/2022,036440,042291,073953,082879,072549
5713,05/11/2022,098239,082768,039442,093524,090368
5712,03/11/2022,065672,056344,003205,072253,059924
5711,29/10/2022,046339,050913,013192,075799,031201
5710,26/10/2022,018620,008972,036608,027868,055696
5709,22/10/2022,085894,034064,052636,073653,047258
5708,19/10/2022,097990,026675,059966,029396,005619
5707,15/10/2022,078386,081267,017723,073695,025590
5706,13/10/2022,040222,076127,018281,092462,008439
5705,08/10/2022,026949,021878,003284,084547,067331
5704,05/10/2022,053070,062127,064542,080002,047098
5703,01/10/2022,000420,087133,021293,021801,069104
5702,28/09/2022,065721,043479,071602,037547,062054
5701,24/09/2022,000799,095962,074575,078379,052985
5700,21/09/2022,057242,079354,040438,058610,048652
5699,17/09/2022,049645,075411,057474,053147,000418
5698,14/09/2022,070188,007243,036896,079535,044335
5697,10/09/2022,077730,001215,087364,010413,046667
5696,08/09/2022,072069,029028,090973,007697,028065
5695,03/09/2022,081271,000463,026450,077426,068928
5694,31/08/2022,007082,055035,001255,045238,071190
5693,27/08/2022,065274,024176,026676,077433,067910
5692,24/08/2022,059205,048174,073631,088681,056079
5691,20/08/2022,013499,059643,039273,089176,043656
5690,17/08/2022,065426,026754,092348,053752,030668
5689,13/08/2022,003179,048336,080888,084615,061293
5688,10/08/2022,066036,099507,060976,043299,093219
5687,06/08/2022,039920,012586,095810,081007,001354
5686,03/08/2022,062055,007719,035404,003252,086722
5685,30/07/2022,049792,056668,007403,026394,029594
5684,27/07/2022,057821,083664,073177,079628,054246
5683,23/07/2022,023021,019376,063867,059537,076464
5682,20/07/2022,024133,072230,027043,055677,014041
5681,16/07/2022,047844,007889,009014,016545,078117
5680,13/07/2022,086957,033812,068507,095375,019701
5679,09/07/2022,024036,037544,053990,007874,070891
5678,06/07/2022,020355,028332,012357,014012,048296
5677,02/07/2022,086645,015188,054084,068273,074020
5676,29/06/2022,009028,099440,080393,066550,075195
5675,25/06/2022,013930,075071,033840,025977,059707
5674,22/06/2022,088753,003700,045050,048121,022662
5673,18/06/2022,037325,062360,063706,065266,073892
5672,15/06/2022,079413,040229,053581,024724,020818
5671,11/06/2022,025901,078357,026774,019983,078845
5670,08/06/2022,071849,015830,070979,068013,054332
5669,04/06/2022,007678,018505,017274,000303,040291
5668,01/06/2022,090366,049167,026745,077916,012235
5667,28/05/2022,059009,064316,021031,023899,018748
5666,25/05/2022,027818,012594,080595,029985,008245
5665,21/05/2022,078748,080390,088926,065152,029908
5664,18/05/2022,070279,031057,014234,088597,008182
5663,14/05/2022,052600,073159,035587,010251,013256
5662,11/05/2022,048274,044864,020706,069668,079933
5661,07/05/2022,038672,093077,009369,049019,035483
5660,04/05/2022,057199,073897,007350,029381,026215
5659,30/04/2022,027613,029382,045639,069884,097095
5658,27/04/2022,023169,019090,041382,076321,016157
5657,23/04/2022,058064,006566,026746,046523,053156
5656,20/04/2022,051820,058906,076579,091171,083687
5655,16/04/2022,000871,034327,035070,024701,033085
5654,13/04/2022,054798,077563,049520,022470,033493
5653,09/04/2022,094805,082032,009359,011742,023147
5652,06/04/2022,096497,044302,089577,038852,008413
5651,02/04/2022,078205,053698,019237,064601,051962
5650,30/03/2022,032463,065395,046507,033279,026223
5649,26/03/2022,006542,088785,035329,089385,047882
5648,23/03/2022,059598,076678,010191,013741,021848
5647,19/03/2022,082051,029674,085998,031163,026990
5646,16/03/2022,022415,065838,033799,034387,009414
5645,12/03/2022,058676,009374,033251,030407,027517
5644,09/03/2022,098404,016366,020988,047878,050068
5643,05/03/2022,087256,043504,064697,067716,043527
5642,26/02/2022,021973,090155,025810,047756,052484
5641,23/02/2022,018524,057300,001879,036179,094935
5640,19/02/2022,032646,089312,079044,012271,037159
5639,16/02/2022,049005,018351,018218,075113,070050
5638,12/02/2022,057951,022106,058855,074625,019265
5637,09/02/2022,023992,058569,042270,032796,070298
5636,05/02/2022,011226,069847,082900,054450,027744
5635,02/02/2022,059260,036120,025950,080892,086307
5634,29/01/2022,008107,068157,084994,059094,099841
5633,26/01/2022,096915,080005,095741,013860,062096
5632,22/01/2022,085987,099266,019189,020274,064600
5631,19/01/2022,005146,024987,012868,005248,087771
5630,15/01/2022,032255,052523,067782,075953,000037
5629,12/01/2022,084241,055609,000226,059048,025273
5628,08/01/2022,099210,068040,028757,012263,018080
5627,05/01/2022,032235,044219,087786,008033,060030
5626,31/12/2021,025053,029754,080014,072820,050316
5625,24/12/2021,078158,075563,048743,077843,037004
5624,22/12/2021,086447,026701,028242,003477,066757
5623,18/12/2021,010118,012148,043499,046306,036650
5622,15/12/2021,075454,081461,019900,064895,003288
5621,11/12/2021,083519,025194,081431,075656,094492
5620,08/12/2021,072929,055705,030467,096151,038411
5619,04/12/2021,001498,015904,084856,072834,007754
5618,01/12/2021,018759,036362,087278,069734,016422
5617,27/11/2021,039615,056949,014270,071716,036928
5616,24/11/2021,065194,008061,004801,088102,073199
5615,20/11/2021,014162,012625,067605,067963,099802
5614,13/11/2021,041990,089203,014541,007325,012753
5613,10/11/2021,013056,043376,016047,007647,044572
5612,06/11/2021,043160,069846,099002,071421,033225
5611,03/11/2021,042431,086576,001058,068349,018788
5610,30/10/2021,051273,046972,083641,055412,054371
5609,27/10/2021,034429,016928,094185,025833,090717
5608,23/10/2021,085559,049025,037505,039090,031850
5607,20/10/2021,037435,062943,002536,065819,075401
5606,16/10/2021,079603,001954,072366,064047,019710
5605,13/10/2021,042131,039559,054654,031825,009071
5604,09/10/2021,009695,008925,051250,019327,051017
5603,06/10/2021,074605,031751,049959,023181,080753
5602,02/10/2021,045469,066903,087788,010080,081813
5601,29/09/2021,081680,054199,049952,084070,000874
5600,25/09/2021,038212,052377,031955,013989,025054
5599,22/09/2021,093201,002135,082089,024760,018606
5598,18/09/2021,020684,038300,015136,035151,045196
5597,15/09/2021,076701,020931,046068,021764,034173
5596,11/09/2021,050502,010883,012767,049930,081384
5595,08/09/2021,080905,082006,056251,053050,041744
5594,04/09/2021,069653,044548,043626,082338,013754
5593,01/09/2021,099708,063644,019942,026657,083810
5592,28/08/2021,044183,091219,066463,017672,084923
5591,25/08/2021,032940,016923,059012,044212,072116
5590,21/08/2021,005331,055160,098595,020520,005386
5589,18/08/2021,001323,014278,000268,099367,016400
5588,14/08/2021,047071,010682,024044,078909,061526
5587,11/08/2021,075038,055175,003489,032883,001249
5586,07/08/2021,016035,011915,002429,062173,036408
5585,04/08/2021,020940,077276,081785,084809,049962
5584,31/07/2021,083611,013566,005293,043792,053873
5583,28/07/2021,046270,073202,059463,085128,070504
5582,24/07/2021,015989,051258,066188,080860,045732
5581,21/07/2021,066637,032209,023558,069698,013970
5580,17/07/2021,038690,000494,057903,065748,016757
5579,14/07/2021,074734,023927,007535,097841,040481
5578,10/07/2021,047913,093065,016991,025979,069673
5577,07/07/2021,085679,077152,082207,031997,072961
5576,03/07/2021,011004,054926,063047,095007,023098
5575,30/06/2021,032037,085545,001268,094664,096259
5574,26/06/2021,027751,059180,054129,029305,025013
5573,23/06/2021,010745,022747,015741,098827,099655
5572,19/06/2021,022239,019891,035089,083263,067074
5571,16/06/2021,025281,028979,067336,046309,051172
5570,12/06/2021,003655,050592,069661,042563,001023
5569,09/06/2021,040012,022905,064332,045867,042806
5568,05/06/2021,067634,097277,081373,046089,084241
5567,02/06/2021,079290,003481,003412,006316,054378
5566,29/05/2021,082844,055871,059309,089282,009266
5565,26/05/2021,074793,058322,005269,021232,025410
5564,22/05/2021,005644,056240,040297,006389,052824
5563,19/05/2021,059010,045339,038740,045664,098367
5562,15/05/2021,068352,026407,058394,040843,097116
5561,12/05/2021,052913,033197,072623,033730,007660
5560,08/05/2021,059973,038233,059300,048882,088852
5559,05/05/2021,039568,003949,028200,005904,068828
5558,28/04/2021,093104,046670,062607,095430,020462
5557,24/04/2021,092277,079719,091748,077128,030935
5556,17/04/2021,006487,023204,043997,069903,075251
5555,14/04/2021,069351,020086,056000,097597,052694
5554,10/04/2021,098380,031186,015563,073309,034333
5553,07/04/2021,069860,048245,036062,069447,030083
5552,03/04/2021,008530,033575,026931,021937,065199
5551,01/04/2021,053666,021351,067752,043561,008133
5550,27/03/2021,049364,041717,036405,041050,029555
5549,24/03/2021,011936,092758,096920,059751,064908
5548,20/03/2021,067355,078459,075016,011088,008985
5547,17/03/2021,083532,040177,059107,035820,061680
5546,13/03/2021,054072,002097,015638,037584,018101
5545,10/03/2021,098441,031203,070806,095056,082510
5544,06/03/2021,012202,013428,008449,043844,044721
5543,03/03/2021,028040,020530,043409,007780,009047
5542,27/02/2021,027977,098438,002460,014954,017787
5541,24/02/2021,006475,051863,076641,034007,032456
5540,20/02/2021,035090,023696,015455,036750,030104
5539,18/02/2021,054010,025355,061972,007607,014331
5538,13/02/2021,067813,016441,056169,070359,012523
5537,10/02/2021,034101,015179,005023,038750,055186
5536,06/02/2021,089316,036296,017306,080233,022214
5535,03/02/2021,093918,068251,033300,075121,067674
5534,30/01/2021,017619,051445,011193,086477,086819
5533,27/01/2021,009077,031886,025334,076074,075074
5532,23/01/2021,031131,053181,044617,080145,078160
5531,20/01/2021,002317,002531,011870,003024,064798
5530,16/01/2021,074610,034111,054014,052041,062427
5529,13/01/2021,096148,088596,057538,057810,002927
5528,09/01/2021,054267,017291,033665,045509,036040
5527,06/01/2021,053377,066250,045925,004827,031640
5526,30/12/2020,095655,039888,062547,001339,074262
5525,24/12/2020,022206,067258,058847,001522,063764
5524,19/12/2020,041902,003789,096404,090201,012249
5523,16/12/2020,045324,097736,027738,031446,091566
5522,12/12/2020,010025,014363,073232,055383,075442
5521,09/12/2020,050262,084087,080692,079192,020693
5520,05/12/2020,048605,012911,036677,068364,099928
5519,02/12/2020,060513,072996,020592,028137,092575
5518,28/11/2020,046174,068046,008400,018323,049190
5517,25/11/2020,072345,088246,041251,065519,043144
5516,21/11/2020,055651,056837,042493,037361,078035
5515,18/11/2020,042840,039994,047976,043265,050506
5514,14/11/2020,050313,097646,081313,099365,025860
5513,11/11/2020,014278,085447,057143,066010,042777
5512,07/11/2020,076631,016107,034567,070036,026051
5511,04/11/2020,043350,001729,000670,059518,000428
5510,31/10/2020,032752,002821,055415,018658,056902
5509,28/10/2020,012777,003252,077006,022262,009156
5508,24/10/2020,022595,085033,020743,008302,028066
5507,21/10/2020,056576,074682,047906,003142,071490
5506,17/10/2020,088192,052540,001376,062538,081673
5505,14/10/2020,053427,080928,048992,034642,032561
5504,10/10/2020,034868,001381,073960,003126,008146
5503,07/10/2020,091215,002671,028927,079932,022507
5502,03/10/2020,018691,064644,010321,053265,050656
5501,30/09/2020,033487,082261,079689,024109,099594
5500,26/09/2020,037539,075904,023043,041911,066816
5499,23/09/2020,025975,005243,045818,017008,070519
5489,19/09/2020,040576,082454,084306,098834,092149
5488,12/09/2020,027286,062772,074540,004250,032844
5487,05/09/2020,007864,002929,060308,050983,059296
5486,29/08/2020,037120,003743,058470,009070,088775
5485,22/08/2020,095134,040515,062758,041632,020831
5484,15/08/2020,081225,050515,039713,052913,076811
5483,08/08/2020,056346,073142,010254,091607,004083
5482,01/08/2020,066479,041715,008560,014993,079626
5481,25/07/2020,056757,047891,038370,056765,089189
5480,18/07/2020,023367,024804,017102,039594,035477
5479,11/07/2020,087136,034989,003724,094861,014855
5478,04/07/2020,060674,007867,027005,004814,054457
5477,18/03/2020,050411,064624,092652,044129,078488
5476,14/03/2020,004343,067580,077375,066438,086451
5475,11/03/2020,014743,016425,062717,058754,067071
5474,07/03/2020,070161,086554,070795,067642,012142
5473,04/03/2020,064222,031766,038882,076391,069938
5472,29/02/2020,000210,017560,092531,016025,026078
5471,27/02/2020,022842,052690,094041,066955,055938
5470,22/02/2020,087914,005667,053577,025834,096516
5469,19/02/2020,039408,035420,016089,091014,062738
5468,15/02/2020,025344,035676,051097,066473,075978
5467,12/02/2020,014465,071415,092302,007699,053807
5466,08/02/2020,046191,082160,015925,018533,021703
5465,05/02/2020,074444,006177,048923,068389,080566
5464,01/02/2020,047258,007196,089369,001136,079861
5463,29/01/2020,007443,062189,032609,011992,041574
5462,25/01/2020,013580,038219,088440,074888,047449
5461,22/01/2020,019449,095689,025816,047066,043911
5460,18/01/2020,069557,047634,091696,024744,028829
5459,15/01/2020,063703,048605,023779,005031,005441
5458,11/01/2020,073440,069992,019085,042112,070448
5457,08/01/2020,021529,090677,080070,056782,040339
5456,04/01/2020,016230,026300,075054,082130,022813
5455,02/01/2020,057364,045209,019070,031638,048306
5454,31/12/2019,018881,099846,013836,011752,022349
5453,28/12/2019,020146,074485,018875,047467,037369
5452,23/12/2019,046629,011727,058182,046317,030754
5451,21/12/2019,011332,007088,036977,075827,013964
5450,18/12/2019,050609,091591,044312,044744,061503
5449,14/12/2019,095879,056894,034414,090391,037969
5448,11/12/2019,020267,037249,019122,085211,031947
5447,07/12/2019,045791,058477,036048,026017,076887
5446,04/12/2019,048754,013916,024005,037963,093484
5445,30/11/2019,048012,035397,016226,016571,056410
5444,27/11/2019,002815,060482,044061,005947,016196
5443,23/11/2019,059737,057468,015779,078470,075714
5442,20/11/2019,037779,080993,024713,034130,007925
5441,16/11/2019,082771,024291,051500,057448,055432
5440,13/11/2019,060072,008531,059503,044485,022712
5439,09/11/2019,059761,042421,048711,014600,020566
5438,06/11/2019,026998,067284,049127,039619,022337
5437,01/11/2019,028654,024441,030536,068940,079629
5436,30/10/2019,026269,072352,079745,088797,030115
5435,26/10/2019,018857,097203,024703,050550,074380
5434,23/10/2019,010768,085121,003935,022213,088059
5433,19/10/2019,085593,038154,085433,022006,037687
5432,16/10/2019,050768,028905,010388,038651,027049
5431,11/10/2019,061605,001707,026184,027580,087974
5430,09/10/2019,017870,085828,076750,017638,004177
5429,05/10/2019,096257,020310,084448,072250,062097
5428,02/10/2019,033077,070508,023151,046457,048470
5427,28/09/2019,056784,081713,022604,040045,088233
5426,25/09/2019,035154,065345,090910,080365,035605
5425,21/09/2019,019439,013476,049732,064309,075058
5424,18/09/2019,012463,080035,083029,005844,075591
5423,14/09/2019,010049,086819,036182,006154,039613
5422,11/09/2019,081770,075656,042321,065908,081006
5421,06/09/2019,073296,042724,042360,077780,005091
5420,04/09/2019,043720,016964,087666,040688,090964
5419,31/08/2019,074107,041609,004318,068504,057458
5418,28/08/2019,027880,086244,007075,031058,031606
5417,24/08/2019,029415,073151,082264,024042,029365
5416,21/08/2019,087590,024400,056686,039411,051969
5415,17/08/2019,042284,066207,091557,062540,048954
5414,14/08/2019,084009,044259,022307,085553,067937
5413,10/08/2019,011653,038114,077374,069582,056675
5412,07/08/2019,073771,062808,054470,061446,045214
5411,03/08/2019,018769,041380,007223,092632,032409
5410,31/07/2019,042709,050796,069058,053060,092759
5409,27/07/2019,065789,024777,004885,012442,073345
5408,24/07/2019,028670,091981,092080,019294,077821
5407,20/07/2019,054368,073522,001562,061044,003588
5406,17/07/2019,093446,074821,010062,048120,055837
5405,13/07/2019,068865,018128,067990,076409,044456
5404,10/07/2019,084758,081824,091850,017501,002088
5403,06/07/2019,022061,073556,001709,041013,082320
5402,03/07/2019,000002,085265,038749,025075,031911
5401,29/06/2019,016959,005289,031845,039435,045977
5400,26/06/2019,065229,033049,094681,008503,008723
5399,22/06/2019,037117,071539,080239,046873,078405
5398,19/06/2019,068681,002094,006310,090299,016689
5397,15/06/2019,072080,045962,007033,078976,031912
5396,12/06/2019,049634,047385,040403,092224,019008
5395,08/06/2019,044630,037258,049490,055710,064870
5394,05/06/2019,052075,032874,024454,066124,011757
5393,01/06/2019,028918,022194,063405,086750,071732
5392,29/05/2019,028467,024211,026934,058221,057503
5391,25/05/2019,079859,088018,010799,048960,062566
5390,22/05/2019,025170,058355,038315,056200,045081
5389,18/05/2019,075170,042280,021903,074402,052853
5388,15/05/2019,002716,065001,027675,087895,057036
5387,11/05/2019,050761,089421,056302,009141,033285
5386,08/05/2019,044743,006032,034302,095262,050650
5385,04/05/2019,005049,001506,059238,040774,010797
5384,02/05/2019,006586,044470,087268,086049,011490
5383,27/04/2019,032672,010194,076007,086276,041620
5382,24/04/2019,038146,059392,011566,041959,059312
5381,20/04/2019,044460,052431,067720,061696,043825
5380,17/04/2019,039422,025201,054871,027945,005318
5379,13/04/2019,031483,008162,006366,088003,041442
5378,10/04/2019,004970,009879,067936,055778,098426
5377,06/04/2019,062522,096937,027605,082442,026420
5376,03/04/2019,028470,036834,008888,077233,089987
5366,27/02/2019,046886,057871,079046,033550,045691
5365,23/02/2019,000677,004343,000014,008103,014707
5364,20/02/2019,006160,002924,017730,086201,014573
5363,16/02/2019,008047,078683,058115,027572,002348
5362,13/02/2019,002178,002086,053027,044553,005332
5361,09/02/2019,055971,043460,006995,020444,027371
5360,06/02/2019,016358,034837,081436,076131,015279
5359,02/02/2019,058373,044022,049129,034790,062101
5358,30/01/2019,009453,069782,040416,001593,057070
5357,26/01/2019,054015,045791,007696,012970,046950
5356,23/01/2019,060016,048435,073723,029348,066859
5355,19/01/2019,048201,015953,014408,071491,046099
5354,16/01/2019,013020,071362,011934,065056,017644
5353,12/01/2019,026740,011903,008372,072873,007643
5352,09/01/2019,074346,065069,057913,071466,054415
5351,05/01/2019,028443,026528,038551,068426,060183
5350,02/01/2019,059512,061258,031935,012629,004567
5349,29/12/2018,078445,025244,021055,061514,055539
5348,26/12/2018,071128,066933,074944,079183,040009
5347,22/12/2018,058354,083606,031589,042705,060140
5346,19/12/2018,084683,020438,048744,044183,079878
5345,15/12/2018,022249,019824,037450,030725,032771
5344,12/12/2018,075485,021051,029772,086080,024870
5343,08/12/2018,058330,008008,023181,071269,045762
5342,05/12/2018,031738,002483,062454,001859,016758
5341,01/12/2018,069341,024081,027869,061933,029407
5340,28/11/2018,060439,024301,086310,052363,037827
5339,24/11/2018,009436,020033,038724,051352,054112
5338,21/11/2018,058473,085513,045125,026436,018357
5337,17/11/2018,042443,023432,044506,059080,065139
5336,14/11/2018,025327,057288,017269,068841,035454
5335,10/11/2018,001980,066044,041447,002138,018927
5334,07/11/2018,015977,066568,043669,041730,030414
5333,03/11/2018,086121,005603,002972,074899,082072
5332,31/10/2018,064900,037093,012373,084008,049491
5331,27/10/2018,069635,006668,065220,015264,009947
5330,24/10/2018,039663,015478,071303,010966,018809
5329,20/10/2018,063824,051127,041262,019977,032360
5328,17/10/2018,024900,048865,007935,041198,073212
5327,13/10/2018,016145,076147,037912,007820,075574
5326,10/10/2018,036999,003006,067055,058190,056756
5325,06/10/2018,080157,040560,067014,067632,005182
5324,03/10/2018,076405,070511,039178,035087,070412
5323,29/09/2018,065634,054047,056384,039962,026911
5322,26/09/2018,062021,028829,081208,084287,062599
5321,22/09/2018,050412,045885,071047,058394,056589
5320,19/09/2018,008639,002010,044205,038874,025433
5319,15/09/2018,068101,039414,008551,003699,043247
5318,12/09/2018,079030,049451,086891,082987,067146
5317,08/09/2018,000772,043074,035711,030211,075798
5316,05/09/2018,075020,078982,081487,031577,010152
5315,01/09/2018,030105,064943,020527,022476,066773
5314,29/08/2018,029643,018952,049715,077779,031921
5313,25/08/2018,003018,064419,031506,057000,030887
5312,22/08/2018,046230,043929,022242,082691,032106
5311,18/08/2018,038113,070813,051184,015243,046256
5310,15/08/2018,084914,084373,017372,062243,012240
5309,11/08/2018,029371,034861,058006,055090,061707
5308,08/08/2018,041794,085718,027151,059389,042048
5307,04/08/2018,018017,002397,040023,000080,056247
5306,01/08/2018,017061,083283,023466,030327,046142
5305,28/07/2018,080847,057097,078144,051531,043245
5304,25/07/2018,082402,028912,047010,031819,078812
5303,21/07/2018,021442,030885,026197,051526,046911
5302,18/07/2018,055237,048390,053811,060478,000515
5301,14/07/2018,064856,000973,008164,054997,047212
5300,11/07/2018,064870,021745,014998,073125,048668
5299,07/07/2018,007252,002179,019479,002852,002103
5298,04/07/2018,050192,061388,020671,060119,054747
5297,30/06/2018,063734,075760,062449,061146,032914
5296,27/06/2018,031866,061355,004407,081086,063934
5295,23/06/2018,066718,006391,040553,019871,039192
5294,20/06/2018,038336,072897,031693,038220,025677
5293,16/06/2018,025774,003663,042415,021021,025030
5292,13/06/2018,003223,038041,082936,004815,007173
5291,09/06/2018,019008,041062,047017,008441,046965
5290,06/06/2018,055292,081104,062614,062965,014094
5289,02/06/2018,047192,041864,055206,047912,037159
5288,30/05/2018,020766,024124,074865,022830,020790
5287,26/05/2018,055969,030087,038163,055779,070118
5286,23/05/2018,016168,041675,031446,066403,001132
5285,19/05/2018,064835,075199,000356,011147,027610
5284,16/05/2018,064992,007804,047590,081565,030229
5283,12/05/2018,061918,004407,062099,005286,065647
5282,09/05/2018,002335,060319,009150,014584,008883
5281,05/05/2018,022203,034069,053998,014057,013812
5280,02/05/2018,006551,057551,012006,019152,026840
5279,28/04/2018,032425,039617,080122,034456,033435
5278,25/04/2018,010923,031711,004138,000557,038888
5277,20/04/2018,089397,079274,032249,007366,044304
5276,18/04/2018,054227,002347,002735,070748,067528
5275,14/04/2018,053008,028708,033301,024126,063417
5274,11/04/2018,027533,049594,013019,054342,024498
5273,07/04/2018,041172,024469,013188,033033,000336
5272,04/04/2018,038954,062795,082130,067560,002002
5271,31/03/2018,049946,019609,035291,030940,026697
5270,28/03/2018,050084,024959,024391,075161,051564
5269,24/03/2018,053646,033427,080076,030351,011340
5268,21/03/2018,010421,045144,085214,084929,011669
5267,17/03/2018,040336,083586,073495,014166,040417
5266,14/03/2018,023922,039059,038606,080434,063833
5265,10/03/2018,021881,053047,030458,077794,006612
5264,07/03/2018,044276,029161,005456,041270,060061
5263,03/03/2018,083604,069392,013098,026647,073304
5262,28/02/2018,086686,018991,083860,056262,024858
5261,24/02/2018,062682,031027,054327,073533,024389
5260,21/02/2018,002700,035718,021513,075491,037207
5259,17/02/2018,061090,050484,009342,024371,043127
5258,15/02/2018,039704,082832,003723,000293,029687
5257,10/02/2018,063928,060971,045048,041493,033090
5256,07/02/2018,052539,047939,068773,037759,057104
5255,03/02/2018,011209,021428,083469,013847,026937
5254,31/01/2018,039332,001637,018091,014028,051099
5253,27/01/2018,082639,040159,058240,081336,017864
5252,24/01/2018,014818,027078,056136,075037,065756
5251,20/01/2018,058652,070529,072083,078227,032487
5250,17/01/2018,009174,053709,066978,048231,027423
5249,13/01/2018,045841,013775,052112,011228,035922
5248,10/01/2018,046309,057549,021052,068651,038309
5247,06/01/2018,069365,059318,047086,072822,038985
5246,03/01/2018,018939,072250,085879,030871,033022
5245,30/12/2017,012988,012357,080617,062997,000701
5244,27/12/2017,027860,018580,082805,040040,053335
5243,23/12/2017,063019,041398,068451,064760,039459
5242,20/12/2017,031145,075567,087824,081586,060813
5241,16/12/2017,079123,029632,018782,084016,036399
5240,13/12/2017,082696,029682,046373,037537,059181
5239,09/12/2017,053549,057704,044591,001112,042689
5238,06/12/2017,025302,001890,057473,046934,062427
5237,02/12/2017,018846,018967,025586,083574,017089
5236,29/11/2017,041678,068927,063524,068582,056738
5235,25/11/2017,037715,069587,010591,024797,029693
5234,22/11/2017,007700,004903,011410,033150,002538
5233,18/11/2017,020022,074249,004623,040241,056411
5232,14/11/2017,074013,043002,079208,028760,000555
5231,11/11/2017,048551,033616,004024,054220,023476
5230,08/11/2017,070745,065516,058852,013839,085355
5229,04/11/2017,063514,051683,027552,072294,029713
5228,01/11/2017,034880,000813,056676,061453,045708
5227,28/10/2017,078811,036412,056948,015230,051588
5226,25/10/2017,046488,011592,065286,065027,007460
5225,21/10/2017,000703,081785,063550,057945,061010
5224,18/10/2017,044256,005331,057706,008726,029091
5223,14/10/2017,012605,067176,007276,065595,043587
5222,11/10/2017,064027,043205,045665,000171,018122
5221,07/10/2017,077984,032304,077107,019978,021649
5220,04/10/2017,072095,038743,030864,027615,063348
5219,30/09/2017,016026,057560,046213,042027,051551
5218,27/09/2017,012314,055557,002800,076963,010319
5217,23/09/2017,050592,054233,045069,059379,007274
5216,20/09/2017,083241,031914,027176,049605,051596
5215,16/09/2017,062637,014971,042176,088888,047348
5214,13/09/2017,034717,040603,005637,044173,040567
5213,09/09/2017,015645,071135,029805,015451,053857
5212,06/09/2017,065962,033123,065877,074367,022342
5211,02/09/2017,076222,015497,058108,043229,005863
5210,30/08/2017,006140,077096,055693,015843,077617
5209,26/08/2017,006796,069759,077156,042996,032652
5208,23/08/2017,036100,063792,043336,026604,023526
5207,19/08/2017,086622,068229,013407,028045,083226
5206,16/08/2017,025933,056725,002437,078951,075940
5205,12/08/2017,028234,029209,034891,036118,020469
5204,09/08/2017,004339,031745,041115,015336,051241
5203,05/08/2017,052583,083523,064070,039008,053553
5202,02/08/2017,046427,026496,000066,013149,072984
5201,29/07/2017,055508,050295,082533,057784,052841
5200,26/07/2017,036510,025094,066329,047488,061042
5199,22/07/2017,019841,079293,085074,066891,070053
5198,19/07/2017,007614,087865,005433,087677,060472
5197,15/07/2017,002899,010245,032534,009002,080124
5196,12/07/2017,026984,068706,037960,073094,027716
5195,08/07/2017,043414,047815,037100,036414,055503
5194,05/07/2017,046977,013319,071340,083169,022775
5193,01/07/2017,077746,039805,050284,069786,067410
5192,28/06/2017,051853,082802,063361,025649,044121
5191,24/06/2017,050427,075106,053400,064698,069939
5190,21/06/2017,019924,055180,013066,034065,005658
5189,17/06/2017,028583,017002,072209,013866,081434
5188,14/06/2017,007632,003092,073672,007519,002018
5187,10/06/2017,014241,063247,012605,033791,008002
5186,07/06/2017,078070,031611,049751,080964,002587
5185,03/06/2017,057941,059563,022312,082352,008068
5184,31/05/2017,028080,048311,063433,053714,020831
5183,27/05/2017,020062,065691,011949,087734,034776
5182,24/05/2017,080762,051180,081135,046391,022508
5181,20/05/2017,035057,059248,012394,074701,051318
5180,17/05/2017,015638,068116,016182,011290,023893
5179,13/05/2017,048498,086755,025496,049440,006355
5178,10/05/2017,067114,031322,030103,072474,063382
5177,06/05/2017,006684,063173,012248,047854,048934
5176,03/05/2017,088406,002576,018452,035656,034178
5175,29/04/2017,044308,037132,005713,085429,056087
5174,26/04/2017,075107,085074,024901,058446,037126
5173,22/04/2017,045738,032140,032249,026711,073980
5172,19/04/2017,014657,012047,015028,044896,047578
5171,15/04/2017,024405,055629,088531,055243,028565
5170,12/04/2017,006134,053090,003752,063149,039920
5169,08/04/2017,001302,019918,081979,001814,055953
5168,05/04/2017,018641,057802,033199,001704,077580
5167,01/04/2017,006856,057658,074147,030926,084925
5166,29/03/2017,053754,073262,026313,048696,033249
5165,25/03/2017,033520,080680,080134,046611,049320
5164,22/03/2017,039850,048992,006540,080011,021507
5163,18/03/2017,040352,085265,087610,003422,039323
5162,15/03/2017,023771,012888,075230,033806,060058
5161,11/03/2017,029017,067892,048443,081692,025612
5160,08/03/2017,019653,026305,071760,014147,007875
5159,04/03/2017,001323,053015,032796,072271,057902
5158,01/03/2017,055924,017159,042679,052963,041963
5157,25/02/2017,020043,030494,027888,085014,012384
5156,22/02/2017,084012,002722,047925,069662,041273
5155,18/02/2017,002562,025088,066775,022398,012649
5154,15/02/2017,042306,004281,006069,004569,078302
5153,11/02/2017,015431,066105,053943,081848,036242
5152,08/02/2017,017533,040513,085436,032200,003387
5151,04/02/2017,075872,000347,000342,058883,077757
5150,01/02/2017,056290,040616,017014,012343,066540
5149,28/01/2017,070190,014099,058902,028283,015274
5148,25/01/2017,014913,078698,043151,024699,061010
5147,21/01/2017,015871,001919,021189,028127,046958
5146,18/01/2017,035851,075278,001620,053243,002493
5145,14/01/2017,006459,009893,016674,024136,054299
5144,11/01/2017,070015,063627,012095,038267,023659
5143,07/01/2017,025345,025015,067435,078707,079103
5142,04/01/2017,030028,035256,067330,009532,052037
5141,31/12/2016,014961,001163,071390,048404,017315
5140,28/12/2016,058186,042868,048936,071122,040826
5139,24/12/2016,060856,011738,054597,061154,081767
5138,21/12/2016,024319,045583,062634,030232,081382
5137,17/12/2016,036390,084213,043867,069182,025760
5136,14/12/2016,049513,010418,032674,032674,042621
5135,10/12/2016,031608,082455,026027,035471,086040
5134,07/12/2016,041750,038500,088729,071508,072790
5133,03/12/2016,041934,031736,050449,053264,051254
5132,30/11/2016,064823,007842,056068,020254,086377
5131,26/11/2016,011645,043456,086938,071594,002042
5130,23/11/2016,062912,084724,073568,037772,014425
5129,19/11/2016,008114,009828,047577,068796,012207
5128,16/11/2016,082923,000659,006334,007388,018999
5127,12/11/2016,067018,058497,010387,090324,038192
5126,09/11/2016,058345,050900,026274,057721,005041
5125,05/11/2016,069597,065066,042711,065950,060820
5124,01/11/2016,036355,038200,022954,061470,049043
5123,29/10/2016,057956,050426,080631,004377,068963
5122,26/10/2016,024892,087666,070307,050027,075107
5121,22/10/2016,046938,041386,075770,069441,001539
5120,19/10/2016,081446,054080,010085,078439,043007
5119,15/10/2016,073282,039059,025611,018751,075162
5118,11/10/2016,071637,038276,055417,024095,075495
5117,08/10/2016,029479,086345,083357,011779,063785
5116,05/10/2016,028699,030180,002794,014011,016742
5115,01/10/2016,086018,063748,080200,026357,087880
5114,28/09/2016,002644,057842,078707,002996,070852
5113,24/09/2016,067936,062958,059243,065387,075031
5112,21/09/2016,037364,068633,014308,019513,043127
5111,17/09/2016,049027,053547,017742,020812,019704
5110,14/09/2016,025684,063995,073065,083652,047980
5109,10/09/2016,044059,087833,084850,011658,037402
5108,06/09/2016,015003,042562,018508,010818,041861
5107,03/09/2016,069972,039748,008180,025577,076485
5106,31/08/2016,085700,045102,060035,089134,010422
5105,27/08/2016,032246,031508,024003,036182,065345
5104,24/08/2016,062574,056622,083904,048951,089111
5103,20/08/2016,055869,050299,041219,071362,024358
5102,17/08/2016,085889,065207,082797,054445,088221
5101,13/08/2016,015001,030059,050539,059156,037543
5100,10/08/2016,017493,079750,079570,020859,039942
5099,06/08/2016,079098,023445,014579,058894,081899
5098,03/08/2016,049713,061726,010435,056871,070420
5097,30/07/2016,009979,010949,016151,036821,081922
5096,27/07/2016,018286,073501,004962,033623,026989
5095,23/07/2016,084266,071483,026808,073367,012102
5094,20/07/2016,049536,082472,037558,034969,035948
5093,16/07/2016,006792,017187,017158,049429,045441
5092,13/07/2016,078318,046294,009234,034024,003689
5091,09/07/2016,031479,022634,047252,060511,045517
5090,06/07/2016,065298,029913,064430,021891,032570
5089,02/07/2016,005187,060100,019886,036028,078480
5088,29/06/2016,082558,062613,037661,002214,015641
5087,25/06/2016,025635,057039,082350,058236,059320
5086,22/06/2016,029784,065921,017376,084909,028189
5085,18/06/2016,037450,012346,069295,005469,084621
5084,15/06/2016,039635,073041,025104,000255,047002
5083,11/06/2016,072285,068043,038879,028992,083498
5082,08/06/2016,079134,059200,044823,051675,011322
5081,04/06/2016,033697,037402,012045,004231,013014
5080,01/06/2016,007902,077068,003878,076030,007504
5079,28/05/2016,075613,016209,070697,094070,012167
5078,25/05/2016,075708,019254,084698,024086,031580
5077,21/05/2016,020834,074743,006444,041186,026203
5076,18/05/2016,068037,009621,015455,078612,067910
5075,14/05/2016,060828,062722,038801,051809,013213
5074,11/05/2016,079325,081446,090583,078887,024698
5073,07/05/2016,085093,073292,082701,015136,071304
5072,04/05/2016,051731,019756,076564,031874,051256
5071,30/04/2016,017678,011327,093790,005007,009369
5070,27/04/2016,025363,081507,021265,081706,016957
5069,23/04/2016,053703,002043,072762,018166,056791
5068,20/04/2016,093714,020725,040245,095047,079078
5067,16/04/2016,079966,079330,023385,020595,079795
5066,13/04/2016,006897,015830,073175,073874,048850
5065,09/04/2016,042176,006002,027111,093033,004078
5064,06/04/2016,009652,039387,070999,027247,093087
5063,02/04/2016,015814,021322,040608,061722,078216
5062,30/03/2016,010036,060858,039758,079212,090726
5061,26/03/2016,005701,074771,011330,089964,027790
5060,23/03/2016,076168,030106,052343,002582,072774
5059,19/03/2016,029245,089254,023201,054242,000517
5058,16/03/2016,083259,020348,071328,055901,054189
5057,12/03/2016,078761,036436,064347,012309,054867
5056,09/03/2016,069395,029406,067609,066716,045079
5055,05/03/2016,019696,062619,092258,064993,087307
5054,02/03/2016,020740,011579,050509,056528,031933
5053,27/02/2016,035301,080946,061513,047500,067668
5052,24/02/2016,034343,017825,043416,057081,025485
5051,20/02/2016,017230,018083,030365,024379,083056
5050,17/02/2016,064577,027891,038286,077468,028893
5049,13/02/2016,043046,007825,090250,087219,046249
5048,10/02/2016,062941,017012,091779,054323,013756
5047,06/02/2016,014274,065456,075119,045599,095914
5046,03/02/2016,046664,027970,067936,055173,065757
5045,30/01/2016,061099,062145,087863,081232,019906
5044,27/01/2016,033512,000111,081436,064136,088285
5043,23/01/2016,091677,080900,096631,072439,085396
5042,20/01/2016,042673,059029,039669,035724,091751
5041,16/01/2016,065769,028329,021834,030948,016223
5040,13/01/2016,033934,056965,061833,052834,019921
5039,09/01/2016,090256,064149,041759,086029,060344
5038,06/01/2016,094740,054788,025214,068140,095211
5037,31/12/2015,038445,090688,032492,016809,019851
5036,29/12/2015,042036,049682,048531,036040,036759
5035,24/12/2015,028967,008481,039786,023321,080432
5034,22/12/2015,003560,046434,024005,091819,076446
5033,19/12/2015,026938,002541,053974,082912,033557
5032,16/12/2015,092386,014493,015920,062864,095931
5031,12/12/2015,018470,094071,060871,054350,091980
5030,09/12/2015,069135,031037,056712,064254,035493
5029,05/12/2015,038312,049090,011233,039131,017727
5028,02/12/2015,052062,042570,075033,010491,017570
5027,28/11/2015,042168,000007,093669,070654,068668
5026,25/11/2015,041887,070665,071873,088544,000347
5025,21/11/2015,058364,094470,067491,078147,040293
5024,18/11/2015,045863,052402,028803,095055,014042
5023,14/11/2015,019808,087666,020235,081338,019017
5022,11/11/2015,080505,086282,027672,026480,027586
5021,07/11/2015,047743,096078,059874,069253,089804
5020,04/11/2015,095561,046323,046446,076876,055076
5019,31/10/2015,059960,041229,029807,022745,058845
5018,28/10/2015,025444,026663,072335,090475,060060
5017,24/10/2015,086660,069944,022608,053832,026061
5016,21/10/2015,068339,025471,077276,059805,043737
5015,17/10/2015,050864,024359,086724,090004,029552
5014,14/10/2015,044307,078575,075124,002366,006651
5013,10/10/2015,032389,065903,032920,041645,097616
5012,07/10/2015,044898,045641,003810,021658,065462
5011,03/10/2015,062581,012104,040005,094719,027264
5010,30/09/2015,065154,080014,043431,014051,015881
5009,26/09/2015,072144,049251,051791,061208,097887
5008,23/09/2015,064954,023881,044606,055291,076107
5007,19/09/2015,026939,081168,086923,035002,052632
5006,16/09/2015,088996,078672,034609,026465,000375
5005,12/09/2015,018508,010112,052831,039750,063065
5004,09/09/2015,022613,073669,008175,058795,043027
5003,05/09/2015,015561,085211,071156,072192,086810
5002,02/09/2015,037404,001124,022759,064635,025564
5001,29/08/2015,038547,035091,041860,096704,001855
5000,26/08/2015,072729,067611,060074,092742,021683
4999,22/08/2015,093644,027401,042641,062494,054020
4998,19/08/2015,045612,017501,077509,019871,041663
4997,15/08/2015,045464,086020,032731,075723,021257
4996,12/08/2015,041413,000831,045211,080324,092299
4995,08/08/2015,006455,083632,007937,006150,072159
4994,05/08/2015,065347,044525,083844,009363,057352
4993,01/08/2015,022137,072470,079004,066172,077477
4992,29/07/2015,087974,037436,053192,025056,076188
4991,25/07/2015,053871,097307,046603,092804,038571
4990,22/07/2015,034037,038060,083741,013920,053784
4989,18/07/2015,086650,071492,040185,022323,005820
4988,15/07/2015,005264,074939,016213,028488,029063
4987,11/07/2015,075581,012856,072763,084161,046014
4986,08/07/2015,087111,050219,063282,009682,096652
4985,04/07/2015,056606,008412,001584,020799,013570
4984,01/07/2015,058251,052738,081636,057042,036806
4983,27/06/2015,009808,052594,094165,050506,062711
4982,24/06/2015,071262,017923,045067,045617,031394
4981,20/06/2015,094604,035372,090646,079097,010514
4980,17/06/2015,022010,017060,096528,043159,006367
4979,13/06/2015,049529,027476,070917,047763,027697
4978,10/06/2015,059932,013587,076788,035989,022245
4977,06/06/2015,004486,005000,016549,040327,069596
4976,03/06/2015,080380,014017,031104,035400,029689
4975,30/05/2015,033914,000762,061254,062976,097488
4974,27/05/2015,060652,036941,048568,066257,027012
4973,23/05/2015,095036,028792,005107,019622,007200
4972,20/05/2015,022835,024414,020671,009016,042222
4971,16/05/2015,001416,059563,031937,011982,050834
4970,13/05/2015,027273,005303,017773,043661,011441
4969,09/05/2015,034704,077540,006633,016687,066539
4968,06/05/2015,069123,085779,086332,093624,007089
4967,02/05/2015,078461,046165,025889,011120,035001
4966,29/04/2015,027411,060434,065655,093140,089785
4965,25/04/2015,072283,083759,044839,062926,042029
4964,22/04/2015,059254,058650,035033,062262,094688
4963,18/04/2015,042583,057055,065655,020547,041710
4962,15/04/2015,022109,041455,013260,031566,018759
4961,11/04/2015,005788,001416,006216,026286,072293
4960,08/04/2015,005316,066186,084497,006052,084291
4959,04/04/2015,097984,058742,003649,053749,062746
4958,01/04/2015,096885,085256,083572,079541,076085
4957,28/03/2015,063487,065079,043554,091016,076226
4956,25/03/2015,054795,077188,025987,067602,002419
4955,21/03/2015,021614,060379,067526,084650,067771
4954,18/03/2015,091880,035173,043211,020985,007719
4953,14/03/2015,081165,027585,007719,097364,008574
4952,11/03/2015,025642,004351,019588,056364,008207
4951,07/03/2015,088550,037544,043589,048000,058760
4950,04/03/2015,002870,091422,016888,040994,039340
4949,28/02/2015,018147,044606,093343,025908,055696
4948,25/02/2015,008554,077610,085740,086053,011974
4947,21/02/2015,075507,029524,030557,024851,028523
4946,18/02/2015,055666,057666,007933,056244,062507
4945,14/02/2015,093457,074905,076099,072061,056926
4944,11/02/2015,046582,078706,001592,050866,008920
4943,07/02/2015,040147,053956,066104,023381,055724
4942,04/02/2015,097792,044349,027114,070874,088524
4941,31/01/2015,082733,003688,070720,077100,069959
4940,28/01/2015,089078,054424,009005,097454,011760
4939,24/01/2015,088260,067395,030552,032216,013475
4938,21/01/2015,049977,020898,038015,026763,081231
4937,17/01/2015,029704,006449,073268,031813,043335
4936,14/01/2015,074310,020476,020443,082391,079585
4935,10/01/2015,052402,087431,081242,059286,039996
4934,07/01/2015,095805,010294,052607,013118,039980
4933,03/01/2015,027621,032535,043799,073185,052187
4932,31/12/2014,026806,000788,071483,065637,047670
4931,27/12/2014,055159,049396,012167,054911,064601
4930,24/12/2014,091940,073662,091328,081435,000003
4929,20/12/2014,014380,077786,076310,011116,021233
4928,17/12/2014,064182,092044,004144,094447,024895
4927,13/12/2014,000105,022065,092432,096331,044504
4926,10/12/2014,058315,076525,096372,076812,077839
4925,06/12/2014,015777,076400,057249,047942,044395
4924,03/12/2014,037447,074041,022833,019770,030112
4923,29/11/2014,051775,042765,061762,086357,022140
4922,26/11/2014,051376,097023,026229,071674,011897
4921,22/11/2014,021265,022370,025986,026366,074062
4920,19/11/2014,071861,040933,063872,001395,062240
4919,14/11/2014,053884,036429,072789,018107,008719
4918,12/11/2014,032751,083755,074234,065146,014495
4917,08/11/2014,046066,005116,003094,011624,079262
4916,05/11/2014,089592,076111,032727,000189,017129
4915,01/11/2014,076438,081458,094306,018770,024877
4914,29/10/2014,009289,013177,023872,010125,093552
4913,25/10/2014,071138,044508,018128,043939,077819
4912,22/10/2014,056456,013872,090361,070860,080840
4911,18/10/2014,021244,076980,034311,098233,065062
4910,15/10/2014,066675,088860,091418,009666,013011
4909,11/10/2014,034751,053797,041456,037178,023185
4908,08/10/2014,020907,002576,050515,008105,041576
4907,04/10/2014,050880,051554,014306,045321,023854
4906,01/10/2014,063413,014650,005468,059357,092345
4905,27/09/2014,059086,091482,075413,085255,031869
4904,24/09/2014,079566,092771,084962,059696,013981
4903,20/09/2014,026964,064941,003657,063415,011392
4902,17/09/2014,008976,054151,081941,089149,000277
4901,13/09/2014,074435,072798,082506,004129,041544
4900,10/09/2014,025368,000428,011084,050733,095975
4899,06/09/2014,027190,077683,094284,075800,048255
4898,03/09/2014,058516,046718,046456,073595,036209
4897,30/08/2014,044004,075569,025236,081751,004776
4896,27/08/2014,011832,095300,058169,064487,006343
4895,23/08/2014,054843,012101,078158,064348,069628
4894,20/08/2014,004373,079992,024661,030003,012612
4893,16/08/2014,070059,075391,052684,081863,088596
4892,13/08/2014,023286,086735,056817,034774,086829
4891,09/08/2014,092872,074555,018932,004349,060556
4890,06/08/2014,096125,017343,003120,001412,039460
4889,02/08/2014,007666,011013,090331,075109,093169
4888,30/07/2014,024313,051557,087746,070833,034366
4887,26/07/2014,027357,056751,097384,086806,022858
4886,23/07/2014,025897,000466,034523,010150,036246
4885,19/07/2014,016198,013557,087275,012729,038242
4884,16/07/2014,019103,024626,036321,027077,061715
4883,12/07/2014,034099,075345,072742,063569,045819
4882,09/07/2014,049540,017761,012945,087721,092809
4881,05/07/2014,008175,086286,027451,013923,092649
4880,02/07/2014,086444,001261,094492,013870,030495
4879,28/06/2014,013309,064858,041466,070042,012279
4878,25/06/2014,068359,073740,054455,052639,077532
4877,21/06/2014,079954,035849,096393,016769,080273
4876,18/06/2014,087930,021685,012575,093090,043701
4875,14/06/2014,070399,037613,066130,003047,077793
4874,11/06/2014,021920,025666,089652,095911,038066
4873,07/06/2014,048643,051470,074009,032533,056912
4872,04/06/2014,019183,043228,024030,094002,050231
4871,31/05/2014,032997,044479,089015,024925,025970
4870,28/05/2014,066159,025318,058207,011863,031630
4869,24/05/2014,036856,095988,082709,063056,023645
4868,21/05/2014,081487,030527,037149,038046,030921
4867,17/05/2014,077209,062259,065168,015397,011453
4866,14/05/2014,086400,084919,021616,096348,076679
4865,10/05/2014,034210,044468,069141,011601,039536
4864,07/05/2014,037119,009410,049282,092260,017838
4863,03/05/2014,070877,054794,057219,000783,062555
4862,30/04/2014,039573,095062,029193,061472,092589
4861,26/04/2014,013696,027789,014192,010856,083158
4860,23/04/2014,001601,065911,077754,095245,089549
4859,19/04/2014,084403,001863,085020,080754,053532
4858,16/04/2014,060024,086460,052905,078063,007817
4857,12/04/2014,091658,024498,049252,008608,062944
4856,09/04/2014,016262,023397,045193,089594,001665
4855,05/04/2014,004365,027042,071491,063126,018294
4854,02/04/2014,004248,050209,002485,061418,005596
4853,29/03/2014,032743,020058,022354,015214,011870
4852,26/03/2014,015539,059610,003193,037047,020527
4851,22/03/2014,043350,044284,013015,050339,008042
4850,19/03/2014,025420,037096,025040,076171,010919
4849,15/03/2014,034200,063056,043375,047225,062471
4848,12/03/2014,061032,008229,096379,035446,025691
4847,08/03/2014,048771,020033,068286,050031,048779
4846,06/03/2014,073922,001422,025570,027025,017404
4845,01/03/2014,032422,040919,084249,040046,041797
4844,26/02/2014,094181,043192,006635,039477,038799
4843,22/02/2014,026048,057871,034260,070513,066015
4842,19/02/2014,056165,015249,033169,056283,063703
4841,15/02/2014,066752,069547,032412,056885,097514
4840,12/02/2014,034108,079958,050817,059382,071699
4839,08/02/2014,043616,001508,012375,063865,031839
4838,05/02/2014,040825,001823,037547,039317,073154
4837,01/02/2014,082746,012274,035976,002548,003484
4836,29/01/2014,008535,059188,002620,039476,025779
4835,25/01/2014,057851,075072,081646,083304,016514
4834,22/01/2014,020536,043164,010536,049013,064563
4833,18/01/2014,043517,080226,045199,036760,000160
4832,15/01/2014,045217,001598,029740,083129,001135
4831,11/01/2014,065403,051702,077861,077424,038797
4830,08/01/2014,022112,018819,038534,030507,032577
4829,04/01/2014,023033,078076,082655,052280,092927
4828,02/01/2014,000529,004695,086097,079823,034185
4827,28/12/2013,081900,037605,088768,067675,048047
4826,24/12/2013,052076,053382,063095,003090,068704
4825,21/12/2013,010352,045790,087091,088678,088701
4824,18/12/2013,049656,079659,049253,021010,039156
4823,14/12/2013,069477,089047,084942,028412,039261
4822,11/12/2013,068887,087209,044878,072504,006291
4821,07/12/2013,019013,033404,084145,056015,028497
4820,04/12/2013,091981,000013,024835,027206,017945
4819,30/11/2013,094680,024316,043868,071854,017646
4818,27/11/2013,079496,033276,048339,080223,088933
4817,23/11/2013,092790,089953,096482,013258,070858
4816,20/11/2013,009025,024420,028188,000831,062895
4815,16/11/2013,069049,030400,031219,008843,050247
4814,13/11/2013,067245,035186,004934,036752,018071
4813,09/11/2013,034176,084741,050245,040679,090293
4812,06/11/2013,055303,086700,014305,085137,037134
4811,01/11/2013,004081,054062,091088,080581,075123
4810,30/10/2013,022347,088825,022203,023148,049652
4809,26/10/2013,060294,011548,093986,057756,013131
4808,23/10/2013,083634,070917,044141,050736,036315
4807,19/10/2013,085400,013408,037123,022847,050072
4806,16/10/2013,088275,005455,064086,008333,055514
4805,11/10/2013,061106,001235,092747,059372,088065
4804,09/10/2013,065051,067779,034091,089257,079359
4803,05/10/2013,031458,011270,048402,017507,048663
4802,02/10/2013,057659,056752,063698,074437,039230
4801,28/09/2013,003824,005237,041702,006465,058778
4800,25/09/2013,060829,045840,066070,012439,042204
4799,21/09/2013,060989,017413,014456,014232,010664
4798,18/09/2013,091195,039441,036785,036711,020327
4797,14/09/2013,051173,092664,033662,083226,059623
4796,11/09/2013,005624,005340,069546,015651,013759
4795,06/09/2013,082097,075618,027067,095577,028497
4794,04/09/2013,021351,065034,006286,055396,004839
4793,31/08/2013,017679,055733,016633,084631,031352
4792,28/08/2013,064581,085265,017302,005747,053591
4791,24/08/2013,067605,000641,009701,055811,014925
4790,21/08/2013,036554,045146,013471,056463,042486
4789,17/08/2013,017498,039415,025591,061419,007352
4788,14/08/2013,045652,014013,084861,079994,028447
4787,10/08/2013,072449,058264,083159,001015,045949
4786,07/08/2013,002437,062049,004721,036732,011262
4785,03/08/2013,096076,032837,002975,039108,044475
4784,31/07/2013,041419,070113,070237,062094,076274
4783,27/07/2013,045537,079538,020913,057956,081866
4782,24/07/2013,095098,017247,031389,011058,068955
4781,20/07/2013,047366,092815,081507,050992,014128
4780,17/07/2013,095589,068030,005632,085760,056424
4779,13/07/2013,065176,011059,016628,089852,031666
4778,10/07/2013,062441,027405,022733,060334,031166
4777,06/07/2013,049918,066566,036428,031187,080678
4776,03/07/2013,083318,008563,047355,044788,018615
4775,29/06/2013,090434,025523,010323,070121,009985
4774,26/06/2013,056664,077976,081554,069453,057990
4773,22/06/2013,053317,032543,028994,036303,000486
4772,19/06/2013,088347,080078,076650,057869,001319
4771,15/06/2013,073388,008978,028280,026740,004121
4770,12/06/2013,012475,054075,055722,078291,052247
4769,08/06/2013,086143,072286,096630,057379,068894
4768,05/06/2013,077410,053737,022911,069617,053688
4767,01/06/2013,011884,025118,033241,073167,077204
4766,29/05/2013,063521,061863,050505,078337,026606
4765,25/05/2013,017629,093402,078101,069393,037951
4764,22/05/2013,023601,073744,089403,029039,036113
4763,18/05/2013,066497,008238,020867,039629,028062
4762,15/05/2013,026523,051810,036112,065401,065569
4761,11/05/2013,028973,076816,057665,010853,004671
4760,08/05/2013,020490,089407,030799,033838,078330
4759,04/05/2013,050983,064061,037273,073811,076051
4758,30/04/2013,083217,004229,032914,094442,020413
4757,27/04/2013,038028,006220,029599,081005,089623
4756,24/04/2013,024246,004632,010857,003881,059260
4755,20/04/2013,055091,041219,052428,067378,063086
4754,17/04/2013,019128,071988,037236,091084,007528
4753,13/04/2013,016260,023908,033356,017142,043442
4752,10/04/2013,089743,048479,005850,092343,010332
4751,06/04/2013,052026,003878,023600,073870,096202
4750,03/04/2013,012834,066774,052849,007566,087309
4749,30/03/2013,032955,001886,082659,003518,050961
4748,27/03/2013,030880,030557,060023,081197,085364
4747,23/03/2013,010485,087487,060437,089192,047008
4746,20/03/2013,067241,064893,003758,065705,014734
4745,16/03/2013,028250,002337,074342,068114,031886
4744,13/03/2013,022997,022656,075070,013041,052652
4743,09/03/2013,070200,025628,065823,031420,054278
4742,06/03/2013,005386,002758,004667,082972,064668
4741,02/03/2013,066525,066575,069558,039049,070674
4740,27/02/2013,088155,088804,013071,076422,052033
4739,23/02/2013,095238,062520,003213,025006,001731
4738,20/02/2013,077146,044713,045181,002413,037774
4737,16/02/2013,001107,075201,010196,081114,063924
4736,13/02/2013,028478,086653,091467,060071,011864
4735,09/02/2013,034404,007140,090889,000461,016870
4734,06/02/2013,051164,045165,046391,025551,068100
4733,02/02/2013,040691,086031,059433,034584,042545
4732,30/01/2013,048667,025917,006971,069614,062183
4731,26/01/2013,047567,031581,040740,084763,007730
4730,23/01/2013,006505,022324,019713,017432,066589
4729,19/01/2013,092331,045639,031046,012451,017669
4728,16/01/2013,027676,003704,003815,006990,035640
4727,12/01/2013,079550,046090,049831,039696,010533
4726,09/01/2013,060234,066690,048084,035071,066981
4725,05/01/2013,078607,012393,050655,081965,019610
4724,02/01/2013,057541,006704,086400,049459,052209
4723,29/12/2012,076523,078956,056956,058048,089282
4722,26/12/2012,005917,047441,061001,037913,090541
4721,22/12/2012,027813,076105,003795,066730,020818
4720,19/12/2012,069758,030560,088690,042571,068300
4719,15/12/2012,036704,095081,056221,066097,044236
4718,12/12/2012,094812,024018,001248,054014,069082
4717,08/12/2012,060990,014070,046370,047940,018575
4716,05/12/2012,047865,055787,054387,078129,002902
4715,01/12/2012,006072,094383,068173,042637,071009
4714,28/11/2012,022805,019380,040818,069594,008536
4713,24/11/2012,069508,049690,071471,036774,050776
4712,21/11/2012,039706,048404,089537,004850,012260
4711,17/11/2012,071181,086964,074924,051058,049430
4710,14/11/2012,006248,034843,060208,049775,040362
4709,10/11/2012,026128,045730,089080,055654,003017
4708,07/11/2012,041066,094020,005362,070391,009604
4707,03/11/2012,071977,012574,063399,080825,034018
4706,31/10/2012,062704,061516,055378,014295,073938
4705,27/10/2012,032975,087644,000048,052993,051029
4704,24/10/2012,017488,026809,032596,083010,034325
4703,20/10/2012,092916,091696,064839,037353,094718
4702,17/10/2012,017624,000760,042633,058438,042484
4701,13/10/2012,047900,012284,068629,071908,019689
4700,10/10/2012,081656,046103,028788,068093,071192
4699,06/10/2012,056428,023768,017537,027065,059098
4698,03/10/2012,074567,056179,085146,021251,031351
4697,29/09/2012,045470,042519,030079,061650,060577
4696,26/09/2012,014604,064142,002354,015092,083233
4695,22/09/2012,020282,061600,061431,037978,073940
4694,19/09/2012,073034,024773,079754,083247,004664
4693,15/09/2012,045372,062907,007802,062353,043372
4692,12/09/2012,081860,056550,011552,064167,003058
4691,08/09/2012,002493,029702,045804,018565,043855
4690,05/09/2012,084957,022815,074016,023397,019294
4689,01/09/2012,061380,054966,015143,042678,038621
4688,29/08/2012,083620,027436,029193,014042,050356
4687,25/08/2012,071253,023777,020364,001580,066070
4686,22/08/2012,074534,069379,061456,046128,038837
4685,18/08/2012,058904,070394,075164,054892,058538
4684,15/08/2012,056984,020522,011295,007088,033019
4683,11/08/2012,064295,080137,009017,009385,081695
4682,08/08/2012,047967,054771,079823,078161,057127
4681,04/08/2012,050567,024587,014856,015546,013965
4680,01/08/2012,054062,012705,045542,051962,024383
4679,28/07/2012,064683,070365,017588,062603,044718
4678,25/07/2012,033260,024660,009324,010252,076161
4677,21/07/2012,041773,035024,019234,033239,071512
4676,18/07/2012,064584,085885,033689,039911,065495
4675,14/07/2012,060512,044749,056827,013227,063710
4674,11/07/2012,047215,063857,067629,009281,083514
4673,07/07/2012,054034,058483,059529,071945,028400
4672,04/07/2012,066533,069702,005608,004895,037638
4671,30/06/2012,040092,024280,075387,015563,072541
4670,27/06/2012,084457,043425,001470,037258,051455
4669,23/06/2012,040780,021881,068240,004136,023498
4668,20/06/2012,080287,000155,018593,019281,059772
4667,16/06/2012,063766,028304,004224,036072,049799
4666,13/06/2012,060838,085349,002100,014363,056552
4665,09/06/2012,064503,043640,025273,034833,004889
4664,06/06/2012,039322,032794,084789,069759,007800
4663,02/06/2012,045888,034706,000106,025109,066577
4662,30/05/2012,024523,050467,013945,034195,081414
4661,26/05/2012,057998,014886,052130,035602,006194
4660,23/05/2012,077701,052352,021729,009442,052016
4659,19/05/2012,055072,020107,050070,064854,071882
4658,16/05/2012,010102,031489,012744,025354,059364
4657,12/05/2012,002834,002786,061316,045529,037297
4656,09/05/2012,028357,011437,055274,052052,036600
4655,05/05/2012,041778,004132,000091,052101,073095
4654,02/05/2012,030291,032140,039675,025107,026892
4653,28/04/2012,010471,016725,043254,071234,004146
4652,25/04/2012,034702,069787,076322,029898,007177
4651,20/04/2012,062499,080073,015352,020055,026664
4650,18/04/2012,019600,047527,009632,082140,001783
4649,14/04/2012,064415,065923,024760,056153,066045
4648,11/04/2012,053984,023728,014062,039700,004220
4647,07/04/2012,008906,034134,019493,070184,007680
4646,04/04/2012,030584,023926,062205,017672,050132
4645,31/03/2012,056887,065955,048439,040494,063663
4644,28/03/2012,043798,077628,046204,072509,080788
4643,24/03/2012,029850,008396,044427,067399,011128
4642,21/03/2012,061143,071951,046291,048810,059500
4641,17/03/2012,059938,032751,070403,065263,047438
4640,14/03/2012,022380,074151,083113,052421,010175
4639,10/03/2012,005690,008938,025769,062201,045074
4638,07/03/2012,059388,001087,072652,037575,084658
4637,03/03/2012,053959,054876,057769,005554,035649
4636,29/02/2012,065714,042404,069803,075996,026795
4635,25/02/2012,017316,021924,002634,042370,034915
4634,22/02/2012,048789,016192,010808,067869,010064
4633,18/02/2012,015757,076071,044323,077363,035129
4632,15/02/2012,012825,018949,027934,072261,018880
4631,11/02/2012,074014,046586,048446,068344,067476
4630,08/02/2012,039442,003065,078725,072214,065910
4629,04/02/2012,030144,003777,026843,012519,006110
4628,01/02/2012,021309,029391,080387,016441,001161
4627,28/01/2012,017359,001028,045916,012904,023415
4626,25/01/2012,018917,056962,038370,062742,066873
4625,21/01/2012,063441,053706,057902,048788,052623
4624,18/01/2012,067970,052527,010299,057721,041477
4623,14/01/2012,055780,040976,054359,003755,010206
4622,11/01/2012,043489,016991,018745,070069,076628
4621,07/01/2012,065199,008158,037656,006310,055122
4620,04/01/2012,037851,010563,007013,001183,054300
4619,31/12/2011,007679,061593,067151,023171,040962
4618,28/12/2011,016107,055856,054658,025804,033397
4617,24/12/2011,006652,064453,067545,037093,071937
4616,21/12/2011,000277,034126,025268,072007,037468
4615,17/12/2011,072681,042988,045101,049824,005936
4614,14/12/2011,068841,046632,015032,030831,006785
4613,10/12/2011,063986,059249,027575,025091,011045
4612,07/12/2011,070428,043133,077421,073007,049253
4611,03/12/2011,047323,026700,031220,066860,033748
4610,30/11/2011,073751,043382,022509,003420,033308
4609,26/11/2011,044679,072886,013248,065490,029573
4608,23/11/2011,018002,071547,029906,037261,023046
4607,19/11/2011,026316,000138,020948,009304,000295
4606,16/11/2011,075024,000478,072465,027979,066701
4605,12/11/2011,017211,001879,025321,038811,031058
4604,09/11/2011,061854,007932,049561,025746,051988
4603,05/11/2011,073900,057164,044751,015200,008340
4602,03/11/2011,025326,073615,076488,049463,057981
4601,29/10/2011,016265,051763,019437,019809,061333
4600,26/10/2011,078299,017610,075139,017620,013771
4599,22/10/2011,027267,028643,046044,062943,051831
4598,19/10/2011,075136,076965,072667,043714,006926
4597,15/10/2011,031100,023537,050813,050511,003011
4596,13/10/2011,005272,059404,079646,017593,003727
4595,08/10/2011,063118,049573,001257,016677,008098
4594,05/10/2011,066317,041071,062150,058927,011523
4593,01/10/2011,004987,016777,016427,073064,011021
4592,28/09/2011,045902,046052,025553,067277,020409
4591,24/09/2011,030000,017718,009922,020205,002124
4590,21/09/2011,000904,022447,034372,082329,068092
4589,17/09/2011,024514,081864,022460,027176,047210
4588,14/09/2011,044604,079394,051957,011056,003401
4587,10/09/2011,030527,011050,013376,046072,002198
4586,08/09/2011,073430,021594,003723,005603,055761
4585,03/09/2011,006719,007112,070548,030659,075601
4584,31/08/2011,032518,035290,024252,013942,016144
4583,27/08/2011,050822,028922,055505,053972,004317
4582,24/08/2011,063189,055364,068111,058932,067646
4581,20/08/2011,044952,000221,056360,003026,014988
4580,17/08/2011,063505,007966,011869,081510,074467
4579,13/08/2011,010525,051900,058927,006053,068955
4578,10/08/2011,045697,070329,067622,027219,011214
4577,06/08/2011,050298,061036,061895,038261,058195
4576,03/08/2011,080972,050347,038537,005747,045728
4575,30/07/2011,058248,072025,007074,041890,048850
4574,27/07/2011,020223,019070,009520,066210,012434
4573,23/07/2011,009434,030728,003352,001618,074949
4572,20/07/2011,031596,012730,079204,066760,052412
4571,16/07/2011,079694,066552,051141,047511,038165
4570,13/07/2011,055475,051150,074318,034649,045314
4569,09/07/2011,025371,049590,070404,072116,020258
4568,06/07/2011,076322,078294,003413,040549,014860
4567,02/07/2011,007267,018992,073344,069039,066388
4566,29/06/2011,031953,044658,015290,031355,042203
4565,25/06/2011,061152,008640,026862,004848,036473
4564,22/06/2011,014321,052061,030549,004977,023960
4563,18/06/2011,040546,006816,006636,056743,007690
4562,15/06/2011,054407,064061,005032,077485,023101
4561,11/06/2011,021418,053188,010472,004932,031256
4560,08/06/2011,008263,077111,025224,035860,021422
4559,04/06/2011,034846,027962,010658,070004,071032
4558,01/06/2011,066709,020470,078692,077628,014147
4557,28/05/2011,049794,010774,044911,004247,038519
4556,25/05/2011,005289,010742,044280,061229,025749
4555,21/05/2011,046055,058978,032859,038999,017653
4554,18/05/2011,051607,042118,060365,067923,005200
4553,14/05/2011,004377,021733,031501,066193,006976
4552,11/05/2011,077688,079080,013378,027614,048415
4551,07/05/2011,045365,011890,071352,070843,055615
4550,04/05/2011,002669,073108,080846,050241,074494
4549,30/04/2011,031735,058543,006512,032556,020101
4548,27/04/2011,068077,032687,055790,022563,052177
4547,23/04/2011,031606,006571,016758,082962,031973
4546,19/04/2011,043560,050284,054741,060158,041405
4545,16/04/2011,073985,023774,008534,009454,072779
4544,13/04/2011,058833,018259,021986,038003,082437
4543,09/04/2011,011590,028841,006725,078183,026786
4542,06/04/2011,042007,045109,073295,003893,000529
4541,02/04/2011,014020,033490,066394,068227,036412
4540,30/03/2011,016376,070930,006734,063231,038044
4539,26/03/2011,044136,075677,075431,024726,068687
4538,23/03/2011,057602,017214,042518,063684,059520
4537,19/03/2011,004690,001379,032379,008318,047495
4536,16/03/2011,077207,074603,047753,044704,045733
4535,12/03/2011,050136,040796,071505,057510,000854
4534,09/03/2011,027349,028765,006740,038312,035614
4533,05/03/2011,010767,074831,066414,018149,013541
4532,02/03/2011,039065,016112,062929,051790,014961
4531,26/02/2011,021954,008229,059626,048083,027468
4530,23/02/2011,056692,038437,045512,052058,011420
4529,19/02/2011,025215,001732,028377,073147,034423
4528,16/02/2011,061873,030851,077678,036404,030317
4527,12/02/2011,057452,027154,072957,043876,041047
4526,09/02/2011,040755,068367,001807,002331,052020
4525,05/02/2011,031530,073793,040088,016311,049917
4524,02/02/2011,075967,036691,015749,033556,037918
4523,29/01/2011,071128,051140,011550,045531,027775
4522,26/01/2011,077357,003404,025152,082883,064869
4521,22/01/2011,048659,066594,031930,065651,070633
4520,19/01/2011,006946,004065,079867,036623,030517
4519,15/01/2011,051627,002620,032397,082103,000139
4518,12/01/2011,007611,030845,006981,024138,046063
4517,08/01/2011,055529,018104,067915,057502,066408
4516,05/01/2011,058814,044483,036115,038902,040330
4515,31/12/2010,049345,078206,025513,068476,059049
4514,29/12/2010,003516,055605,048044,077912,009489
4513,24/12/2010,024110,067353,001790,005350,029117
4512,22/12/2010,018868,076239,012931,005927,079961
4511,18/12/2010,003141,062460,007226,062945,026284
4510,15/12/2010,034360,004070,003947,062755,010542
4509,11/12/2010,066436,056415,036461,035611,003085
4508,08/12/2010,013884,062410,049340,069053,077484
4507,04/12/2010,016975,021575,028236,050382,015671
4506,01/12/2010,006309,074977,030220,012343,076440
4505,27/11/2010,060869,005790,048576,023976,029951
4504,24/11/2010,075521,017948,055716,051846,072113
4503,20/11/2010,081647,058043,064977,067089,044803
4502,17/11/2010,071631,022482,079949,007866,081446
4501,13/11/2010,022536,046796,030397,027904,009697
4500,10/11/2010,078043,020558,038675,075602,022913
4499,06/11/2010,048417,021145,048763,003209,006280
4498,03/11/2010,026632,032296,038804,043052,048782
4497,30/10/2010,024832,002324,052689,000109,037619
4496,27/10/2010,054142,064143,072961,009324,029698
4495,23/10/2010,035415,055942,050350,034551,046137
4494,20/10/2010,065247,075289,020956,037153,068378
4493,16/10/2010,000078,023393,058833,046340,021553
4492,13/10/2010,081312,010778,001570,078672,063930
4491,09/10/2010,025925,056339,018988,029520,050634
4490,06/10/2010,043756,079063,074302,062929,042885
4489,02/10/2010,046340,052055,003702,052894,041753
4488,29/09/2010,070599,011960,014010,076054,070166
4487,25/09/2010,038046,027582,018854,000588,002806
4486,22/09/2010,079354,006028,008281,019878,064601
4485,18/09/2010,033225,021751,002705,014148,020433
4484,15/09/2010,010556,036429,004958,003172,031025
4483,11/09/2010,073472,065868,044692,045802,037409
4482,08/09/2010,075267,044151,047053,047804,054258
4481,04/09/2010,012515,008344,025288,032329,045194
4480,01/09/2010,022820,080425,012518,080849,002600
4479,28/08/2010,031649,032169,017481,015346,036065
4478,25/08/2010,059332,051237,059972,078758,001970
4477,21/08/2010,013211,013730,044933,034302,028659
4476,18/08/2010,066428,038458,038096,070706,027601
4475,14/08/2010,049507,031316,014850,048576,023423
4474,11/08/2010,035974,008618,030529,047008,036832
4473,07/08/2010,044432,064500,023280,039673,025882
4472,04/08/2010,071686,027064,059227,058525,043144
4471,31/07/2010,028160,067729,009135,026576,055469
4470,28/07/2010,023044,015598,077471,060979,073348
4469,24/07/2010,012655,039447,072574,052610,054220
4468,21/07/2010,028583,016747,043086,036874,049853
4467,17/07/2010,008456,004544,069108,032201,047925
4466,14/07/2010,056031,082892,016635,066667,031030
4465,10/07/2010,077569,001083,017757,070863,030810
4464,07/07/2010,054102,073568,012319,061421,079515
4463,03/07/2010,039439,026583,044940,023300,019077
4462,30/06/2010,035129,009403,008953,082319,045055
4461,26/06/2010,083488,042773,034723,057431,076637
4460,23/06/2010,017807,075158,009871,027960,031567
4459,19/06/2010,020248,067538,006689,048572,071036
4458,16/06/2010,036560,030625,029826,025518,071116
4457,12/06/2010,012089,017318,027051,069280,010838
4456,09/06/2010,071290,081801,069413,052634,002821
4455,05/06/2010,078634,003832,038323,063876,023882
4454,02/06/2010,032219,069251,010055,052768,044450
4453,29/05/2010,019988,077004,024080,026290,039634
4452,26/05/2010,042571,046983,063929,005190,019702
4451,22/05/2010,013248,033403,057088,065661,043720
4450,19/05/2010,040510,003052,054777,051087,068287
4449,15/05/2010,048937,077656,020933,057986,070911
4448,12/05/2010,024097,007342,075497,006830,002885
4447,08/05/2010,075662,042366,072960,063809,067302
4446,05/05/2010,052239,004411,038017,032653,000475
4445,28/04/2010,055894,010058,066259,007601,008996
4444,24/04/2010,063029,079742,031864,052397,065206
4443,20/04/2010,055132,037283,024672,015539,028147
4442,17/04/2010,045008,073901,003842,071260,060436
4441,14/04/2010,071706,056052,063803,068465,032230
4440,10/04/2010,007056,004119,002425,066118,081953
4439,07/04/2010,009992,039511,016259,079617,029782
4438,03/04/2010,062598,052870,015449,011692,052885
4437,31/03/2010,030079,030442,008465,052003,019256
4436,27/03/2010,012259,017090,025375,054289,018582
4435,24/03/2010,035308,047020,036037,002869,068252
4434,20/03/2010,046850,032907,024694,006376,050421
4433,17/03/2010,032263,014888,080451,019620,032774
4432,13/03/2010,078831,023935,081082,020303,026589
4431,10/03/2010,014287,017390,068808,072900,049328
4430,06/03/2010,022048,040257,028080,017493,046386
4429,03/03/2010,082385,047271,039033,033435,002609
4428,27/02/2010,066609,055786,074120,057150,059307
4427,24/02/2010,076121,006938,018969,031399,020794
4426,20/02/2010,050527,028097,042245,052017,035836
4425,17/02/2010,050634,055146,077749,038338,027308
4424,13/02/2010,015021,040460,068142,020984,070098
4423,10/02/2010,044426,034556,073092,034338,064082
4422,06/02/2010,015144,059768,061445,079077,053750
4421,03/02/2010,029795,072528,039889,042037,001819
4420,30/01/2010,071612,046501,047943,061585,011908
4419,27/01/2010,003500,034885,038447,049770,014381
4418,23/01/2010,004401,061556,034732,077491,004790
4417,20/01/2010,022486,061206,052816,049046,054744
4416,16/01/2010,065936,031431,051777,018502,054184
4415,13/01/2010,043198,001611,084144,048177,075640
4414,09/01/2010,063978,010998,040776,055914,035084
4413,06/01/2010,064144,023675,055626,067534,007800
4412,02/01/2010,070662,030373,035067,029985,019059
4411,30/12/2009,032586,021382,048781,063062,007035
4410,26/12/2009,058473,047701,002054,018660,020805
4409,23/12/2009,078593,059331,000049,009189,032741
4408,19/12/2009,075912,050235,079561,046083,062555
4407,16/12/2009,032475,003914,079303,084567,016260
4406,12/12/2009,045643,048333,059606,075353,068257
4405,09/12/2009,080246,041312,025993,007455,074214
4404,05/12/2009,038659,000234,031807,060195,004316
4403,02/12/2009,069801,031938,082642,044353,007674
4402,28/11/2009,050905,047031,075184,059322,065593
4401,25/11/2009,050192,026948,068402,041011,015194
4400,21/11/2009,049406,019213,069034,003585,032556
4399,18/11/2009,000548,057666,068156,054825,030291
4398,14/11/2009,069351,070176,035930,015171,044339
4397,11/11/2009,037353,029147,004453,045814,025636
4396,07/11/2009,025350,018201,014178,005257,013809
4395,04/11/2009,041777,048559,052191,067501,002028
4394,31/10/2009,052574,003538,069904,069187,015701
4393,28/10/2009,003743,022272,034982,020046,000024
4392,24/10/2009,077504,028139,019900,011943,015804
4391,21/10/2009,025658,080796,045055,009762,056661
4390,17/10/2009,040876,069700,040233,043211,000986
4389,14/10/2009,004585,083005,024428,007903,047322
4388,10/10/2009,053375,018059,007195,009638,043650
4387,07/10/2009,007721,046750,047795,029496,007236
4386,03/10/2009,061153,001941,056022,003932,014324
4385,30/09/2009,034351,044745,028881,081544,037571
4384,26/09/2009,000891,018896,066298,031533,051478
4383,23/09/2009,016649,046502,041601,027953,054197
4382,19/09/2009,029084,042419,069932,043804,000379
4381,16/09/2009,007070,049505,003115,082496,038505
4380,12/09/2009,054280,002743,057380,013274,030315
4379,09/09/2009,036020,022047,041167,070800,041596
4378,05/09/2009,075303,029494,009517,039320,067287
4377,02/09/2009,060641,007694,026075,028086,067297
4376,29/08/2009,022455,046616,053657,028760,009074
4375,26/08/2009,059882,059201,019955,024780,008507
4374,22/08/2009,070662,003911,056205,060337,077833
4373,19/08/2009,058428,068943,036750,052983,072290
4372,15/08/2009,043459,051841,011419,034952,019051
4371,12/08/2009,077992,059036,036620,021741,002535
4370,08/08/2009,036193,055868,000650,035263,040190
4369,05/08/2009,054260,058233,069584,075856,018877
4368,01/08/2009,022728,062836,001086,048992,070570
4367,29/07/2009,017295,057572,047981,030510,032877
4366,25/07/2009,029284,006957,041054,024439,011523
4365,22/07/2009,004985,029259,014517,026030,007099
4364,18/07/2009,026505,074962,053981,021910,008144
4363,15/07/2009,079990,044206,008780,013098,045594
4362,11/07/2009,016523,048743,018081,059273,025220
4361,08/07/2009,060034,068071,022206,020282,000055
4360,04/07/2009,067601,053349,059033,069910,009077
4359,01/07/2009,019721,079598,027294,030580,050276
4358,27/06/2009,026690,040649,014117,060159,046697
4357,24/06/2009,040207,050476,046940,066591,012998
4356,20/06/2009,032887,038044,025468,063805,043751
4355,17/06/2009,015879,070259,016010,036713,028143
4354,13/06/2009,021608,023202,021224,002536,064918
4353,10/06/2009,064758,036566,070532,044627,001456
4352,06/06/2009,066728,058337,074403,024342,063180
4351,03/06/2009,007637,030032,004155,037040,006177
4350,30/05/2009,014454,004693,059217,054641,042088
4349,27/05/2009,022105,007266,073914,013893,062391
4348,23/05/2009,005130,041029,047683,012087,056468
4347,20/05/2009,013473,057861,005026,078250,051057
4346,16/05/2009,039012,009676,037820,062467,003776
4345,13/05/2009,058582,052437,003118,073582,004054
4344,09/05/2009,029321,009140,070251,042350,047464
4343,06/05/2009,074932,032160,061236,020364,079941
4342,02/05/2009,031845,065476,027407,050777,026898
4341,29/04/2009,050410,009194,032419,004464,017497
4340,25/04/2009,058871,049305,061114,027024,019370
4339,22/04/2009,038526,062570,073241,048922,023750
4338,18/04/2009,041171,041039,045864,017769,004737
4337,15/04/2009,064911,006534,051696,073804,070357
4336,11/04/2009,030887,024794,060350,051407,055559
4335,08/04/2009,029782,001265,076567,018995,069333
4334,04/04/2009,043039,013669,009456,036119,010033
4333,01/04/2009,041385,048641,013684,078948,049401
4332,28/03/2009,054423,052572,038007,043131,010144
4331,25/03/2009,020871,022948,013475,015933,003633
4330,21/03/2009,073554,013875,052662,073516,004329
4329,18/03/2009,073036,035329,015368,005740,053650
4328,14/03/2009,077990,021121,041933,022179,068227
4327,11/03/2009,031850,060045,075584,054008,024157
4326,07/03/2009,069661,063680,058448,040288,066909
4325,04/03/2009,078324,044241,060300,008003,012205
4324,28/02/2009,008606,034925,005285,030709,071841
4323,25/02/2009,025797,078070,027959,049949,078778
4322,21/02/2009,001389,035826,016900,060309,047347
4321,18/02/2009,061291,035816,048820,034910,020424
4320,14/02/2009,042526,048231,033835,004241,031158
4319,11/02/2009,049872,060134,042050,029064,071490
4318,07/02/2009,071422,031062,042380,047870,070662
4317,04/02/2009,023662,078606,078170,005448,043039
4316,31/01/2009,051006,035854,023510,045913,006500
4315,28/01/2009,043872,007396,079789,005378,004380
4314,24/01/2009,051835,032707,018619,005065,069219
4313,21/01/2009,021543,036439,062956,032383,007070
4312,17/01/2009,035207,048345,052403,045686,028382
4311,14/01/2009,049703,060901,008354,040585,034085
4310,10/01/2009,071207,015693,015880,061878,036185
4309,07/01/2009,061244,067040,002713,018932,072335
4308,03/01/2009,021134,011240,040904,051536,041160
4307,31/12/2008,020534,066178,072943,070272,015040
4306,27/12/2008,055216,032808,021145,007619,066066
4305,24/12/2008,034035,056267,076957,016232,047965
4304,20/12/2008,044674,004836,030471,011777,041211
4303,17/12/2008,049933,064967,073197,025946,053943
4302,13/12/2008,011081,045777,022523,054330,000485
4301,10/12/2008,044137,073382,051188,070702,011533
4300,06/12/2008,028721,021719,019394,036799,015174
4299,03/12/2008,061935,004263,039176,047523,044178
4298,29/11/2008,043939,043152,021246,041617,004453
4297,26/11/2008,002768,041845,064547,001405,059023
4296,22/11/2008,066885,005737,055814,032649,000839
4295,19/11/2008,022935,056038,022020,042303,076172
4294,12/11/2008,047511,005224,009271,068789,003105
4293,08/11/2008,003054,023799,035470,010890,029903
4292,05/11/2008,038995,045697,032690,073000,079301
4291,01/11/2008,068499,048071,046222,049471,047782
4290,29/10/2008,036877,037462,024884,054806,010124
4289,25/10/2008,023094,032427,024068,059761,019470
4288,22/10/2008,029152,059693,036503,035992,040822
4287,18/10/2008,015802,051066,052571,030843,024928
4286,15/10/2008,002779,017067,017219,005142,000901
4285,11/10/2008,050017,023791,056523,069863,069607
4284,08/10/2008,000653,035088,005176,070684,010495
4283,04/10/2008,073987,064784,032850,031486,008544
4282,01/10/2008,059410,016892,010933,002404,030634
4281,27/09/2008,029120,024253,072733,044521,008183
4280,24/09/2008,035709,074204,048233,006489,009283
4279,20/09/2008,049291,064139,013093,010529,002104
4278,17/09/2008,065816,039260,055119,059877,065222
4277,13/09/2008,034050,014207,029052,052212,043939
4276,10/09/2008,002180,042828,002889,006563,005905
4275,06/09/2008,044019,055124,017653,057509,007265
4274,03/09/2008,064586,026065,045369,059429,003645
4273,30/08/2008,000042,069559,022497,074370,042215
4272,27/08/2008,060345,001006,002748,019951,034601
4271,23/08/2008,042456,011176,036765,050800,004243
4270,20/08/2008,034408,040299,034359,054101,026411
4269,16/08/2008,030726,019179,035304,033676,041988
4268,13/08/2008,074862,048490,021557,052358,039557
4267,09/08/2008,035412,002367,012020,074089,026854
4266,06/08/2008,054816,018205,057705,014528,026615
4265,02/08/2008,026553,001141,021830,007123,039330
4264,30/07/2008,005447,000365,041398,018494,048867
4263,26/07/2008,068700,053626,019270,004623,042044
4262,23/07/2008,027392,074651,055165,073565,064805
4261,19/07/2008,032789,048401,056591,023646,068737
4260,16/07/2008,038684,067726,026509,056782,070024
4259,12/07/2008,007445,053234,052145,040146,033817
4258,09/07/2008,037379,027111,009228,054078,020085
4257,05/07/2008,043366,013954,017040,032876,051029
4256,02/07/2008,040416,002273,037656,057849,048565
4255,28/06/2008,073525,046339,055402,014956,065648
4254,25/06/2008,064890,055788,012165,066997,034688
4253,21/06/2008,064261,009728,027283,029210,022780
4252,18/06/2008,067482,051291,037363,008488,048289
4251,14/06/2008,070818,059142,049357,054061,023928
4250,11/06/2008,063499,045780,031738,002737,042993
4249,07/06/2008,019755,028519,004334,072818,004051
4248,04/06/2008,043391,001816,025198,061791,059517
4247,31/05/2008,057480,022673,036969,037945,026113
4246,28/05/2008,048756,024258,041488,064504,014485
4245,24/05/2008,025283,012352,018441,011949,001465
4244,21/05/2008,046047,012871,042877,014098,037850
4243,17/05/2008,027472,001922,004852,012643,035948
4242,14/05/2008,051850,031307,027381,019078,052727
4241,10/05/2008,041238,057971,066653,073165,013519
4240,07/05/2008,023201,010341,003739,042813,034339
4239,03/05/2008,026052,045247,040436,014059,056178
4238,30/04/2008,068771,064533,067059,066664,074513
4237,26/04/2008,060829,028427,026249,030440,029840
4236,23/04/2008,004654,011642,028953,053703,058658
4235,19/04/2008,033051,037046,043467,008490,002322
4234,16/04/2008,071287,040996,024137,008413,049158
4233,12/04/2008,017244,051315,069033,009661,054607
4232,09/04/2008,036558,037564,005519,067556,009484
4231,05/04/2008,020185,035223,061635,015232,027272
4230,02/04/2008,031933,058666,023344,071917,060725
4229,29/03/2008,012926,037896,074830,049114,005299
4228,26/03/2008,001671,039450,073776,019357,028745
4227,22/03/2008,005764,021615,039150,015889,012425
4226,19/03/2008,007332,017382,039715,028299,007605
4225,15/03/2008,022959,002619,055365,053721,006233
4224,12/03/2008,059030,033321,023278,010493,023560
4223,08/03/2008,030278,010103,038179,068278,050911
4222,05/03/2008,057738,063809,018721,013219,051529
4221,01/03/2008,009985,025253,052525,056025,010841
4220,27/02/2008,033915,071668,033187,004968,060483
4219,23/02/2008,070071,031112,058407,015143,023557
4218,20/02/2008,009897,059481,039468,044904,046387
4217,16/02/2008,013671,008791,074684,004781,001362
4216,13/02/2008,001023,056204,044950,019558,056932
4215,09/02/2008,065019,028525,054169,069007,042061
4214,06/02/2008,024012,016004,016076,050443,010144
4213,02/02/2008,069598,029121,045430,035122,023739
4212,30/01/2008,006505,050067,008406,069255,066128
4211,26/01/2008,053053,024925,068773,022329,051255
4210,23/01/2008,002792,002175,014264,012347,019454
4209,19/01/2008,040374,024946,064275,024837,066582
4208,16/01/2008,055112,002195,061317,074244,066599
4207,12/01/2008,070501,057937,008482,024725,070051
4206,09/01/2008,042716,020946,046087,027401,008568
4205,05/01/2008,034032,042094,063294,064312,064587
4204,02/01/2008,065257,019542,036890,032910,043905
4203,29/12/2007,061825,023765,048827,053549,046770
4202,26/12/2007,061898,066992,009528,002138,030747
4201,22/12/2007,001411,027328,016818,052863,025199
4200,19/12/2007,064673,047669,055787,059783,032253
4199,15/12/2007,047586,033089,073985,027847,014500
4198,12/12/2007,000157,052332,052634,026350,055286
4197,08/12/2007,023754,002018,071540,008748,021605
4196,05/12/2007,056253,006729,020039,027317,015898
4195,01/12/2007,041431,049320,014374,063915,073828
4194,28/11/2007,041004,015243,033751,032607,000583
4193,24/11/2007,071401,056550,034520,037266,039873
4192,21/11/2007,017395,066287,055634,048081,047778
4191,17/11/2007,059583,043988,059428,028643,002767
4190,14/11/2007,029222,043101,010932,068255,048330
4189,10/11/2007,060182,048662,039228,017375,054118
4188,07/11/2007,018869,070660,036992,060846,022582
4187,03/11/2007,042082,071180,053741,010022,015790
4186,31/10/2007,051719,005576,048205,036735,046840
4185,27/10/2007,059277,002082,026993,071188,025469
4184,24/10/2007,033234,055604,018555,017576,064978
4183,20/10/2007,071587,055923,012275,054818,057629
4182,17/10/2007,063851,070298,062538,004271,033878
4181,13/10/2007,045806,045777,057281,051175,004722
4180,10/10/2007,015825,024072,017095,043878,009634
4179,06/10/2007,056723,035807,003354,013134,066584
4178,03/10/2007,015560,074143,007490,071192,063440
4177,29/09/2007,011042,061920,059002,073186,059729
4176,26/09/2007,043194,043740,045794,020014,005846
4175,22/09/2007,001352,061216,059915,009788,034560
4174,19/09/2007,047525,026166,014567,040164,039546
4173,15/09/2007,021101,056164,052876,031702,065715
4172,12/09/2007,056907,022611,022649,046123,020523
4171,08/09/2007,016789,022728,001314,000148,059997
4170,05/09/2007,040426,063200,033247,004469,024927
4169,01/09/2007,000823,058018,055984,072258,049120
4168,29/08/2007,042059,051174,012955,006036,038695
4167,25/08/2007,012073,034185,055491,059255,006713
4166,22/08/2007,043956,064400,026412,038971,029097
4165,18/08/2007,028895,013072,019022,039006,009096
4164,15/08/2007,003361,010519,049524,012577,030931
4163,11/08/2007,018598,023579,000008,004222,048833
4162,08/08/2007,068442,025142,060193,074014,003221
4161,04/08/2007,024011,070804,024617,039908,065076
4160,01/08/2007,024548,022223,027946,072310,033738
4159,28/07/2007,046299,039163,065558,071137,013584
4158,25/07/2007,070589,065530,045683,005675,056660
4157,21/07/2007,071188,061589,004319,021530,012058
4156,18/07/2007,013361,059573,039669,021029,064592
4155,14/07/2007,014952,039881,074048,039036,013402
4154,11/07/2007,027219,045625,004726,031733,067440
4153,07/07/2007,044886,057466,019439,060666,012341
4152,04/07/2007,027050,062504,026308,052289,060335
4151,30/06/2007,054185,072179,061105,067315,021418
4150,27/06/2007,067350,036290,024685,030411,018966
4149,23/06/2007,017109,031208,063184,073355,060777
4148,20/06/2007,051586,004392,033206,025100,029041
4147,16/06/2007,054743,029184,028945,042338,057881
4146,13/06/2007,040874,017481,041865,025272,043430
4145,09/06/2007,072624,018424,039806,011323,012499
4144,06/06/2007,005353,009605,053992,074821,021076
4143,02/06/2007,061979,056014,053213,020937,048064
4142,30/05/2007,034222,018549,056116,058432,046993
4141,26/05/2007,001704,033948,062405,009125,002873
4140,23/05/2007,025946,003380,009733,031888,020429
4139,19/05/2007,053894,010808,073497,000003,007854
4138,16/05/2007,005677,062079,034313,016673,060781
4137,12/05/2007,019983,028676,036089,057279,061493
4136,09/05/2007,046161,041350,068923,009789,034262
4135,05/05/2007,028725,070092,015742,063274,028668
4134,02/05/2007,037309,034289,003656,042424,014168
4133,28/04/2007,073242,053756,010112,073644,066796
4132,25/04/2007,063101,045542,035713,026681,018455
4131,18/04/2007,011766,068369,025517,067219,035514
4130,14/04/2007,028101,002342,014993,031307,000138
4129,11/04/2007,029399,045889,069458,007635,000264
4128,07/04/2007,054302,034773,011649,016197,012045
4127,04/04/2007,015919,001434,048657,056584,043187
4126,31/03/2007,011418,019402,010675,054054,058010
4125,28/03/2007,070954,007393,044491,013252,019619
4124,24/03/2007,059660,003873,009662,026064,014475
4123,21/03/2007,031750,048031,067060,068945,073557
4122,17/03/2007,071337,027796,036164,000637,021226
4121,14/03/2007,003812,071567,006850,073864,052106
4120,10/03/2007,019486,061096,025261,018070,025983
4119,07/03/2007,040573,043274,050197,073252,031021
4118,03/03/2007,037099,049271,059065,013437,059446
4117,28/02/2007,074694,033782,019932,060452,043372
4116,24/02/2007,015763,001545,024814,023067,024319
4115,21/02/2007,073826,056146,068839,030895,045810
4114,17/02/2007,020121,005676,016410,042700,036928
4113,14/02/2007,058253,041896,060002,004894,019773
4112,10/02/2007,029279,072853,006941,025198,026991
4111,07/02/2007,009030,015455,012437,014689,025140
4110,03/02/2007,068801,034119,037928,052763,001839
4109,31/01/2007,045402,038049,058500,055799,030352
4108,27/01/2007,057659,065339,067097,024698,052065
4107,24/01/2007,031188,012406,007376,030905,026974
4106,20/01/2007,046602,017970,045251,019549,059966
4105,17/01/2007,036270,002812,034135,063790,011554
4104,13/01/2007,010932,011284,071229,024874,027353
4103,10/01/2007,013597,025292,003800,059569,025049
4102,06/01/2007,021577,044955,018503,057973,026898
4101,03/01/2007,004133,047485,072611,023159,014470
4100,30/12/2006,029313,067026,061175,073453,034004
4099,27/12/2006,058326,068398,073863,059872,014233
4098,23/12/2006,004251,068354,040407,042798,033141
4097,20/12/2006,044006,035708,064493,057759,063435
4096,16/12/2006,035155,036226,023900,001290,064041
4095,13/12/2006,044191,057751,035294,057311,066585
4094,09/12/2006,015730,040775,043746,037466,072278
4093,06/12/2006,059192,074483,051155,023632,054036
4092,02/12/2006,063820,008400,048181,022537,012828
4091,29/11/2006,016828,054744,069913,064095,017486
4090,25/11/2006,004956,013063,003304,061836,030244
4089,22/11/2006,066678,053080,005701,070513,005554
4088,18/11/2006,007939,009464,053348,046692,038536
4087,11/11/2006,019287,051027,036528,026198,031002
4086,08/11/2006,002203,055342,021820,054141,001298
4085,04/11/2006,029117,017038,064220,069028,029369
4084,01/11/2006,025304,039397,039664,051789,025620
4083,28/10/2006,013357,026329,058708,069717,000666
4082,25/10/2006,055167,052818,036855,052438,044404
4081,21/10/2006,049845,020665,029358,071541,006897
4080,18/10/2006,015335,074636,019117,033298,074696
4079,14/10/2006,047355,042347,066448,040014,045844
4078,11/10/2006,036040,045920,040108,018346,067511
4077,07/10/2006,062484,024240,039098,072770,052406
4076,04/10/2006,016565,020401,064877,054178,068719
4075,30/09/2006,017436,035074,073514,070864,058676
4074,27/09/2006,051315,036672,031921,016547,064564
4073,23/09/2006,067790,063497,036266,003487,014881
4072,20/09/2006,032844,047564,027193,030845,008628
4071,16/09/2006,045556,015407,000613,019797,007720
4070,13/09/2006,047625,030016,038558,056980,002627
4069,09/09/2006,008854,031450,013292,016512,044290
4068,06/09/2006,018467,016215,021902,061207,061381
4067,02/09/2006,029268,020984,003899,069620,023019
4066,30/08/2006,011214,000184,045896,009206,039641
4065,26/08/2006,049757,073358,029179,054218,050484
4064,23/08/2006,002137,009862,001642,006566,047559
4063,19/08/2006,029932,013453,034159,008711,023002
4062,16/08/2006,028362,046166,072052,019303,050558
4061,12/08/2006,062227,000030,021722,069448,053251
4060,09/08/2006,034173,019559,016586,012251,040594
4059,05/08/2006,011881,055763,060840,028844,048167
4058,02/08/2006,022494,038129,015282,064581,000474
4057,29/07/2006,016130,035336,049360,025030,046628
4056,26/07/2006,047538,051102,018808,060559,033843
4055,22/07/2006,058123,021849,057818,029369,003098
4054,19/07/2006,043873,050077,072743,037974,019556
4053,15/07/2006,000104,026621,031402,038547,009266
4052,12/07/2006,025413,070840,055757,061310,070526
4051,08/07/2006,037826,069289,073432,042942,068020
4050,05/07/2006,001895,045118,052483,012900,003493
4049,01/07/2006,018261,053070,026849,063568,034604
4048,28/06/2006,067118,046365,055632,033745,072639
4047,24/06/2006,058840,069630,005403,036354,061301
4046,21/06/2006,071219,031808,012669,020710,033229
4045,17/06/2006,022670,006057,025687,008294,013411
4044,14/06/2006,059878,047064,019378,064495,005844
4043,10/06/2006,048807,035820,053875,065031,003078
4042,07/06/2006,052947,068815,046840,061080,001747
4041,03/06/2006,018584,042429,031930,074596,002303
4040,31/05/2006,024239,070074,051602,068472,021868
4039,27/05/2006,027062,026547,021997,069488,049101
4038,24/05/2006,018475,016768,003570,025930,064950
4037,20/05/2006,055593,057913,049578,031560,026564
4036,17/05/2006,056140,062783,011553,015225,038733
4035,13/05/2006,041327,038117,021482,000806,041810
4034,10/05/2006,001488,031114,065245,053712,057725
4033,06/05/2006,018329,008965,051698,022072,023671
4032,03/05/2006,062116,050037,004973,063070,023883
4031,29/04/2006,051645,027142,016189,015646,068293
4030,26/04/2006,036210,074482,052117,018155,022256
4029,22/04/2006,048535,040366,069107,050176,068817
4028,19/04/2006,017082,029182,023822,024331,026183
4027,15/04/2006,030497,049389,048807,074192,074211
4026,12/04/2006,033683,000622,017674,036371,063177
4025,08/04/2006,004791,019731,002864,043330,071744
4024,05/04/2006,025003,054629,000480,020675,012015
4023,01/04/2006,042819,063277,053934,037820,028133
4022,29/03/2006,043999,018311,026492,068826,038725
4021,25/03/2006,013954,062056,001682,068570,044680
4020,22/03/2006,036350,054586,038424,022459,037926
4019,18/03/2006,022728,074910,034741,014926,019439
4018,15/03/2006,025090,027891,035590,013074,021724
4017,11/03/2006,042140,074992,027756,068135,030989
4016,08/03/2006,064256,055264,063384,013245,049292
4015,04/03/2006,000203,021184,004855,021630,050461
4014,02/03/2006,059980,016424,040955,073979,044283
4013,25/02/2006,047788,067045,041918,051439,072501
4012,22/02/2006,074894,063948,052609,058787,073231
4011,18/02/2006,073272,002384,068037,019603,000394
4010,15/02/2006,055952,043299,019619,038055,021372
4009,11/02/2006,002683,031168,038280,018164,047897
4008,08/02/2006,046125,019351,008130,064402,062085
4007,04/02/2006,024276,067367,049530,063874,068509
4006,01/02/2006,062949,007164,001807,017548,023205
4005,28/01/2006,061157,039425,012027,018000,042064
4004,25/01/2006,033109,059476,066890,001188,030131
4003,21/01/2006,050929,072080,067101,027167,012098
4002,18/01/2006,013637,063438,049837,007249,020558
4001,14/01/2006,042608,062754,062106,049542,027893
4000,11/01/2006,051949,034139,012275,010942,020466
3999,07/01/2006,050197,064248,037347,000778,054669
3998,04/01/2006,039976,012041,003144,024027,023049
3997,31/12/2005,019289,065988,018051,053241,013382
3996,28/12/2005,071205,001391,006518,050752,053309
3995,24/12/2005,021848,030928,014789,006223,029962
3994,21/12/2005,040326,070835,017247,015146,052028
3993,17/12/2005,001677,053118,026902,045939,015358
3992,14/12/2005,025654,055058,008037,048065,022973
3991,10/12/2005,052678,036342,068018,049115,020996
3990,07/12/2005,023328,013613,046513,052820,057269
3989,03/12/2005,021549,073439,023340,010407,040038
3988,30/11/2005,050302,070903,042536,062974,006344
3987,26/11/2005,069728,033864,027474,021438,025985
3986,23/11/2005,047009,035297,024081,001860,034429
3985,19/11/2005,029066,049532,043743,042770,039831
3984,16/11/2005,073489,026969,058592,059100,006178
3983,12/11/2005,053109,021012,052932,029636,019011
3982,09/11/2005,037894,063293,045357,060418,051494
3981,05/11/2005,026400,015497,059936,030148,016887
3980,29/10/2005,039886,066713,014922,041183,060147
3979,26/10/2005,025928,058552,026655,062188,043936
3978,22/10/2005,032641,015583,016672,038677,068202
3977,19/10/2005,035933,071257,070643,072271,048202
3976,15/10/2005,064536,054969,027962,040323,025329
3975,08/10/2005,022517,061449,036725,017598,014064
3974,05/10/2005,062281,012315,070235,029274,004797
3973,01/10/2005,073349,029124,009736,005837,019605
3972,28/09/2005,024789,066450,054801,003559,014802
3971,24/09/2005,005057,017088,006577,006599,011782
3970,21/09/2005,000716,025905,004815,067575,044905
3969,17/09/2005,060983,006061,070156,052639,050880
3968,14/09/2005,048213,013857,058104,069947,030685
3967,10/09/2005,037260,016951,054541,071467,020988
3966,03/09/2005,072008,073650,060806,029332,045665
3965,31/08/2005,074450,046953,052940,049548,032561
3964,27/08/2005,001676,022774,070629,017921,024563
3963,24/08/2005,053239,027293,027752,031102,003582
3962,20/08/2005,021087,070125,004904,006589,026714
3961,17/08/2005,024595,007086,060418,004072,005096
3960,13/08/2005,012841,024780,053593,074359,027140
3959,10/08/2005,065890,007404,045641,034701,041873
3958,06/08/2005,050993,040409,002819,002083,042297
3957,03/08/2005,030806,062564,047631,011784,022159
3956,30/07/2005,029553,066651,051625,009438,074147
3955,27/07/2005,069426,038224,004907,049553,072888
3954,23/07/2005,065812,019929,068126,013103,044361
3953,20/07/2005,013748,071304,026201,012481,047191
3952,16/07/2005,059974,034678,073200,074111,074940
3951,13/07/2005,034412,021033,014460,034500,043114
3950,09/07/2005,025737,002342,062214,040972,065800
3949,06/07/2005,053713,012439,037944,024503,050925
3948,02/07/2005,049178,036478,037919,007772,046816
3947,29/06/2005,042920,000669,018055,060419,054277
3946,25/06/2005,067281,000690,013998,033362,019891
3945,22/06/2005,057029,062249,039641,027784,035886
3944,18/06/2005,013698,005457,060607,009314,052385
3943,15/06/2005,070924,065868,018135,023152,019288
3942,11/06/2005,035062,003188,049036,036840,069107
3941,08/06/2005,011511,036584,044770,002651,027485
3940,04/06/2005,025078,019357,022969,014715,066296
3939,01/06/2005,069327,008676,023854,052663,072189
3938,28/05/2005,034644,043174,027493,013378,021817
3937,25/05/2005,037369,015067,023267,039096,061288
3936,21/05/2005,016132,052864,049397,027878,063438
3935,18/05/2005,053479,011136,034265,069203,045945
3934,14/05/2005,016657,061245,059364,071269,017290
3933,11/05/2005,053496,032007,065417,048308,063366
3932,07/05/2005,047140,023369,043957,000179,004874
3931,04/05/2005,057119,037269,020412,073471,022930
3930,30/04/2005,062815,009493,033315,012868,048038
3929,27/04/2005,010775,070460,001210,000095,015840
3928,23/04/2005,040512,060154,058901,002079,059929
3927,20/04/2005,055175,072569,060707,053920,074720
3926,16/04/2005,027825,040184,013306,059705,013555
3925,13/04/2005,070054,004058,054747,048944,020657
3924,09/04/2005,055854,052925,060508,045995,005801
3923,06/04/2005,038328,014317,001945,000504,004049
3922,02/04/2005,000819,066112,026800,058060,022619
3921,30/03/2005,022220,062007,046165,006287,046206
3920,26/03/2005,004787,059508,066210,060726,030634
3919,23/03/2005,005238,062105,032563,020347,033451
3918,19/03/2005,067540,054950,012711,069616,024482
3917,16/03/2005,058020,040615,060395,072892,006344
3916,12/03/2005,014423,014153,066950,057929,014116
3915,09/03/2005,066937,011641,060226,063137,071221
3914,05/03/2005,040760,066699,052430,072309,062979
3913,02/03/2005,050148,052313,010113,063450,016887
3912,26/02/2005,073259,044619,044609,027812,042400
3911,23/02/2005,067943,027844,027666,061890,070177
3910,19/02/2005,071612,044716,024462,054140,073393
3909,16/02/2005,003553,032386,019813,032970,062767
3908,12/02/2005,065873,029833,020880,038027,070113
3907,10/02/2005,016837,067336,056132,032508,060325
3906,05/02/2005,048252,032541,037077,060983,002692
3905,02/02/2005,066106,017162,029917,051900,019972
3904,29/01/2005,042042,011843,058690,070298,070743
3903,26/01/2005,027981,061099,023115,071331,020600
3902,22/01/2005,064836,049157,017286,022245,048708
3901,19/01/2005,043276,055365,029149,004928,047971
3900,15/01/2005,014947,043362,005292,015004,012545
3899,12/01/2005,068839,022714,022771,027632,012505
3898,08/01/2005,005813,004796,022738,038980,056925
3897,05/01/2005,014195,052035,019921,009469,065383
3896,29/12/2004,000807,020346,045746,052317,020352
3895,22/12/2004,068206,048126,017220,066881,050947
3894,18/12/2004,047046,063816,069728,002720,056507
3893,15/12/2004,040238,052482,007290,003340,025966
3892,11/12/2004,033845,052634,039742,074753,065412
3891,08/12/2004,008619,049254,036002,063952,004008
3890,04/12/2004,039565,050516,065026,047510,063362
3889,01/12/2004,029619,019468,036636,050927,048637
3888,27/11/2004,048731,007382,002942,029007,065726
3887,24/11/2004,072493,042895,052412,067828,045131
3886,20/11/2004,065147,042211,012131,043805,071259
3885,17/11/2004,045482,026161,070862,031481,016118
3884,13/11/2004,001328,013577,035732,018136,060980
3883,10/11/2004,070577,042208,013330,007395,010790
3882,06/11/2004,042998,060386,022827,019727,034476
3881,03/11/2004,023807,009199,070653,056077,037287
3880,30/10/2004,045977,072025,038010,008837,032487
3879,27/10/2004,072055,054428,073188,049590,068402
3878,23/10/2004,057044,053795,014744,066252,038110
3877,20/10/2004,044135,073497,027864,039396,047267
3876,16/10/2004,058818,020442,066050,052728,062519
3875,13/10/2004,072616,000837,035024,005064,012442
3874,09/10/2004,057018,055545,067625,052421,054980
3873,06/10/2004,003230,021560,002913,061594,064595
3872,02/10/2004,050759,034903,030648,051209,039933
3871,29/09/2004,065878,051981,019968,002823,043660
3870,25/09/2004,018216,047997,027154,038363,021241
3869,22/09/2004,070639,051146,066546,049924,038613
3868,18/09/2004,019519,049233,017941,027931,037713
3867,15/09/2004,012158,009467,008332,048558,064292
3866,11/09/2004,042046,044474,000213,003233,000206
3865,08/09/2004,043774,072901,014435,058210,072081
3864,04/09/2004,004498,065844,040715,030800,020385
3863,01/09/2004,033497,053733,071329,000005,002013
3862,28/08/2004,041428,046943,004867,010270,021316
3861,25/08/2004,052667,053053,014645,031022,053565
3860,21/08/2004,018460,028732,070963,036279,060570
3859,18/08/2004,010071,052381,069981,065981,048145
3858,14/08/2004,068539,023638,032187,027909,010912
3857,11/08/2004,013824,018748,002485,031539,070132
3856,07/08/2004,012201,016702,064330,047450,070703
3855,04/08/2004,052468,051314,031678,038263,019101
3854,31/07/2004,023812,072477,061999,073840,022599
3853,28/07/2004,053045,007629,009115,024355,046232
3852,24/07/2004,030688,050249,052396,037107,008840
3851,21/07/2004,066782,007980,040493,059271,020640
3850,17/07/2004,056016,018726,015227,011395,020473
3849,14/07/2004,003124,036155,051699,008490,037263
3848,10/07/2004,043920,054893,008297,002599,040479
3847,07/07/2004,058357,019245,009504,004993,042242
3846,03/07/2004,070007,010503,061681,036595,005876
3845,30/06/2004,029332,070910,028774,048272,066035
3844,26/06/2004,073048,053382,068836,028838,017357
3843,23/06/2004,017448,062413,006776,005847,024138
3842,19/06/2004,060140,044159,058898,048682,037087
3841,16/06/2004,025299,012717,028882,056530,018674
3840,12/06/2004,037833,066568,042073,000454,018428
3839,09/06/2004,059143,056726,013313,073529,039593
3838,05/06/2004,073649,064339,060276,004029,002836
3837,02/06/2004,038936,011776,025323,060411,002478
3836,29/05/2004,045552,036785,004083,048429,030954
3835,26/05/2004,061032,015016,034343,069580,029721
3834,22/05/2004,016049,053958,039640,004779,011948
3833,19/05/2004,006430,053046,049219,065374,014814
3832,15/05/2004,026431,033307,022459,031488,028531
3831,12/05/2004,033219,032040,053003,029605,025348
3830,08/05/2004,029345,041789,015913,025798,072854
3829,05/05/2004,055081,042985,011059,031993,051917
3828,28/04/2004,048688,017714,005923,003643,069845
3827,24/04/2004,053721,041798,047448,032338,023217
3826,17/04/2004,033737,062475,003470,057320,061030
3825,14/04/2004,019377,055864,005429,051858,045878
3824,10/04/2004,042122,072691,018917,059196,009965
3823,07/04/2004,061548,050152,049591,021189,002232
3822,03/04/2004,068159,024314,012804,064850,010796
3821,31/03/2004,016811,045466,070090,054429,045791
3820,27/03/2004,030451,013922,016831,053106,050235
3819,24/03/2004,048707,006038,061609,025316,014671
3818,20/03/2004,049556,062144,016639,058644,028346
3817,17/03/2004,032481,040685,019592,045304,065708
3816,13/03/2004,037569,063498,062794,045669,036353
3815,10/03/2004,032886,038896,043832,036492,043368
3814,06/03/2004,051853,038518,005665,062206,055561
3813,03/03/2004,054886,035431,040929,017338,072782
3812,28/02/2004,046083,020614,036444,037917,015959
3811,21/02/2004,043707,063101,021143,040797,046619
3810,18/02/2004,039702,059400,045855,026372,074830
3809,14/02/2004,010937,010370,032241,023909,021986
3808,11/02/2004,061303,060054,005177,068926,060716
3807,07/02/2004,057534,020710,022806,004436,021375
3806,04/02/2004,049202,009042,052169,003071,061136
3805,31/01/2004,054663,046082,021500,074724,043819
3804,28/01/2004,047085,035176,046944,016176,031433
3803,24/01/2004,064230,030134,045135,051745,014037
3802,21/01/2004,006524,028922,072991,022154,049592
3801,17/01/2004,016717,007393,051835,000584,045939
3800,14/01/2004,038610,071931,052824,042873,069323
3799,10/01/2004,000563,022980,027069,012959,065818
3798,07/01/2004,028552,040507,019398,052461,017547
3797,03/01/2004,034148,027251,007214,042607,060775
3796,27/12/2003,044006,058033,012503,056398,060059
3795,20/12/2003,007202,037493,068323,009159,059492
3794,17/12/2003,059699,054963,010695,032375,017468
3793,13/12/2003,022316,064432,006350,036489,053914
3792,10/12/2003,041311,027958,039817,008758,029940
3791,06/12/2003,005424,002407,035704,040574,057741
3790,03/12/2003,037034,021490,034214,025801,037865
3789,29/11/2003,019784,070319,001155,048149,035438
3788,26/11/2003,044898,000907,049216,029583,009716
3787,22/11/2003,052393,073434,031064,041299,030203
3786,19/11/2003,067720,027471,027345,070763,034489
3785,12/11/2003,020272,062149,027860,044191,033829
3784,08/11/2003,068774,063597,014648,014503,015527
3783,05/11/2003,072517,065632,044818,003643,065604
3782,01/11/2003,014883,062838,063420,026659,074040
3781,29/10/2003,036959,050367,047597,065217,034551
3780,25/10/2003,056442,037187,009043,039831,037080
3779,22/10/2003,016572,038196,049702,062284,074815
3778,18/10/2003,054437,016908,012124,010448,072988
3777,15/10/2003,023548,062749,025772,055661,013353
3776,11/10/2003,022579,037439,010309,000831,016133
3775,08/10/2003,048695,034874,009965,065176,014694
3774,04/10/2003,062175,022999,061326,056005,052501
3773,01/10/2003,034414,067936,065141,073520,025337
3772,27/09/2003,012053,048198,052496,038530,012844
3771,24/09/2003,043156,002799,068170,044391,050091
3770,20/09/2003,009050,041258,012305,042903,039678
3769,17/09/2003,024066,027789,043646,050903,028782
3768,13/09/2003,045134,016489,036670,052131,042681
3767,10/09/2003,072380,025605,058293,062617,029980
3766,06/09/2003,063454,034118,023995,024599,001184
3765,03/09/2003,050232,054453,071082,017663,050010
3764,30/08/2003,058314,040138,045465,043942,039259
3763,27/08/2003,019137,038267,044639,021988,006953
3762,23/08/2003,051427,000607,021658,052310,004271
3761,20/08/2003,044841,001233,074552,045298,025775
3760,16/08/2003,027014,048105,008021,074039,003086
3759,13/08/2003,016986,036860,034561,003625,003730
3758,09/08/2003,068207,005263,001279,052858,067071
3757,06/08/2003,056284,056225,057042,060844,020364
3756,02/08/2003,009504,049472,005551,019638,005227
3755,30/07/2003,006382,014975,009536,060115,012065
3754,26/07/2003,068083,072828,026102,028084,011571
3753,23/07/2003,007078,043089,012497,066377,061298
3752,19/07/2003,004540,010572,015063,002618,000412
3751,16/07/2003,002200,012823,039060,033530,072728
3750,12/07/2003,051761,048194,054222,064955,044187
3749,09/07/2003,070558,066061,035780,039467,036547
3748,05/07/2003,010563,000389,007126,036997,069239
3747,02/07/2003,009433,007344,001072,041609,007399
3746,28/06/2003,022319,002185,028119,032197,023587
3745,25/06/2003,014910,060001,038284,034853,042199
3744,21/06/2003,050211,060227,038309,020536,041449
3743,18/06/2003,010621,000022,067546,061433,044251
3742,14/06/2003,029091,060171,018463,025719,016769
3741,11/06/2003,008529,061683,073954,039450,018108
3740,07/06/2003,067523,067214,065045,030458,013379
3739,04/06/2003,039129,009170,032641,037899,068253
3738,31/05/2003,002634,049001,011809,019609,074275
3737,28/05/2003,072200,007171,037735,004242,053329
3736,24/05/2003,013041,030049,000479,049689,006719
3735,21/05/2003,044681,034510,071052,056572,050867
3734,17/05/2003,019418,001727,001930,035715,013799
3733,14/05/2003,027995,010224,019705,051371,068237
3732,10/05/2003,054301,026796,017784,061314,062552
3731,07/05/2003,057766,039658,005079,032457,012832
3730,03/05/2003,044498,005237,011097,062036,047943
3729,30/04/2003,031620,039008,044350,029940,063277
3728,26/04/2003,029749,071012,040411,008799,024553
3727,23/04/2003,063735,015218,072540,033522,012294
3726,16/04/2003,072598,069477,006923,012123,029507
3725,12/04/2003,062935,016117,063697,008000,014688
3724,09/04/2003,074826,036840,035841,047235,067553
3723,05/04/2003,045626,048956,074929,035838,026324
3722,02/04/2003,012387,021906,048281,041187,040882
3721,29/03/2003,041333,021405,071752,070888,018327
3720,26/03/2003,005044,002413,041196,031202,035291
3719,22/03/2003,053980,028524,021961,031489,072009
3718,19/03/2003,043608,011541,034054,065425,007157
3717,15/03/2003,036731,017901,007923,065218,066824
3716,12/03/2003,064213,073594,012368,053350,029951
3715,08/03/2003,032430,024528,055963,025881,032375
3714,01/03/2003,065124,033452,020672,010345,023531
3713,26/02/2003,066330,069156,008687,056361,048655
3712,22/02/2003,005586,065797,013156,013231,033530
3711,19/02/2003,007701,031260,017472,061158,042606
3710,15/02/2003,062046,060220,014631,026291,048832
3709,12/02/2003,051465,037257,062924,039633,022916
3708,08/02/2003,057605,071992,063851,059793,062067
3707,05/02/2003,025215,005182,022746,053245,007966
3706,01/02/2003,002687,038086,062539,027135,000504
3705,29/01/2003,000482,019512,000892,035435,011467
3704,25/01/2003,046429,072894,012760,045207,049611
3703,22/01/2003,019533,031120,023181,018739,029177
3702,18/01/2003,050236,062472,056595,022408,062719
3701,15/01/2003,041720,025609,010590,061344,011259
3700,11/01/2003,027239,044558,029664,072834,022412
3699,08/01/2003,038943,035740,022668,008072,059704
3698,04/01/2003,037976,004014,046251,041941,055208
3697,28/12/2002,064452,073840,021146,034466,055710
3696,21/12/2002,028267,008692,059729,012877,003991
3695,18/12/2002,027573,045776,064821,035539,073912
3694,14/12/2002,042797,009808,004865,055453,022373
3693,11/12/2002,023322,058110,037310,048140,021029
3692,07/12/2002,063045,074112,047318,004301,050191
3691,04/12/2002,031482,058483,044277,007921,026213
3690,30/11/2002,009435,023001,048347,016551,059618
3689,27/11/2002,036817,003511,028033,074697,017108
3688,23/11/2002,054600,011324,039849,060909,003757
3687,20/11/2002,014416,043007,015372,016171,042425
3686,16/11/2002,065897,014634,072945,012215,025700
3685,13/11/2002,060783,039978,064587,031450,069840
3684,09/11/2002,026583,024556,073644,066809,051634
3683,06/11/2002,018718,032051,033464,056652,072647
3682,30/10/2002,021340,073400,050116,064764,052546
3681,26/10/2002,039836,038993,057003,015634,000179
3680,23/10/2002,061909,039794,009754,020314,032144
3679,19/10/2002,052707,014762,014518,061301,024122
3678,16/10/2002,052099,065849,060450,015536,001885
3677,09/10/2002,042502,031126,057514,017071,027447
3676,05/10/2002,061121,008519,064196,014834,009521
3675,02/10/2002,013762,035905,007349,009369,007679
3674,28/09/2002,043186,021334,038806,049593,009614
3673,25/09/2002,027654,045362,048876,071382,042507
3672,21/09/2002,048715,019437,025043,021688,000627
3671,18/09/2002,064138,004968,025960,022148,043243
3670,14/09/2002,023219,036862,061433,057679,051172
3669,04/09/2002,032417,040794,004642,056410,009586
3668,31/08/2002,009859,066625,013751,007095,017403
3667,28/08/2002,064941,066237,018399,064518,050010
3666,24/08/2002,051599,020323,055532,047053,057632
3665,21/08/2002,034615,004673,058694,019837,021079
3664,17/08/2002,013983,051875,041013,062751,047288
3663,14/08/2002,017014,017886,030946,060137,037929
3662,10/08/2002,002447,063807,008924,039498,003948
3661,07/08/2002,057348,033902,010596,031869,057820
3660,03/08/2002,071681,025612,071869,012909,024108
3659,31/07/2002,007067,030070,043009,051992,000257
3658,27/07/2002,040525,055135,064349,031631,008133
3657,24/07/2002,026640,025505,024186,050809,012191
3656,20/07/2002,062516,068703,029912,071171,028310
3655,17/07/2002,049178,050522,013500,041904,009690
3654,13/07/2002,061824,072657,053713,050692,062833
3653,10/07/2002,053533,032520,019571,007513,033404
3652,06/07/2002,020562,004338,074560,001795,018947
3651,03/07/2002,051585,046403,070698,057576,010858
3650,29/06/2002,033496,009912,016198,011525,054736
3649,26/06/2002,027995,038950,051542,039418,001425
3648,22/06/2002,033280,045019,055661,003592,031045
3647,15/06/2002,025328,026246,067037,015517,053992
3646,12/06/2002,042430,016693,001197,060855,064540
3645,08/06/2002,030669,026832,019146,043678,041041
3644,05/06/2002,066459,066948,016449,039607,046913
3643,01/06/2002,059728,042404,022921,004781,009223
3642,25/05/2002,013313,040414,024220,058151,024867
3641,22/05/2002,025306,021584,072023,049844,032105
3640,18/05/2002,015205,032123,037301,043170,033173
3639,15/05/2002,039923,011686,023275,016647,032626
3638,11/05/2002,061699,025007,039705,029974,072684
3637,08/05/2002,030162,061885,068800,072271,067915
3636,04/05/2002,017569,020018,042342,070311,061309
3635,27/04/2002,040415,057747,059417,070921,038864
3634,24/04/2002,072857,016405,015952,022320,030490
3633,20/04/2002,044608,000675,055052,066365,019526
3632,17/04/2002,050049,057828,045534,062069,044771
3631,13/04/2002,036842,013319,044733,019491,028266
3630,10/04/2002,008552,043298,039393,019702,023361
3629,06/04/2002,015690,044473,046649,026583,041300
3628,03/04/2002,020669,001294,059343,054041,060073
3627,30/03/2002,028102,035293,001096,050900,053379
3626,23/03/2002,039234,055821,051047,010865,034820
3625,20/03/2002,045880,053548,041779,035881,004315
3624,16/03/2002,056769,035452,008400,036211,013755
3623,13/03/2002,011071,030132,057314,067128,062987
3622,09/03/2002,032457,028901,038971,011286,030468
3621,06/03/2002,059196,039898,010928,048205,055600
3620,02/03/2002,022014,067339,066931,000012,014316
3619,27/02/2002,041701,021381,014048,031548,020469
3618,23/02/2002,018457,022167,059723,064681,001042
3617,20/02/2002,069159,059398,029253,031494,050084
3616,16/02/2002,042210,037343,056381,010850,070247
3615,09/02/2002,064064,027370,044835,032297,015949
3614,06/02/2002,038109,065790,059979,059311,048686
3613,02/02/2002,046886,021135,064518,027115,069814
3612,30/01/2002,019494,007291,000192,002784,067534
3611,26/01/2002,005473,014044,035902,057520,064490
3610,23/01/2002,056885,019220,009091,043772,041827
3609,19/01/2002,023893,059737,005967,022555,044269
3608,16/01/2002,014251,048972,022464,042531,049476
3607,12/01/2002,054658,009596,038125,057254,010933
3606,09/01/2002,028652,052479,018100,039141,061596
3605,05/01/2002,000634,008173,072277,018459,024729
3604,29/12/2001,032392,070853,028708,001235,073724
3603,22/12/2001,018832,008756,015397,069580,045392
3602,15/12/2001,046730,001503,024648,070785,039249
3601,12/12/2001,034863,043518,005082,067187,058724
3600,08/12/2001,058038,064269,010715,012885,028838
3599,05/12/2001,067980,046732,057609,065248,054142
3598,01/12/2001,043552,014414,024082,070872,038395
3597,28/11/2001,008433,021597,063538,055891,009657
3596,24/11/2001,002025,042525,006486,045774,057905
3595,21/11/2001,018762,066885,010811,051407,009933
3594,17/11/2001,029968,029629,068425,069104,051491
3593,10/11/2001,053938,065764,050089,027257,022223
3592,07/11/2001,027200,009387,041500,001681,002280
3591,03/11/2001,026082,032309,058038,002245,028970
3590,27/10/2001,009384,059143,053036,055133,062276
3589,24/10/2001,025498,005939,009706,029516,064753
3588,20/10/2001,010469,029711,010653,042105,011455
3587,17/10/2001,004173,026605,027365,058506,013623
3586,13/10/2001,070413,071142,069204,023872,034618
3585,06/10/2001,028854,069619,066013,022977,037404
3584,03/10/2001,044665,037308,059147,032652,023305
3583,29/09/2001,031144,002985,072421,024404,069145
3582,26/09/2001,009666,026249,050991,027315,048121
3581,22/09/2001,016645,031898,064690,057194,025167
3580,19/09/2001,068687,064293,039186,031641,029146
3579,15/09/2001,055198,056866,035586,033385,053443
3578,12/09/2001,016666,014879,035590,031400,054390
3577,08/09/2001,039337,053129,021471,002282,007118
3576,01/09/2001,057635,056336,050432,058444,063026
3575,29/08/2001,020774,001488,038057,059271,049355
3574,25/08/2001,055137,049019,050017,065352,038551
3573,22/08/2001,005856,041468,067095,013530,031244
3572,18/08/2001,046181,020347,072264,023999,033778
3571,15/08/2001,035740,063916,050169,043218,030574
3570,11/08/2001,029458,067710,071866,002028,031766
3569,08/08/2001,065143,026865,013696,010023,035048
3568,04/08/2001,006354,074682,030663,065069,010921
3567,01/08/2001,015224,004170,023882,055284,021070
3566,28/07/2001,067428,038426,030495,015524,028511
3565,25/07/2001,066715,059753,059280,052727,009010
3564,21/07/2001,041065,020349,061637,028332,062611
3563,18/07/2001,038351,036761,042941,032280,021625
3562,14/07/2001,038826,019887,056629,022388,031305
3561,11/07/2001,020818,069680,028257,044060,066583
3560,07/07/2001,049018,040863,059653,029851,070815
3559,04/07/2001,060559,010757,035725,022221,031109
3558,30/06/2001,049475,001802,040135,073568,041362
3557,27/06/2001,048600,046051,007874,068994,001595
3556,23/06/2001,022942,051060,011036,059065,050648
3555,16/06/2001,067994,067071,061333,020578,044540
3554,09/06/2001,034623,029896,033662,041363,035892
3553,06/06/2001,002168,052802,056325,062742,048831
3552,02/06/2001,006220,004414,032212,044912,032011
3551,30/05/2001,042343,022838,019138,049922,038256
3550,26/05/2001,010672,046645,052438,003549,054850
3549,23/05/2001,040593,004083,033965,022077,011162
3548,19/05/2001,024166,062488,038390,068314,018370
3547,16/05/2001,047924,024494,042194,049647,019109
3546,12/05/2001,053870,017136,060252,001291,019968
3545,09/05/2001,039230,059507,057044,020658,039212
3544,05/05/2001,012398,029616,056520,058199,036582
3543,28/04/2001,057786,019613,002761,007596,064278
3542,25/04/2001,061408,060099,013178,017931,059562
3541,21/04/2001,014544,030599,052286,041339,061022
3540,11/04/2001,067586,045563,040229,035432,055667
3539,07/04/2001,049738,015302,007755,028114,018789
3538,04/04/2001,006619,055239,015311,039044,000561
3537,31/03/2001,046437,019358,005365,037169,019573
3536,28/03/2001,000699,068792,041929,015682,031497
3535,24/03/2001,049042,064503,005106,027492,007762
3534,21/03/2001,017219,053438,034290,010544,031128
3533,17/03/2001,057778,034549,036002,053810,021669
3532,14/03/2001,065390,003896,050748,027947,008408
3531,10/03/2001,036849,049589,036058,025065,061581
3530,07/03/2001,041256,036267,022773,058896,048922
3529,03/03/2001,001859,063266,049875,008205,064972
3528,24/02/2001,031842,009755,027570,041514,002081
3527,21/02/2001,057301,016284,029095,020220,040716
3526,17/02/2001,038572,059048,015128,021152,006759
3525,14/02/2001,014616,042950,050811,065425,046696
3524,10/02/2001,056336,023934,004044,049384,046357
3523,07/02/2001,047337,006709,025371,025273,042209
3522,03/02/2001,032926,062276,010213,065326,044163
3521,31/01/2001,002465,047791,064348,023435,060683
3520,27/01/2001,013656,064074,018530,026683,048489
3519,24/01/2001,005830,050268,027873,051022,014614
3518,20/01/2001,023334,044498,035722,021692,011963
3517,17/01/2001,066397,052489,016172,003474,069115
3516,13/01/2001,023946,003130,042349,011298,067691
3515,10/01/2001,044780,024395,053334,039902,065321
3514,06/01/2001,033337,000467,034152,062496,018624
3513,30/12/2000,045748,028626,032165,040581,004393
3512,23/12/2000,028992,013194,060051,035415,051546
3511,16/12/2000,013674,055456,039890,012622,008819
3510,13/12/2000,041868,047803,061052,064233,058999
3509,09/12/2000,048719,052440,047915,019135,013016
3508,06/12/2000,063933,028017,060700,063397,059356
3507,02/12/2000,048541,045638,049942,041375,047029
3506,29/11/2000,062444,015545,058440,011777,023015
3505,25/11/2000,011644,015036,010863,064120,062984
3504,22/11/2000,067790,068444,019222,027874,034201
3503,18/11/2000,040130,002509,012094,012892,032416
3502,11/11/2000,048745,058953,051015,069323,031291
3501,08/11/2000,039644,000334,027122,063663,035122
3500,04/11/2000,025943,043718,020104,015207,027014
3499,28/10/2000,014786,062779,031502,031469,074054
3498,25/10/2000,039069,050603,050184,067997,004637
3497,21/10/2000,034377,054314,038180,011979,011623
3496,18/10/2000,038828,046593,025183,013514,023781
3495,14/10/2000,029053,008063,038484,025728,053206
3494,07/10/2000,038043,019239,030491,041535,014756
3493,04/10/2000,020850,028174,045118,013255,049956
3492,30/09/2000,052863,006254,052138,005877,048061
3491,27/09/2000,014479,050548,041164,051495,060448
3490,23/09/2000,043131,044727,034177,055033,041467
3489,20/09/2000,004376,052718,038515,025452,044475
3488,16/09/2000,050381,027311,017230,002280,033329
3487,13/09/2000,024938,044827,023528,031446,069238
3486,09/09/2000,011044,031058,020213,056146,006320
3485,02/09/2000,058968,065428,041882,032671,028192
3484,30/08/2000,050062,039120,000338,009495,059131
3483,26/08/2000,068782,051939,034849,069190,065761
3482,23/08/2000,011378,024876,008977,029528,002290
3481,19/08/2000,012475,038316,023282,008300,023094
3480,16/08/2000,060401,027459,005628,032330,027002
3479,12/08/2000,033334,038331,064793,025110,056336
3478,09/08/2000,062162,045324,011966,055939,019756
3477,05/08/2000,039991,056170,001550,044539,033385
3476,02/08/2000,039970,056587,050356,058156,062623
3475,29/07/2000,004089,048865,032396,011659,061231
3474,26/07/2000,051393,000778,024323,013184,023245
3473,22/07/2000,010570,022824,006982,015749,019632
3472,19/07/2000,068173,032550,024810,015183,069491
3471,15/07/2000,068697,048815,039578,047695,034634
3470,12/07/2000,053430,060433,035218,053459,016423
3469,08/07/2000,022346,020426,038403,029290,005399
3468,05/07/2000,029036,043499,054691,068328,052781
3467,01/07/2000,015753,005663,052017,002803,027305
3466,28/06/2000,016581,037964,025551,025352,053045
3465,21/06/2000,001806,066964,033424,052421,030573
3464,17/06/2000,072905,026430,066516,069268,030665
3463,10/06/2000,023052,062789,071923,021494,043837
3462,07/06/2000,068776,017693,035537,057104,052601
3461,03/06/2000,019272,032385,043762,070084,056083
3460,31/05/2000,013085,055976,043504,035410,046793
3459,27/05/2000,013966,043087,071836,025318,021453
3458,24/05/2000,042219,028033,054313,038255,045761
3457,20/05/2000,056730,043411,000847,059436,029491
3456,17/05/2000,013137,023832,011945,026748,002581
3455,13/05/2000,047139,004819,026845,068809,011157
3454,10/05/2000,039268,018759,054744,013390,062283
3453,06/05/2000,063351,027470,062969,036918,057942
3452,29/04/2000,051139,030592,051852,013340,032784
3451,26/04/2000,040103,064612,007564,051472,050982
3450,19/04/2000,022572,008967,049642,039522,047150
3449,15/04/2000,019572,069272,000071,033198,000327
3448,12/04/2000,054176,001733,039731,036469,043459
3447,08/04/2000,000665,019100,020435,063219,019469
3446,05/04/2000,040717,057735,045103,025217,041195
3445,01/04/2000,022471,036752,041483,019731,004397
3444,29/03/2000,012901,007313,064661,007775,056914
3443,25/03/2000,036787,056254,004876,062065,058999
3442,22/03/2000,003361,007050,051333,055543,026924
3441,18/03/2000,063781,013367,015730,025185,072690
3440,15/03/2000,060313,031711,029258,020604,040648
3439,11/03/2000,033388,044161,059533,071211,013322
3438,04/03/2000,032526,046387,073630,074345,031161
3437,01/03/2000,010829,027964,032165,046251,020732
3436,26/02/2000,024384,059749,030971,028153,003173
3435,23/02/2000,034935,012381,030216,001191,069475
3434,19/02/2000,059495,057866,054258,042774,052844
3433,16/02/2000,024769,039243,017692,015670,008690
3432,12/02/2000,002808,034313,021701,001023,074423
3431,09/02/2000,045430,035960,067966,021107,065379
3430,05/02/2000,040435,040925,044993,030230,034639
3429,02/02/2000,053847,004613,032279,028195,001993
3428,29/01/2000,063478,053009,052411,074812,012868
3427,26/01/2000,007970,001141,065953,066945,046775
3426,22/01/2000,043943,012510,017813,071741,051422
3425,19/01/2000,007257,037664,064394,038209,068110
3424,15/01/2000,036936,065589,038056,013441,033400
3423,12/01/2000,015022,062626,064242,020565,053076
3422,08/01/2000,063745,059184,029576,021245,012535
3421,05/01/2000,044721,021123,042583,043684,037277
3420,29/12/1999,002300,025666,015316,073299,002331
3419,22/12/1999,061413,050716,045943,031324,005835
3418,15/12/1999,031877,017831,021862,063265,012535
3417,11/12/1999,071691,019502,032653,068630,057264
3416,08/12/1999,037928,068893,019627,050478,049503
3415,04/12/1999,012039,047988,072552,041529,015185
3414,01/12/1999,034568,034615,025957,038324,055659
3413,27/11/1999,052574,071195,004055,004864,038912
3412,24/11/1999,047913,059177,045250,011351,029928
3411,20/11/1999,028480,071842,070521,033251,049587
3410,13/11/1999,008680,051311,043228,015213,073595
3409,10/11/1999,056693,011535,002508,030367,003985
3408,06/11/1999,059298,069931,007003,003650,010139
3407,30/10/1999,064505,019864,047687,024971,037465
3406,27/10/1999,033793,025203,042885,036893,065057
3405,23/10/1999,013750,000130,070731,052434,064906
3404,20/10/1999,030209,016164,013819,054500,067369
3403,16/10/1999,017124,073667,067913,040559,034916
3402,09/10/1999,006755,036881,074463,015286,006831
3401,06/10/1999,016494,030262,033671,042745,002103
3400,02/10/1999,040951,019334,006814,042570,053496
3399,29/09/1999,064369,064796,044498,050494,058025
3398,25/09/1999,038185,000587,005833,043523,029447
3397,22/09/1999,034551,068072,047872,029856,016724
3396,18/09/1999,038917,027679,060208,029769,023429
3395,15/09/1999,033886,026065,048270,055667,064016
3394,11/09/1999,045105,022650,026356,063251,047309
3393,04/09/1999,036932,046302,012967,030478,058196
3392,01/09/1999,063872,024605,007288,011558,040299
3391,28/08/1999,034764,030289,033544,061644,017931
3390,25/08/1999,043188,031273,043795,003795,058795
3389,21/08/1999,010127,009476,059476,005904,061737
3388,18/08/1999,067867,003793,042497,004438,067271
3387,14/08/1999,068667,003019,009765,033537,019095
3386,11/08/1999,015448,045873,007469,005570,069037
3385,07/08/1999,010255,018920,042124,025309,039288
3384,04/08/1999,029972,049449,052890,058665,044027
3383,31/07/1999,060411,009618,025292,033754,023213
3382,28/07/1999,036854,045167,063979,054244,030999
3381,24/07/1999,026151,027147,017340,038083,021956
3380,21/07/1999,031308,036814,036336,048418,034796
3379,17/07/1999,041062,024739,019209,041978,048030
3378,14/07/1999,047155,021613,064054,044121,023126
3377,10/07/1999,040684,025574,042907,014155,052268
3376,07/07/1999,021033,028272,056326,039113,008907
3375,03/07/1999,016097,035650,068837,065574,048141
3374,30/06/1999,008986,053852,010617,048327,008574
3373,26/06/1999,020354,056994,013612,031779,055561
3372,19/06/1999,022641,035864,028453,000389,053510
3371,16/06/1999,053770,000958,033205,004036,047548
3370,12/06/1999,011778,054123,028079,042727,039439
3369,09/06/1999,067325,045127,042145,025832,003269
3368,05/06/1999,018588,056821,005207,043520,022434
3367,29/05/1999,061262,008466,062053,018400,067931
3366,26/05/1999,049314,041638,049886,037338,042525
3365,22/05/1999,029191,040079,035882,061064,017743
3364,19/05/1999,030382,020412,054759,052565,047790
3363,15/05/1999,044972,038387,045474,069846,060562
3362,12/05/1999,012517,065597,048447,037335,045752
3361,08/05/1999,028615,030084,066421,042499,053972
3360,05/05/1999,024575,033495,049822,028062,020641
3359,01/05/1999,069087,054709,068649,006747,007930
3358,28/04/1999,066095,031358,026731,048335,004041
3357,24/04/1999,002161,043438,017698,022520,050491
3356,17/04/1999,053395,048177,013626,048396,048971
3355,14/04/1999,068795,051320,001102,063810,056926
3354,10/04/1999,034945,015885,096317,092520,069031
3353,07/04/1999,006699,040937,009493,048268,061854
3352,31/03/1999,016708,054083,042118,059543,057375
3351,27/03/1999,023337,064074,017584,045655,043858
3350,24/03/1999,056876,069112,013382,016387,002994
3349,20/03/1999,034204,067766,041890,047421,044084
3348,17/03/1999,000926,000676,018359,038048,054494
3347,13/03/1999,002384,045381,033419,022805,074869
3346,10/03/1999,053713,049618,053516,046160,033047
3345,06/03/1999,027091,045636,002377,047048,024857
3344,03/03/1999,017035,046418,045833,034707,062715
3343,27/02/1999,005419,059390,017715,042029,013960
3342,24/02/1999,048012,068509,016334,011996,014819
3341,20/02/1999,021795,054441,052559,060433,049215
3340,13/02/1999,038606,014160,001236,047560,057857
3339,10/02/1999,007495,060856,035921,062284,047833
3338,06/02/1999,092301,057077,057796,077371,071891
3337,03/02/1999,040251,016273,045342,041808,052754
3336,30/01/1999,063114,046936,027320,009513,017057
3335,27/01/1999,033406,069653,010496,051042,005769
3334,23/01/1999,034995,023493,044008,014044,007787
3333,20/01/1999,019014,014994,052466,034368,053507
3332,16/01/1999,066568,016522,056837,069890,056650
3331,13/01/1999,014887,068134,064051,050024,066592
3330,09/01/1999,062371,031930,003253,011529,014836
3329,06/01/1999,020553,010897,002306,062114,046548
3328,30/12/1998,045667,046679,033060,032219,061876
3327,23/12/1998,053053,063366,021359,009355,031240
3326,16/12/1998,001203,045647,050146,056222,016386
3325,12/12/1998,044833,032977,044759,038110,008112
3324,09/12/1998,033578,028033,034683,041241,034187
3323,05/12/1998,021897,035661,002337,057609,011491
3322,02/12/1998,026924,040630,003807,026803,027545
3321,28/11/1998,002798,053051,050418,044432,030391
3320,25/11/1998,065723,003715,026074,039275,067249
3319,21/11/1998,057045,031335,012148,026054,035345
3318,18/11/1998,066052,049128,027592,033965,027853
3317,14/11/1998,036064,061827,033956,022657,007493
3316,11/11/1998,069921,025364,047773,022535,012375
3315,07/11/1998,050226,014000,058304,008014,015179
3314,31/10/1998,000228,004623,046334,028367,018644
3313,28/10/1998,037188,064414,035032,016264,012880
3312,24/10/1998,019496,020284,025566,035382,051448
3311,21/10/1998,063794,013337,015830,004267,049757
3310,17/10/1998,046390,024201,024079,037744,043251
3309,10/10/1998,044338,051374,049453,036096,013176
3308,07/10/1998,016752,014561,052316,065026,022183
3307,03/10/1998,049418,042466,035376,054097,029303
3306,30/09/1998,063554,060587,001733,066405,010298
3305,26/09/1998,004189,058216,042502,001748,033918
3304,23/09/1998,017928,019654,026943,052572,028735
3303,19/09/1998,016213,011470,023650,015755,062900
3302,16/09/1998,065544,040990,004249,068652,024194
3301,12/09/1998,026219,012115,018998,007690,003714
3300,05/09/1998,034411,048439,064079,006824,021683
3299,02/09/1998,005358,001480,019535,050156,006541
3298,29/08/1998,042441,003859,041145,023514,030291
3297,26/08/1998,061956,069399,018362,069571,031425
3296,22/08/1998,034451,002544,028133,005702,055056
3295,19/08/1998,005421,009257,021465,014358,030562
3294,15/08/1998,042219,056845,033705,023857,019287
3293,12/08/1998,023314,018765,011448,006015,055350
3292,08/08/1998,007238,024298,021776,039048,036247
3291,05/08/1998,007802,042192,043702,050018,026543
3290,01/08/1998,025429,039663,036836,069577,014713
3289,25/07/1998,043404,056836,049437,038352,051717
3288,22/07/1998,003188,014716,008944,062254,028263
3287,18/07/1998,061533,050428,035155,006794,050237
3286,15/07/1998,023162,048359,069680,065123,049717
3285,11/07/1998,005367,039489,009883,034842,001171
3284,08/07/1998,062411,013228,017696,040922,024633
3283,04/07/1998,056934,011605,001394,008606,014104
3282,01/07/1998,023508,009678,068323,010175,058389
3281,27/06/1998,043174,053283,015331,035586,011509
3280,20/06/1998,017506,061426,000750,033265,003915
3279,17/06/1998,013139,027385,030610,040745,028694
3278,13/06/1998,023226,053734,003194,062226,058490
3277,06/06/1998,025155,016611,034475,024867,000081
3276,03/06/1998,007540,035561,025933,019774,028489
3275,30/05/1998,044676,012364,002354,034771,047759
3274,27/05/1998,007013,054998,037112,060888,037012
3273,23/05/1998,027144,018676,064545,011070,049950
3272,20/05/1998,049154,064051,001958,034870,019342
3271,16/05/1998,034201,063590,014158,031425,000278
3270,09/05/1998,001732,054800,024977,036424,033725
3269,06/05/1998,039916,056640,012656,026064,041040
3268,02/05/1998,045911,000788,055580,028224,055872
3267,25/04/1998,026923,051124,052564,027207,011611
3266,18/04/1998,012647,030939,033042,003554,023030
3265,15/04/1998,028045,002503,061928,007860,013807
3264,11/04/1998,018535,060504,038718,037666,001642
3263,04/04/1998,034274,051962,000215,050383,003157
3262,01/04/1998,004186,056611,066837,069943,052301
3261,28/03/1998,036558,023224,025489,045283,049179
3260,25/03/1998,023555,034044,000033,036717,055961
3259,21/03/1998,033084,014325,061547,045919,002259
3258,18/03/1998,040396,030272,033580,011799,066343
3257,14/03/1998,059841,002132,006759,039198,016611
3256,11/03/1998,041104,062746,002522,038469,055537
3255,07/03/1998,038034,004781,026242,000470,056721
3254,04/03/1998,008496,052897,013291,069142,029798
3253,28/02/1998,056654,006077,001823,036128,046954
3252,21/02/1998,012759,007190,023626,038163,060038
3251,18/02/1998,031878,021324,010760,034655,054769
3250,14/02/1998,047703,011729,012587,060770,011539
3249,11/02/1998,011406,032259,032793,050137,042212
3248,07/02/1998,000369,068981,050086,043490,023189
3247,04/02/1998,013338,046478,006271,050127,012898
3246,31/01/1998,032114,022684,004181,016429,042388
3245,28/01/1998,063193,043460,003330,019333,004766
3244,24/01/1998,042323,052755,024690,059096,033205
3243,21/01/1998,035353,050325,039010,015627,009819
3242,17/01/1998,033433,040531,034665,053381,007016
3241,14/01/1998,001086,028885,021729,038157,036968
3240,10/01/1998,034316,009514,033016,028272,008393
3239,07/01/1998,040434,011656,000689,019905,058528
3238,03/01/1998,054153,062640,021192,030293,058171
3237,27/12/1997,027771,046358,017506,024967,010071
3236,20/12/1997,054947,023053,055393,021552,004493
3235,13/12/1997,015202,054830,024885,060780,052212
3234,10/12/1997,020526,056053,064597,023555,014665
3233,06/12/1997,013355,006774,044781,053021,037753
3232,03/12/1997,045859,037904,024194,060672,008032
3231,29/11/1997,050863,057299,023536,027018,039154
3230,26/11/1997,038986,043636,046055,039018,034473
3229,22/11/1997,015590,038308,010311,052542,003468
3228,19/11/1997,046970,025027,018657,040828,026701
3227,15/11/1997,053934,000816,047372,000076,056136
3226,08/11/1997,031612,028432,022701,026958,013329
3225,05/11/1997,054283,010829,000837,012290,032130
3224,01/11/1997,014670,033659,036968,050157,019886
3223,29/10/1997,023523,018938,053669,057181,063955
3222,25/10/1997,054812,047508,034729,012524,041601
3221,22/10/1997,040422,039878,002267,061085,054662
3220,18/10/1997,057941,036430,030410,035929,001884
3219,15/10/1997,026825,046826,022126,011577,062715
3218,11/10/1997,012820,054907,000513,051838,029498
3217,08/10/1997,053838,051334,046630,000595,053348
3216,04/10/1997,003746,040630,015177,063392,002124
3215,01/10/1997,032430,021860,040101,054754,045345
3214,27/09/1997,064620,036368,012733,050533,001877
3213,24/09/1997,035539,010778,026971,052890,031753
3212,20/09/1997,021322,005485,020569,039623,031857
3211,17/09/1997,037638,041477,059002,028151,008643
3210,13/09/1997,052035,056897,049835,031599,014364
3209,06/09/1997,023840,047019,055460,023268,030212
3208,03/09/1997,057852,036087,021790,016459,043284
3207,30/08/1997,062453,034267,019478,017597,059075
3206,27/08/1997,003250,027741,050024,016884,033373
3205,23/08/1997,022861,049580,057235,032928,028188
3204,20/08/1997,050891,014984,037130,014988,027489
3203,16/08/1997,037614,024235,043420,019546,026068
3202,13/08/1997,060635,003805,031111,040264,024927
3201,09/08/1997,001193,022267,053578,032896,031121
3200,06/08/1997,015106,052263,046920,016536,016285
3199,02/08/1997,028726,002307,009320,026473,040036
3198,26/07/1997,061803,064063,061400,026069,054323
3197,23/07/1997,057041,025731,029942,022099,033832
3196,19/07/1997,001478,063509,014654,033895,040003
3195,16/07/1997,050765,036433,016346,003488,044722
3194,12/07/1997,009740,052852,061089,043526,045861
3193,09/07/1997,019816,029233,034337,037716,021249
3192,05/07/1997,049130,019517,004567,053318,034334
3191,02/07/1997,007075,009053,063299,001144,014796
3190,28/06/1997,062746,062936,024517,060860,004698
3189,25/06/1997,047956,005093,026253,010173,024851
3188,21/06/1997,024905,033842,036060,039687,052473
3187,14/06/1997,050809,041253,032473,025494,005211
3186,11/06/1997,033223,003868,024624,009872,020666
3185,07/06/1997,003172,051110,049495,035536,004007
3184,04/06/1997,062317,005678,051610,038387,018919
3183,31/05/1997,065585,042660,023384,065258,009082
3182,24/05/1997,030787,043019,042957,016875,047261
3181,21/05/1997,005845,048220,010176,009542,017687
3180,17/05/1997,039956,022436,031611,002087,045845
3179,14/05/1997,007093,012281,033567,017302,033684
3178,10/05/1997,030093,026293,020731,031838,043814
3177,07/05/1997,025422,032663,033085,055678,016082
3176,03/05/1997,003939,051849,060876,045515,065320
3175,26/04/1997,057691,063664,002204,039467,057402
3174,19/04/1997,058074,016722,018758,063375,033007
3173,16/04/1997,061673,050664,043284,031525,031704
3172,12/04/1997,060107,008378,016582,018974,010063
3171,09/04/1997,047494,049034,045125,013178,003141
3170,05/04/1997,051283,024997,039147,036018,030352
3169,02/04/1997,055625,053231,043373,064796,009685
3168,29/03/1997,015010,033775,044510,018617,008974
3167,22/03/1997,038826,007781,014615,022394,016795
3166,19/03/1997,008958,042654,028023,048318,015859
3165,15/03/1997,045341,038952,026295,017412,011007
3164,12/03/1997,046575,052825,058736,056080,048894
3163,08/03/1997,004411,061649,032213,056413,033930
3162,05/03/1997,035054,045663,053360,028992,044995
3161,01/03/1997,015945,027427,055376,044338,051012
3160,22/02/1997,048799,031501,046301,056324,019015
3159,19/02/1997,053117,000635,035161,000322,026911
3158,15/02/1997,026745,023748,003729,030785,012821
3157,08/02/1997,038196,058181,012551,043606,024313
3156,05/02/1997,014924,056587,037853,018625,020827
3155,01/02/1997,020242,029204,036520,064032,050913
3154,25/01/1997,044591,041517,058323,013710,015818
3153,22/01/1997,052085,032544,011019,016618,042604
3152,18/01/1997,050844,037145,042653,054315,029001
3151,15/01/1997,020329,013409,016040,061057,020656
3150,11/01/1997,052866,028423,056320,062790,012661
3149,08/01/1997,015341,004666,002362,040033,014132
3148,04/01/1997,029071,041294,038999,028156,012536
3147,28/12/1996,055669,051038,057379,026344,047726
3146,21/12/1996,022351,018692,055263,035020,021652
3145,14/12/1996,020641,055514,021060,019825,021217
3144,11/12/1996,030128,057786,041824,032919,053432
3143,07/12/1996,037008,028341,005069,043509,044009
3142,04/12/1996,010049,036880,026366,042438,040431
3141,30/11/1996,064180,042148,013576,041026,044192
3140,27/11/1996,063153,060236,007800,018084,060515
3139,23/11/1996,034970,006150,003544,047196,050457
3138,20/11/1996,040666,006405,046403,005782,028207
3137,16/11/1996,043622,016934,018175,025130,058759
3136,09/11/1996,001891,022024,047851,057789,027136
3135,30/10/1996,056080,004257,022587,058376,039398
3134,26/10/1996,030297,036268,029322,049534,023128
3133,23/10/1996,007484,024620,053958,005010,052452
3132,19/10/1996,034382,023610,056804,011689,056077
3131,16/10/1996,030432,000418,000120,039927,020515
3130,09/10/1996,058821,029244,045034,040237,041474
3129,05/10/1996,065663,006928,032762,035830,012137
3128,28/09/1996,037559,004228,015008,022988,064786
3127,25/09/1996,059867,003547,002840,050832,031826
3126,21/09/1996,015376,037346,034393,001155,032957
3125,18/09/1996,039084,037073,048040,022461,040706
3124,14/09/1996,062628,045516,055039,015492,016791
3123,11/09/1996,025502,018250,045009,040500,031130
3122,07/09/1996,000939,044020,004360,007148,050970
3121,31/08/1996,052612,041123,034231,044815,004459
3120,28/08/1996,007974,035468,002610,017057,011187
3119,24/08/1996,022238,052428,017311,059318,032103
3118,21/08/1996,034043,016039,050648,020526,004182
3117,17/08/1996,004314,006031,019388,002073,030114
3116,14/08/1996,045009,023804,037138,043651,048885
3115,10/08/1996,004004,023432,039843,026774,058877
3114,03/08/1996,062499,045631,038021,028411,054463
3113,31/07/1996,031335,016571,014755,059456,038087
3112,27/07/1996,059137,018947,046107,050016,023582
3111,24/07/1996,014766,002076,037029,018220,018602
3110,20/07/1996,017780,023601,026360,055147,036793
3109,13/07/1996,012206,021765,050883,028745,038199
3108,10/07/1996,058280,028465,060661,043242,021729
3107,06/07/1996,021609,035040,041768,053318,036360
3106,03/07/1996,024410,029249,064937,042694,061225
3105,29/06/1996,008164,049928,051839,005519,006674
3104,26/06/1996,011662,048263,015880,044385,016200
3103,22/06/1996,012899,032142,011681,058481,044316
3102,15/06/1996,009429,026982,002303,009544,053895
3101,12/06/1996,027675,030425,054132,023107,049454
3100,08/06/1996,000948,049987,054157,037310,056613
3099,01/06/1996,054208,000145,020130,037996,028475
3098,29/05/1996,054568,008498,020612,011366,050418
3097,25/05/1996,043383,059361,060782,049979,060066
3096,22/05/1996,002410,056108,064282,047600,025274
3095,18/05/1996,032852,049816,058706,025157,044356
3094,15/05/1996,003946,049909,031358,058600,034534
3093,11/05/1996,056205,028988,056784,063615,018051
3092,08/05/1996,053724,057158,003995,036800,018405
3091,04/05/1996,018566,028423,009025,006259,057935
3090,27/04/1996,052746,002261,009266,028315,039238
3089,24/04/1996,052382,047310,027676,022859,043993
3088,20/04/1996,045968,000828,015698,058527,006530
3087,17/04/1996,000817,006126,060639,008054,003349
3086,13/04/1996,064574,044446,010366,031507,048409
3085,03/04/1996,031233,032158,012220,018384,030651
3084,30/03/1996,061616,043488,064204,028911,062709
3083,23/03/1996,005749,023993,040471,059026,042570
3082,20/03/1996,023695,042830,001258,045308,027063
3081,16/03/1996,045247,055251,056456,000627,022572
3080,13/03/1996,012692,045141,015045,051464,025623
3079,09/03/1996,057576,021896,003432,037234,015654
3078,06/03/1996,040295,021535,004315,039188,059030
3077,02/03/1996,054252,026506,052798,044662,044231
3076,28/02/1996,000110,027007,055574,023858,001329
3075,24/02/1996,059567,023915,037207,037428,016755
3074,17/02/1996,015409,035563,009876,022847,039654
3073,14/02/1996,027499,043640,025312,008621,023543
3072,10/02/1996,043960,001021,058526,040279,069711
3071,03/02/1996,023713,043650,043316,009166,026827
3070,31/01/1996,041960,056880,053054,005621,044759
3069,27/01/1996,035283,048412,063145,050743,038163
3068,24/01/1996,051015,052811,042030,048472,043283
3067,20/01/1996,057298,061240,021460,046256,042642
3066,17/01/1996,003651,022312,014353,005304,050638
3065,13/01/1996,034636,062722,045206,001523,012462
3064,10/01/1996,016859,039605,043887,053810,028919
3063,06/01/1996,003454,035357,002861,054980,018967
3062,30/12/1995,001635,043518,040159,057598,033272
3061,23/12/1996,033606,018695,010729,021662,028666
3060,16/12/1995,047640,061384,022131,062875,018858
3059,13/12/1995,032330,048710,002312,061091,055607
3058,09/12/1995,024240,003553,006319,054710,005781
3057,06/12/1995,025986,028507,012264,062894,047433
3056,02/12/1995,050610,015611,060892,046492,050996
3055,29/11/1995,045155,044073,025030,019064,017449
3054,25/11/1995,059886,060475,041573,001867,012844
3053,22/10/1995,022254,026802,030085,055019,009645
3052,18/10/1995,002868,032624,027963,005984,048324
3051,11/11/1995,028977,016265,046128,025218,010517
3050,04/11/1995,038723,005739,052286,022223,014956
3049,28/10/1995,026912,011638,037454,036809,036590
3048,25/10/1995,005102,000240,043992,043886,048630
3047,21/10/1995,056778,069154,053796,023754,067576
3046,18/10/1995,012797,045338,036443,054995,023988
3045,14/10/1995,059216,045617,035698,046828,020359
3044,07/10/1995,036030,007344,008045,005743,035028
3043,30/09/1995,050669,013747,053470,065382,021799
3042,27/09/1995,069121,062292,039332,057216,052861
3041,23/09/1995,010610,055556,043205,039832,068580
3040,20/09/1995,060634,013519,033032,010634,002014
3039,16/09/1995,016508,030622,007852,069072,036076
3038,13/09/1995,057258,013806,022323,025027,057029
3037,06/09/1995,005617,028788,014134,065909,017612
3036,02/09/1995,019059,047982,015963,031707,005588
3035,30/08/1995,056727,029085,036728,007263,062027
3034,26/08/1995,052043,024218,035163,069138,001756
3033,23/08/1995,065523,025993,008542,038787,023530
3032,19/08/1995,008247,059311,027608,030913,032035
3031,16/08/1995,062612,018328,064885,019860,024349
3030,12/08/1995,029086,067085,031787,009717,020768
3029,09/08/1995,021245,002490,064697,058243,067413
3028,05/08/1995,020393,043591,015980,052663,068423
3027,02/08/1995,036581,002476,021612,062167,050504
3026,29/07/1995,053884,010712,004345,031408,033936
3025,26/07/1995,016549,023909,039008,060108,006282
3024,22/07/1995,051080,022062,057091,037609,035531
3023,19/07/1995,059958,056746,044928,066589,010128
3022,15/07/1995,010013,001834,020995,029993,002962
3021,12/07/1995,069282,031932,020343,068962,012881
3020,08/07/1995,032760,068315,027614,005587,010682
3019,05/07/1995,039432,016650,039092,063666,044642
3018,01/07/1995,039202,013910,026075,002585,020929
3017,24/06/1995,000719,054113,010447,045094,023211
3016,17/06/1995,025431,051544,044572,026922,068827
3015,10/06/1995,006361,018091,022338,043612,046737
3014,07/06/1995,024527,000064,052773,003233,050012
3013,03/06/1995,037924,001850,038409,043825,055012
3012,31/05/1995,016064,031907,001150,055787,050540
3011,27/05/1995,023907,057963,068778,015586,028243
3010,24/05/1995,058378,032852,067856,033168,039707
3009,20/05/1995,019204,021754,020815,000633,044773
3008,17/05/1995,023649,034246,034403,036535,012862
3007,13/05/1995,014714,029569,067193,041912,054041
3006,10/05/1995,049321,007518,061323,009119,069217
3005,06/05/1995,015322,030983,033325,055993,004291
3004,29/04/1995,028878,015417,010051,021038,028262
3003,26/04/1995,035662,056807,026841,038983,027192
3002,19/04/1995,049338,043987,027123,037264,063828
3001,12/04/1995,014109,016516,042136,043778,042295
3000,08/04/1995,051971,002430,043420,066826,053773
2999,01/04/1995,045503,042230,035917,048654,013399
2998,29/03/1995,019897,063741,052990,047809,060680
2997,25/03/1995,045535,063651,043748,024551,036375
2996,18/03/1995,032073,004127,006117,005714,054161
2995,15/03/1995,009277,042344,058389,032284,010380
2994,11/03/1995,027326,016281,022649,032790,049874
2993,08/03/1995,002075,068715,020835,017084,031225
2992,04/03/1995,065289,026399,012857,003562,037013
2991,25/02/1995,067317,002074,066951,028249,042945
2990,18/02/1995,040625,051793,018885,005881,065880
2989,15/02/1995,000465,002918,004270,008788,008197
2988,11/02/1995,069151,042803,051456,006456,031857
2987,08/02/1995,007552,008449,007656,004837,008252
2986,04/02/1995,008113,000980,047464,054240,022391
2985,01/02/1995,007676,006800,005488,004734,002780
2984,28/01/1995,037820,061441,032188,041472,046749
2983,25/01/1995,009289,000264,005971,005348,001485
2982,21/01/1995,049481,053389,052802,044742,013693
2981,18/01/1995,000042,006234,000765,000456,001914
2980,14/01/1995,041019,014354,018327,011978,056270
2979,11/01/1995,001993,003770,009706,003314,005598
2978,07/01/1995,036099,004982,071746,048118,079473
2977,31/12/1994,059023,009125,020259,026804,032605
2976,24/12/1994,038013,027760,043611,030649,073406
2975,17/12/1994,050405,000858,037835,054601,055562
2974,14/12/1994,006782,004644,007019,000654,001238
2973,10/12/1994,047772,045286,042699,015792,015147
2972,07/12/1994,000178,009775,002171,008833,007417
2971,03/12/1994,007682,065634,041664,025507,058645
2970,30/11/1994,003614,001059,006697,002274,008149
2969,26/11/1994,068207,005063,022928,042947,012039
2968,23/11/1994,009498,009998,001445,000683,001346
2967,19/11/1994,010405,056765,012124,057625,057994
2966,12/11/1994,022443,000592,059344,057071,006368
2965,09/11/1994,000860,000760,007539,005595,008245
2964,05/11/1994,067782,037656,014588,020245,058071
2963,29/10/1994,005803,004653,024823,051538,021305
2962,26/10/1994,008260,009725,000279,007139,009131
2961,22/10/1994,005400,013035,044633,061675,009322
2960,19/10/1994,009996,008080,005434,004217,008767
2959,15/10/1994,042356,019744,026999,018546,014955
2958,08/10/1994,022342,030709,011690,026482,010441
2957,01/10/1994,005223,052467,030420,056922,035482
2956,28/09/1994,006581,006882,003540,009802,006094
2955,24/09/1994,067730,004940,002404,059242,037167
2954,21/09/1994,005240,003164,001741,009696,007946
2953,17/09/1994,001364,026928,055349,068744,067169
2952,14/09/1994,002918,004061,007250,009359,001276
2951,10/09/1994,052340,049377,022486,051860,019866
2950,03/09/1994,065094,062754,057185,034110,033132
2949,31/08/1994,006653,003525,002157,008534,001523
2948,24/08/1994,037523,024881,012614,012745,033842
2947,24/08/1994,004535,005193,007077,001412,002834
2946,20/08/1994,016568,030416,025500,006727,006167
2945,17/08/1994,000437,008403,002774,009936,005357
2944,13/08/1994,037141,057597,015006,034934,054292
2943,10/08/1994,008070,001969,000938,009319,002217
2942,06/08/1994,002950,012031,040839,020737,050893
2941,03/08/1994,005908,003252,003158,007332,003126
2940,30/07/1994,008376,004152,008503,052324,036122
2939,27/07/1994,002043,006442,004392,003737,007352
2938,23/07/1994,050155,023905,040970,030227,036763
2937,20/07/1994,002741,000427,002223,004412,007105
2936,16/07/1994,038059,023091,006093,043508,019488
2935,13/07/1994,002585,002410,003650,005743,000142
2934,09/07/1994,056515,024957,011764,046031,045545
2933,06/07/1994,005271,005146,001889,001134,005015
2932,02/07/1994,020707,023995,037159,021116,040304
2931,29/06/1994,009894,005183,007356,009336,001003
2930,25/06/1994,044683,019679,059899,001541,054499
2929,18/06/1994,057265,032925,000679,047273,021071
2928,15/06/1994,000354,009638,006207,004561,009817
2927,11/06/1994,019653,025746,017461,013552,068279
2926,04/06/1994,017237,069381,028396,024096,060061
2925,28/05/1994,063839,023968,018353,056548,001509
2924,25/05/1994,003537,009043,008552,004153,000440
2923,21/05/1994,059991,058845,042959,007200,061078
2922,18/05/1994,007485,003590,006418,000668,009980
2921,14/05/1994,046885,035825,028095,065112,023837
2920,11/05/1994,008338,005954,005572,005213,005795
2919,07/05/1994,009345,068666,043464,018313,036271
2918,04/05/1994,009812,001487,008099,007597,006858
2917,30/04/1994,021894,033181,006313,064710,022668
2916,27/04/1994,000133,008800,005050,009598,007177
2915,23/04/1994,019616,067551,050889,032228,001888
2914,16/04/1994,049870,055516,011404,020306,069932
2913,13/04/1994,008453,000000,000000,000000,000000
2912,09/04/1994,050818,022116,066599,059707,015717
2911,06/04/1994,005551,000000,000000,000000,000000
2910,30/03/1994,012436,000000,000000,000000,000000
2909,26/03/1994,032264,019191,037951,003172,020224
2908,23/03/1994,008874,000000,000000,000000,000000
2907,19/03/1994,066496,068028,038635,062348,023364
2906,16/03/1994,006892,000000,000000,000000,000000
2905,12/03/1994,051125,066288,029423,006626,063108
2904,09/03/1994,003058,000000,000000,000000,000000
2903,05/03/1994,064522,042881,023633,057643,053160
2902,02/03/1994,008146,000000,000000,000000,000000
2901,26/02/1994,022445,003055,032490,021863,057960
2900,23/02/1994,006775,000000,000000,000000,000000
2899,19/02/1994,038329,019412,063754,055368,013632
2898,12/02/1994,063879,032473,025094,059738,044998
2897,09/02/1994,000000,000000,000000,000000,000000
2896,05/02/1994,038810,026618,030647,038595,040942
2895,02/02/1994,000000,000000,000000,000000,000000
2894,29/01/1994,045587,019979,043632,031731,035932
2893,26/01/1994,000000,000000,000000,000000,000000
2892,22/01/1994,004831,051697,049826,044250,004402
2891,19/01/1994,000000,000000,000000,000000,000000
2890,15/01/1994,042150,025654,034076,004579,011694
2889,12/01/1994,013968,000000,000000,000000,000000
2888,08/01/1994,056179,059993,002413,022761,039721
2887,29/12/1993,049638,030121,005900,025100,027705
2886,22/12/1993,037673,058232,059978,045186,067941
2885,15/12/1993,011323,000000,000000,000000,000000
2884,11/12/1993,008931,029024,068999,027795,036573
2883,08/12/1993,006195,000000,000000,000000,000000
2882,04/12/1993,051131,040137,029015,028576,025057
2881,01/12/1993,008637,000000,000000,000000,000000
2880,27/11/1993,001660,021560,031109,035188,063211
2879,24/11/1993,003243,000000,000000,000000,000000
2878,20/11/1993,086161,006227,027763,036029,004235
2877,13/11/1993,064504,037902,065810,064201,068459
2876,10/11/1993,002649,000000,000000,000000,000000
2875,06/11/1993,036562,031403,011266,069433,023258
2874,30/10/1993,013333,006529,044790,007461,029744
2873,27/10/1993,005626,000000,000000,000000,000000
2872,23/10/1993,045561,044964,020716,036766,001868
2871,20/10/1993,010495,000000,000000,000000,000000
2870,16/10/1993,034760,053350,057175,055385,023450
2869,09/10/1993,012364,091107,066540,094945,025914
2868,02/10/1993,061058,025173,032748,010699,040797
2867,25/09/1993,012134,049187,029500,020051,008667
2866,18/09/1993,018681,008779,055141,056580,022486
2865,11/09/1993,035620,056693,048747,070124,045510
2864,04/09/1993,036293,064058,041022,055608,058249
2863,28/08/1993,051271,026679,051028,001109,003020
2862,21/08/1993,028198,051912,045480,052680,029772
2861,14/08/1993,036741,035548,076527,034054,056830
2860,07/08/1993,011087,069768,072939,062968,014616
2859,31/07/1993,046372,007773,049695,074605,068665
2858,24/07/1993,004168,066274,050991,021352,056080
2857,17/07/1993,000335,054944,035299,001498,011336
2856,10/07/1993,021203,032607,034526,047510,005086
2855,03/07/1993,035866,012983,078833,031065,036230
2854,26/06/1993,059522,059520,075647,026340,001737
2853,19/06/1993,020561,035140,071195,070389,079468
2852,12/06/1993,014114,069329,020253,044574,061807
2851,05/06/1993,056494,027943,049475,001804,022103
2850,29/05/1993,044002,079940,074812,059086,000888
2849,22/05/1993,032731,037301,015515,007337,037411
2848,15/05/1993,042688,073236,026957,040143,041893
2847,08/05/1993,034782,042236,019637,072443,027561
2846,24/04/1993,016822,079534,008304,000742,010767
2845,17/04/1993,077227,005203,065721,056611,019613
2844,10/04/1993,030536,046850,009808,044421,073519
2843,03/04/1993,050152,019845,046318,048396,060200
2842,27/03/1993,000807,020268,058783,066928,013528
2841,20/03/1993,078080,000088,019560,044588,064747
2840,13/03/1993,044123,053856,044616,018813,046136
2839,06/03/1993,032642,005726,014527,028159,001277
2838,27/02/1993,020032,044796,055044,019311,012570
2837,20/02/1993,013139,054873,020824,038313,068020
2836,13/02/1993,006431,039068,059658,034429,045456
2835,06/02/1993,022132,030095,004990,027134,059006
2834,30/01/1993,037061,005686,035512,065633,022423
2833,23/01/1993,019081,018661,020011,025073,026415
2832,16/01/1993,063033,003653,035989,014665,057958
2831,09/01/1993,041047,029654,014365,024570,012292
2830,30/12/1992,069041,032776,050151,035550,070711
2829,23/12/1992,008510,065146,002695,048116,079362
2828,12/12/1992,045134,073849,022158,017344,051205
2827,05/12/1992,073326,017402,015190,058277,010152
2826,28/11/1992,077689,057435,001821,076675,036183
2825,21/11/1992,004320,044522,001366,011999,079176
2824,14/11/1992,029016,004849,069840,024199,073402
2823,07/11/1992,011656,034789,020753,067963,043750
2822,31/10/1992,068297,078835,021806,062338,000571
2821,24/10/1992,078532,057355,016736,031659,056306
2820,17/10/1992,076128,018571,063139,016346,000844
2819,11/10/1992,077259,077703,003872,055665,024558
2818,03/10/1992,078687,033951,012325,043134,025551
2817,26/09/1992,079563,055663,043335,035555,033963
2816,19/09/1992,017852,099576,021324,002043,085024
2815,12/09/1992,034050,037174,074792,030231,006318
2814,05/09/1992,060362,025665,001856,020176,051418
2813,29/08/1992,067989,021016,012834,017704,079628
2812,22/08/1992,067679,026565,071804,078462,062248
2811,15/08/1992,066022,076759,012076,017599,078510
2810,08/08/1992,069454,050988,021742,018821,019075
2809,01/08/1992,062820,037990,073304,052926,066840
2808,25/07/1992,038021,023045,054013,029959,001608
2807,18/07/1992,013569,001179,058823,066649,074161
2806,11/07/1992,038875,023664,033277,005635,053320
2805,04/07/1992,057179,066917,058945,055952,013174
2804,27/06/1992,056750,008073,037711,069620,059446
2803,20/06/1992,032432,064047,030048,048671,009164
2802,13/06/1992,032247,053242,028463,029644,002026
2801,06/06/1992,004270,002696,045194,032769,073344
2800,30/05/1992,021105,009719,054090,032745,055469
2799,27/05/1992,078307,054902,021729,068150,032807
2798,23/05/1992,079581,022605,067185,012943,019540
2797,20/05/1992,066261,016270,075224,007471,025265
2796,16/05/1992,009887,034218,070993,003349,038010
2795,13/05/1992,044141,049092,053829,045334,006269
2794,09/05/1992,053483,007071,015364,079893,023674
2793,06/05/1992,045745,069102,022292,033547,008534
2792,29/04/1992,028420,015600,034465,069693,077088
2791,25/04/1992,024956,061318,026866,012024,019852
2790,15/04/1992,053749,032553,012465,012513,015929
2789,11/04/1992,074025,061806,069589,004363,035499
2788,08/04/1992,069644,063608,013586,055302,050947
2787,05/04/1992,020100,046207,036685,053650,023957
2786,01/04/1992,068731,029849,045580,045737,016991
2785,28/03/1992,071906,029229,054829,000222,003442
2784,25/03/1992,016138,067575,059728,077476,029259
2783,21/03/1992,001201,054784,044015,069316,039305
2782,18/03/1992,060210,040558,002533,032605,003028
2781,14/03/1992,003405,020721,028909,065999,012172
2780,11/03/1992,060557,033411,001577,032488,061079
2779,07/03/1992,062789,037115,040474,072069,038893
2778,29/02/1992,022131,033251,032869,008185,033547
2777,26/02/1992,019335,039916,038383,021534,032106
2776,22/02/1992,023787,004128,038529,003122,028709
2775,19/02/1992,022090,041332,018692,045551,026956
2774,15/02/1992,042304,038751,028796,043345,009469
2773,12/02/1992,015546,021633,045073,003954,006484
2772,08/02/1992,001235,028831,029611,026347,030696
2771,05/02/1992,023633,024072,048227,047832,012557
2770,01/02/1992,019076,001465,035129,037059,030478
2769,29/01/1992,008298,031920,007830,030158,043238
2768,25/01/1992,018375,003423,025930,043600,030335
2767,22/01/1992,028644,015807,011217,000106,038846
2766,18/01/1992,035745,039119,041580,037988,017510
2765,15/01/1992,018656,010243,047650,041433,047313
2764,11/01/1992,044565,024084,004302,012613,019486
2763,08/01/1992,005436,005931,045546,023930,006770
2762,04/01/1992,034106,000453,009592,008426,003620
2761,28/12/1991,008561,016758,014644,014512,058428
2760,21/12/1991,035543,007148,026685,003438,048508
2759,14/12/1991,007958,007552,044313,015782,003676
2758,11/12/1991,014387,024937,008700,019097,034918
2757,07/12/1991,023132,009666,033791,008444,033252
2756,04/12/1991,049146,045018,035511,012715,038240
2755,30/11/1991,042198,042216,033810,009192,000587
2754,27/11/1991,012531,036442,017974,000706,028780
2753,23/11/1991,020188,021495,014593,040715,032855
2752,20/11/1991,030779,032177,022716,028053,014689
2751,16/11/1991,020381,015409,002868,046752,022099
2750,09/11/1991,040030,019427,016341,036242,007115
2749,06/11/1991,029515,018893,003466,034730,012560
2748,30/10/1991,010699,009919,007566,045970,037468
2747,26/10/1991,049546,002047,016163,017248,004467
2746,23/10/1991,013303,040500,018409,033656,047968
2745,19/10/1991,001404,036637,003235,027378,000034
2744,16/10/1991,011668,027354,045513,027892,010431
2743,09/10/1991,040041,006561,008997,049587,010443
2742,05/10/1991,007475,031923,045156,023223,045820
2741,29/09/1991,046285,042122,002242,027279,040999
2740,28/09/1991,035873,015166,022086,043568,013224
2739,25/09/1991,046919,014088,020322,011044,039662
2738,21/09/1991,025179,030669,041223,033994,002376
2737,18/09/1991,001651,018625,030708,049370,011093
2736,14/09/1991,036553,042668,029236,008253,028791
2735,11/09/1991,045680,004623,044543,024963,003641
2734,04/09/1991,022068,042547,006378,011628,025495
2733,31/08/1991,049471,040269,022302,049475,047308
2732,28/08/1991,012395,017941,009119,056306,004961
2731,24/08/1991,021371,020735,039698,007821,052635
2730,21/08/1991,029068,052225,018162,053370,050915
2729,17/08/1991,044377,054440,041266,023165,010211
2728,14/08/1991,022213,045800,027621,008630,000795
2727,10/08/1991,019868,031859,008042,040448,043591
2726,07/08/1991,056778,049917,056483,033778,024590
2725,03/08/1991,024190,042540,031502,011111,042507
2724,31/07/1991,018297,023642,038548,024258,059704
2723,27/07/1991,035508,031451,005285,014948,052248
2722,24/07/1991,001676,002887,035084,057233,007368
2721,20/07/1991,041307,018549,040536,054384,023701
2720,17/07/1991,053329,012976,053669,012124,034154
2719,13/07/1991,008938,054576,044895,038478,008127
2718,10/07/1991,033419,018895,037252,047639,014308
2717,06/07/1991,072562,043920,005100,094289,087419
2716,29/06/1991,060388,052564,021994,035436,040770
2715,26/06/1991,069686,052675,058052,037292,049592
2714,22/06/1991,015521,024671,037231,008515,044690
2713,15/06/1991,061545,017867,032108,001914,019277
2712,12/06/1991,068931,012038,006782,025316,018393
2711,08/06/1991,028228,029599,044418,028837,024111
2710,05/06/1991,021183,021959,022769,043258,047518
2709,01/06/1991,046868,053973,016965,007937,061711
2708,25/05/1991,059500,025649,053969,003046,001925
2707,22/05/1991,069458,049245,037047,038681,001579
2706,18/05/1991,007889,022780,065374,058893,045861
2705,15/05/1991,020406,047875,051576,064307,015260
2704,11/05/1991,026586,059339,028073,038529,001185
2703,08/05/1991,041979,042027,056930,051664,041919
2702,04/05/1991,041830,069533,048920,056436,012439
2701,27/04/1991,013478,016386,023793,010150,003664
2700,24/04/1991,008682,046215,040643,065870,020244
2699,20/04/1991,024175,047845,063118,002641,039526
2698,17/04/1991,047140,045617,076261,069692,015909
2697,13/04/1991,027906,025630,055273,063971,045361
2696,10/04/1991,019730,060161,034888,024392,073356
2695,06/04/1991,074100,024371,062767,023764,004908
2694,03/04/1991,070093,008754,061410,010550,020790
2693,27/03/1991,027274,007361,059176,048415,001602
2692,23/03/1991,043016,051827,052168,021437,044664
2691,20/03/1991,070575,031007,045908,009448,055657
2690,16/03/1991,055789,058966,020866,002797,028074
2689,13/03/1991,073154,047510,025885,035042,013756
2688,09/03/1991,021808,031160,071025,007490,023491
2687,06/03/1991,072967,021522,027166,050244,057805
2686,02/03/1991,008166,011835,018323,021247,018482
2685,27/02/1991,020962,029274,021884,013595,006030
2684,23/02/1991,016197,008625,007291,042596,075529
2683,20/02/1991,063322,008405,059754,074877,001689
2682,16/02/1991,057370,061202,071454,024133,024858
2681,09/02/1991,038609,039859,042111,070842,031533
2680,06/02/1991,053494,022609,075466,012544,078947
2679,02/02/1991,071009,057851,042696,071846,046430
2678,30/01/1991,002345,066026,018436,009252,064219
2677,26/01/1991,045876,069615,062260,070042,028494
2676,23/01/1991,022910,046895,004221,005206,005537
2675,19/01/1991,066588,015611,063958,013077,058584
2674,16/01/1991,074586,015182,045367,028862,014113
2673,12/01/1991,044813,016863,017138,052366,003185
2672,09/01/1991,047406,001351,005289,013767,053799
2671,05/01/1991,035357,033606,064413,079947,000937
2670,29/12/1990,032120,051180,055300,027554,078645
2669,22/12/1990,060178,055260,045097,009773,041803
2668,15/12/1990,044815,026442,019802,047090,004257
2667,12/12/1990,039601,043048,067025,015041,011020
2666,08/12/1990,079547,056790,055940,076573,066971
2665,05/12/1990,056204,064072,001965,057162,046834
2664,01/12/1990,018726,062425,079859,075824,056580
2663,28/11/1990,062767,062147,031458,048999,030750
2662,24/11/1990,009394,073688,042261,005856,053640
2661,21/11/1990,058903,007460,018771,020071,051520
2660,17/11/1990,032251,017548,057788,011228,027855
2659,10/11/1990,001346,024618,030376,028768,060226
2658,07/11/1990,028488,032049,000824,014118,003434
2657,31/10/1990,076235,044436,004288,012304,028566
2656,27/10/1990,005044,010578,053449,013068,030812
2655,24/10/1990,037815,076178,069332,038735,033132
2654,20/10/1990,072366,079218,056317,059880,067976
2653,17/10/1990,028546,069436,034110,037386,050824
2652,10/10/1990,003805,077773,014283,045728,046370
2651,06/10/1990,030770,077087,064791,064925,032479
2650,29/09/1990,016093,002171,062977,046153,074141
2649,26/09/1990,076096,001105,076552,068033,049625
2648,22/09/1990,005383,066936,008581,033542,032152
2647,19/09/1990,028667,003486,015390,033232,072958
2646,15/09/1990,065305,036010,038527,049259,037022
2645,12/09/1990,018429,000341,015788,056876,032902
2644,05/09/1990,059797,035556,066690,004852,061225
2643,01/09/1990,064942,032156,015682,063707,058894
2642,29/08/1990,063675,092939,027604,046862,015084
2641,25/08/1990,046104,055767,016015,094018,061865
2640,22/08/1990,072218,005763,097199,076553,052992
2639,18/08/1990,080831,022443,057200,024219,037061
2638,15/08/1990,075326,058788,035012,047728,057630
2637,11/08/1990,094941,066473,051853,053131,084212
2636,08/08/1990,027941,074685,086183,001002,000039
2635,04/08/1990,015026,069707,048079,033136,095060
2634,01/08/1990,048595,095437,000593,082844,042286
2633,28/07/1990,097480,074627,044288,001353,039990
2632,25/07/1990,000556,068531,019413,067821,010452
2631,21/07/1990,014962,099891,050262,031170,018346
2630,18/07/1990,068380,030695,042973,069173,046826
2629,14/07/1990,069031,059877,026633,088857,080286
2628,11/07/1990,081797,011870,015111,097728,075112
2627,07/07/1990,033012,060495,021250,076616,000154
2626,04/07/1990,005602,093365,033944,061593,043523
2625,30/06/1990,080034,093016,029319,089011,040285
2624,23/06/1990,053053,060321,026728,047001,069817
2623,16/06/1990,013916,059501,034141,038566,073395
2622,09/06/1990,040162,033764,085012,082655,062369
2621,06/06/1990,056872,018893,025121,057070,057780
2620,02/06/1990,041536,016399,083463,059656,017432
2619,30/05/1990,099181,085895,002358,006628,053989
2618,26/05/1990,073815,057711,093203,050384,045492
2617,23/05/1990,055913,056572,074455,064057,044699
2616,19/05/1990,031146,015854,028067,038765,008072
2615,16/05/1990,032391,098994,037745,090672,098078
2614,12/05/1990,022092,082130,086481,046551,093401
2613,09/05/1990,028503,004893,073746,042048,060498
2612,05/05/1990,060938,008309,018732,067986,006298
2611,28/04/1990,038680,085723,064373,042247,013624
2610,25/04/1990,030832,027746,040855,027040,056838
2609,18/04/1990,077311,006797,052099,030064,019686
2608,11/04/1990,077554,041028,068195,033346,077049
2607,04/04/1990,014658,087189,031158,022745,020155
2606,31/03/1990,096196,079555,059603,075763,047044
2605,28/03/1990,000507,094408,060023,072703,016160
2604,25/03/1990,087989,061820,056094,010077,091561
2603,21/03/1990,028271,046625,053135,086626,080952
2602,14/03/1990,077633,050369,020704,064054,030210
2601,10/03/1990,013382,047850,089751,011117,080205
2600,07/03/1990,056683,021211,013102,000840,054599
2599,03/03/1990,092912,067933,055866,084621,080736
2598,24/02/1990,088656,052805,052985,069251,061886
2597,21/02/1990,068659,063288,049352,091127,038110
2596,17/02/1990,091190,078262,086981,054950,050031
2595,14/02/1990,012123,050171,055696,051319,046037
2594,10/02/1990,007306,091765,020479,056406,092335
2593,07/02/1990,040746,089980,044955,013112,072323
2592,03/02/1990,049237,015776,043219,062581,069522
2591,27/01/1990,015766,015800,059565,057965,076430
2590,20/01/1990,096481,076038,033445,063490,097342
2589,13/01/1990,080255,073614,057684,059335,065447
2588,06/01/1990,052402,077090,098769,066701,039380
2587,30/12/1989,069843,092242,071352,017296,055942
2586,23/12/1989,048693,046054,098992,020955,032335
2585,16/12/1989,060090,088826,080840,062503,032743
2584,13/12/1989,082457,083907,020826,073948,069149
2583,09/12/1989,074779,006085,013395,030592,013967
2582,06/12/1989,042508,057120,007240,007049,047629
2581,02/12/1989,086672,081783,052420,066404,045755
2580,29/11/1989,002744,083759,015640,014064,084837
2579,25/11/1989,067268,038362,048842,013825,063252
2578,22/11/1989,004236,010076,037664,031081,071043
2577,19/11/1989,014727,010623,020481,027413,066288
2576,11/11/1989,026207,073545,002000,000892,071359
2575,04/11/1989,011237,070030,046418,001138,009418
2574,28/10/1989,086585,058998,074308,078474,050160
2573,25/10/1989,089718,015220,012690,055260,022684
2572,21/10/1989,091468,082272,008795,064824,071473
2571,18/10/1989,065036,040670,067523,039617,010283
2570,15/10/1989,080021,056372,085412,091032,066505
2569,07/10/1989,097173,054915,020080,016404,099158
2568,04/10/1989,010210,039273,096111,094534,011914
2567,30/09/1989,087762,022914,000620,087077,076595
2566,27/09/1989,081246,074461,003460,024071,026346
2565,23/09/1989,081635,032210,013142,087207,058522
2564,20/09/1989,073984,021501,050115,028218,012651
2563,16/09/1989,030676,050445,035542,023932,050945
2562,13/09/1989,003826,055092,017384,001513,020434
2561,06/09/1989,050395,041300,020329,075768,042048
2560,02/09/1989,046236,063520,071147,073615,012568
2559,30/08/1989,080178,078399,069680,034617,069702
2558,26/08/1989,014849,023239,034727,061239,031351
2557,23/08/1989,077476,094533,060991,006969,085201
2556,19/08/1989,033760,015054,065970,033203,056874
2555,16/08/1989,066063,086024,069964,034078,067397
2554,12/08/1989,038755,091614,094027,000421,078170
2553,05/08/1989,028556,045669,087885,050940,008498
2552,02/08/1989,088497,038301,015119,071074,020928
2551,29/07/1989,074460,090032,083038,008533,099310
2550,26/07/1989,000268,038925,054332,027379,002025
2549,22/07/1989,021905,013841,050654,083497,061321
2548,19/07/1989,070549,063119,091472,019901,077065
2547,15/07/1989,052325,030984,036994,013452,033634
2546,12/07/1989,097971,037359,055396,079249,074500
2545,08/07/1989,020251,019828,019889,080850,066753
2544,05/07/1989,031809,076053,025469,014870,008105
2543,01/07/1989,027709,065477,081957,078112,079023
2542,28/06/1989,085720,000157,015292,064578,088222
2541,24/06/1989,016228,003999,046151,086973,077371
2540,17/06/1989,090029,098102,010245,058001,072783
2539,14/06/1989,013089,002494,076383,049945,064662
2538,10/06/1989,090523,065781,034667,018205,060508
2537,07/06/1989,076389,012859,075712,054039,070673
2536,03/06/1989,096496,032929,017911,074962,058622
2535,31/05/1989,056846,014633,026392,028632,081496
2534,24/05/1989,039009,029038,079411,056107,092473
2533,20/05/1989,061940,083937,038656,080219,028119
2532,17/05/1989,082192,055747,003654,000006,022646
2531,13/05/1989,042074,066946,034568,020582,000340
2530,10/05/1989,036203,060874,070943,090679,032947
2529,06/05/1989,032364,066714,043137,068176,091908
2528,29/04/1989,065298,096875,043571,014323,088641
2527,26/04/1989,098821,098409,048838,021155,091761
2526,22/04/1989,049728,062615,074108,067409,016051
2525,15/04/1989,047634,002069,052677,096305,016086
2524,12/04/1989,065381,041681,066197,010372,051515
2523,08/04/1989,053862,035866,085142,037660,006450
2522,05/04/1989,054391,037873,030157,030563,030746
2521,01/04/1989,009732,059529,019474,097911,022316
2520,29/03/1989,054633,087088,026588,076038,006913
2519,26/03/1989,017648,047384,026506,025934,008193
2518,18/03/1989,053323,022462,023349,023680,093250
2517,16/03/1989,042835,033710,053692,004390,097595
2516,11/03/1989,044648,080148,033485,027365,005274
2515,08/03/1989,070242,043047,092480,013555,091127
2514,04/03/1989,042979,019132,024176,085682,070233
2513,01/03/1989,038016,079538,099656,071076,078925
2512,25/02/1989,091173,001510,079304,087087,041382
2511,22/02/1989,011409,096002,002222,099846,029379
2510,18/02/1989,022624,056486,051893,003558,067019
2509,15/02/1989,089493,042225,076354,059429,044888
2508,11/02/1989,084378,087852,089907,085553,000991
2507,04/02/1989,014212,010524,051451,013810,032937
2506,01/02/1989,001933,009202,072736,035499,090493
2505,28/01/1989,046087,038068,085499,029464,056429
2504,25/01/1989,061531,076060,070016,038172,012295
2503,21/01/1989,075319,056780,018581,045044,001665
2502,18/01/1989,063653,068639,006013,016926,034835
2501,14/01/1989,089830,006125,034886,089705,016081
2500,11/01/1989,066069,077589,060325,003547,048642
2499,07/01/1989,022748,077870,048572,084243,018121
2498,31/12/1988,041907,029082,087777,031029,015616
2497,24/12/1988,077453,083175,035195,052984,071450
2496,17/12/1988,037994,003226,092690,015090,097548
2495,14/12/1988,081413,098019,017568,070003,006516
2494,10/12/1988,005093,055800,086496,004109,009453
2493,07/12/1988,005724,078318,018973,023378,044774
2492,03/12/1988,006165,050279,022633,059066,084059
2491,30/11/1988,045823,021619,003785,015010,054511
2490,26/11/1988,086765,021568,094591,040088,006492
2489,23/11/1988,003748,030947,018219,076042,000282
2488,19/11/1988,048257,032124,074346,033521,051271
2487,12/11/1988,089833,033941,082343,017210,000937
2486,09/11/1988,012946,091518,001960,005408,058430
2485,05/11/1988,034220,050517,002560,035613,042467
2484,29/10/1988,091402,054725,088206,056425,055204
2483,26/10/1988,059173,060368,037985,085825,036710
2482,22/10/1980,043058,047734,065473,059019,042336
2481,19/10/1988,028298,043713,000577,046472,028102
2480,15/10/1988,039207,001480,070669,049351,083294
2479,08/10/1988,097681,033923,098880,031326,014128
2478,05/10/1988,014309,019761,077452,067628,021289
2477,01/10/1988,009469,060913,074708,097935,056669
2476,28/09/1988,015109,016899,025960,024521,056610
2475,24/09/1988,036204,013580,078018,088693,019098
2474,21/09/1988,032161,041983,088414,064016,017393
2473,17/09/1988,008333,046609,018567,085549,007304
2472,14/09/1988,012511,034176,095770,094023,076495
2471,10/09/1988,006050,051372,010251,007874,022417
2470,03/09/1988,023770,045636,019985,059007,009204
2469,31/08/1988,005940,067910,018674,003978,008569
2468,27/08/1988,091998,025363,045378,042289,013345
2467,24/08/1988,049168,000644,043642,041374,078572
2466,20/08/1988,066760,014987,016452,032935,070808
2465,17/08/1988,086588,003364,025214,005025,099626
2464,13/08/1988,073000,072293,030950,039976,007784
2463,10/08/1988,051901,054744,098317,067963,059184
2462,06/08/1988,033264,070081,070131,096927,054383
2461,03/08/1988,016727,047725,052734,004651,038391
2460,30/07/1988,049384,029348,051638,000803,003435
2459,27/07/1988,069551,057823,009282,019441,083049
2458,23/07/1988,034260,052355,054530,012506,029569
2457,20/07/1988,073459,044961,006069,019239,054590
2456,16/07/1988,070757,065412,050864,033890,005228
2455,13/07/1988,003098,055854,008027,039979,019226
2454,09/07/1988,050179,068303,044574,072096,027736
2453,06/07/1988,077271,052857,060978,022705,005846
2452,02/07/1988,064033,058136,024303,037015,013354
2451,29/06/1988,036083,070071,083273,093218,085701
2450,25/06/1988,094247,010752,073725,085683,013663
2449,22/06/1988,099688,068236,019367,037368,054432
2448,18/06/1988,086381,066806,047735,082468,051399
2447,15/06/1988,061011,002993,047372,060676,007948
2446,11/06/1988,092841,014926,098589,014646,049390
2445,08/06/1988,018901,005231,095194,059134,076270
2444,04/06/1988,071991,051304,003898,004027,014800
2443,28/05/1988,009029,032216,011170,035731,019052
2442,25/05/1988,002496,042572,093214,074004,044206
2441,21/05/1988,042892,054946,031994,036407,052958
2440,18/05/1988,085860,035352,018064,091425,013771
2439,11/05/1988,005609,020934,054542,079999,006367
2438,07/05/1988,011497,011125,086194,035830,087576
2437,04/05/1988,047103,001179,077820,060200,080518
2436,30/04/1988,094330,063738,050118,056538,056354
2435,27/04/1988,088506,063682,047877,043269,094282
2434,23/04/1988,092782,001827,057915,056997,018437
2433,16/04/1988,075219,079539,091163,038948,033344
2432,13/04/1988,027196,039631,023188,030327,010790
2431,09/04/1988,005087,077837,030041,071246,075603
2430,06/04/1988,047963,052049,042672,091131,072673
2429,02/04/1988,092206,064165,009902,023578,004460
2428,26/03/1988,006567,064726,097177,008279,021952
2427,23/03/1988,053831,013196,023075,094953,046270
2426,19/03/1988,029249,092551,087154,007082,064987
2425,16/03/1988,085223,030077,076652,080394,044110
2424,12/03/1988,048206,051526,067952,086151,095036
2423,09/03/1988,016778,099833,002721,080836,015584
2422,05/03/1988,041462,092749,056880,050364,050660
2421,02/03/1988,003805,068791,044201,091920,017341
2420,27/02/1988,018091,011074,016178,089720,064804
2419,24/02/1988,064151,048412,072714,045380,026614
2418,20/02/1988,018180,022950,067019,098758,083744
2417,13/02/1988,054478,023773,050523,028073,082429
2416,10/02/1988,053938,019308,026165,030050,085592
2415,06/02/1988,070258,084750,017018,001527,017418
2414,03/02/1988,020079,032611,089281,040643,079803
2413,30/01/1988,097351,047764,086802,027743,003342
2412,07/01/1988,005221,091135,048905,055556,011376
2411,23/01/1988,034404,009578,034307,088814,050563
2410,20/01/1988,004060,028047,065234,044956,030352
2409,16/01/1988,069660,079246,058603,020056,055779
2408,13/01/1988,089103,089534,020245,062336,034054
2407,09/01/1988,061752,088601,082976,010752,020765
2406,06/01/1988,069228,007196,093854,093831,068640
2405,30/12/1987,047088,072669,055233,048913,081325
2404,23/12/1987,089275,058612,075457,050040,012342
2403,16/12/1987,067132,043806,022858,043903,013870
2402,12/12/1987,011050,056432,008696,008266,044364
2401,09/12/1987,062657,015922,037917,036994,021764
2400,05/12/1987,023161,085906,024658,052641,007800
2399,02/12/1987,017036,015643,091725,047431,090293
2398,28/11/1987,038294,090402,061598,023059,069365
2397,25/11/1987,034318,078204,041287,024046,064899
2396,22/11/1987,074193,070506,001517,006994,022655
2395,18/11/1987,064656,074314,057734,032335,082954
2394,14/11/1987,004075,054145,082932,054050,021802
2393,11/11/1987,034015,061553,009885,004667,075019
2392,07/11/1987,062089,040185,039198,015949,005838
2391,31/10/1987,018994,060369,042719,078066,051406
2390,28/10/1987,031478,038859,058306,059159,090618
2389,24/10/1987,002259,035703,028609,046960,087370
2388,21/10/1987,012573,030938,034406,013488,072833
2387,18/10/1987,094498,010999,071295,086596,096789
2386,10/10/1987,004890,078925,025187,061793,086756
2385,07/10/1987,017207,042085,015768,059885,003990
2384,03/10/1987,012988,032160,001263,007532,015195
2383,30/09/1987,040220,066267,064297,075470,065612
2382,26/09/1987,036707,078979,015539,047158,059847
2381,23/09/1987,048357,035641,052756,079943,001849
2380,19/09/1987,081533,027979,041008,072374,042434
2379,12/09/1987,006104,053182,011423,038269,016595
2378,05/09/1987,055793,029012,040585,048911,047354
2377,02/09/1987,036444,096795,099245,088405,082479
2376,29/08/1987,087359,082225,008749,068031,040763
2375,26/08/1987,070175,005399,052554,052766,076283
2374,22/08/1987,013685,073274,022963,084887,020454
2373,19/08/1987,090033,052198,019958,088012,032541
2372,15/08/1987,067327,065759,096416,010636,009805
2371,12/08/1987,057018,096345,019180,030179,051534
2370,08/08/1987,008409,031684,043610,019463,036276
2369,05/08/1987,037784,040785,069050,016859,075401
2368,02/08/1987,006454,057277,084189,024565,038493
2367,29/07/1987,025712,006475,096692,070756,002760
2366,25/07/1987,030901,019236,018682,029232,073209
2365,22/07/1987,040003,016716,063754,077890,035859
2364,18/07/1987,067913,097255,021987,029418,075172
2363,15/07/1987,001581,012664,074835,084609,052523
2362,11/07/1987,064237,094266,060661,020636,012961
2361,08/07/1987,076631,043008,069384,007570,002382
2360,04/07/1987,040917,081876,019807,088356,007192
2359,01/07/1987,063787,090510,034115,048234,060067
2358,27/06/1987,043828,066433,087712,010797,019758
2357,24/06/1987,096747,023874,053074,011176,080741
2356,20/06/1987,049270,032260,049328,045706,047876
2355,17/06/1987,085517,074096,045566,076572,012480
2354,13/06/1987,053505,079937,069709,053336,012861
2353,10/06/1987,038874,037394,096479,080481,073374
2352,06/06/1987,005656,096182,021199,033554,088824
2351,03/06/1987,054826,058322,074861,001539,041924
2350,30/05/1987,027213,033730,009117,010289,088645
2349,27/05/1987,016812,027304,081457,061039,060240
2348,23/05/1987,092089,069546,043022,001655,023818
2347,20/05/1987,075901,086386,002949,007601,074566
2346,16/05/1987,053947,025372,073023,095937,032835
2345,13/05/1987,002437,036225,056159,024718,088637
2344,09/05/1987,086043,039045,017634,015955,056500
2343,06/05/1987,022048,012660,071847,041899,052860
2342,03/05/1987,069245,015961,054878,006914,039397
2341,29/04/1987,086608,038030,022788,086964,036190
2340,25/04/1987,068578,086980,021384,038198,025747
2339,22/04/1987,055699,018355,085694,034033,009854
2338,15/04/1987,057622,070345,012835,036187,009061
2337,12/04/1987,032744,029905,015848,048772,064106
2336,08/04/1987,037083,054549,078896,016827,082200
2335,04/04/1987,088186,008383,061190,000573,055224
2334,01/04/1987,077422,089063,020383,025072,079016
2333,28/03/1987,078039,054349,036188,060031,045827
2332,25/03/1987,053344,052729,015328,014148,083786
2331,21/03/1987,097159,067667,034926,064606,073656
2330,18/03/1987,065463,073153,000697,021231,067792
2329,14/03/1987,040630,093427,032448,052402,093035
2328,11/03/1987,023010,067926,059342,066825,008835
2327,07/03/1987,082892,059132,044358,039704,098353
2326,28/02/1987,018328,026647,022934,053196,004245
2325,25/02/1987,050374,055840,048256,033239,013161
2324,21/02/1987,029259,076851,061961,023859,064029
2323,18/02/1987,081796,051689,018099,005055,092472
2322,14/02/1987,009003,084943,053950,017136,048407
2321,11/02/1987,015519,088564,051325,072886,075520
2320,07/02/1987,093349,081830,008250,012613,076848
2319,04/02/1987,059319,093966,012930,023579,049463
2318,31/01/1987,058934,054493,035983,062138,025988
2317,28/01/1987,083328,088845,018533,093481,019683
2316,24/01/1987,013277,037895,068154,023027,038623
2315,21/01/1987,022928,088146,030304,063083,030911
2314,17/01/1987,048981,075153,038383,051148,024675
2313,14/01/1987,042388,093269,059381,092688,078210
2312,10/01/1987,064017,011556,058337,025640,027816
2311,07/01/1987,041561,091255,047732,022985,087020
2310,31/12/1986,054312,015545,074615,070900,026516
2309,24/12/1986,023160,001419,057988,064413,081269
2308,17/12/1986,030161,009758,050727,048014,020873
2307,13/12/1986,073789,075164,086985,038086,053276
2306,10/12/1986,056578,016008,026391,067060,031854
2305,06/12/1986,046684,041724,086262,053959,043361
2304,03/12/1986,023013,043778,078628,049667,017724
2303,29/11/1986,027347,058912,031646,072544,069813
2302,26/11/1986,025601,070507,015821,026919,061594
2301,22/11/1986,049279,072024,069247,038106,000322
2300,19/11/1986,044424,009836,006004,072104,039702
2299,12/11/1986,030064,006012,007746,018818,048155
2298,09/11/1986,016324,011772,031625,043668,078934
2297,01/11/1986,083375,060684,049621,054255,032493
2296,29/10/1986,038664,083746,004687,033855,002613
2295,25/10/1986,080588,013323,031667,056784,045887
2294,22/10/1986,002982,048322,009807,089583,085896
2293,18/10/1986,060353,074931,082119,040882,025861
2292,15/12/1986,075840,080319,065016,052853,029046
2291,12/10/1986,071852,012566,091361,005400,001810
2290,04/10/1986,043723,010540,026615,012869,084663
2289,01/10/1986,064226,065255,071252,001554,031533
2288,27/09/1986,008525,017356,009500,086054,063077
2287,20/09/1986,061814,014024,033916,068053,038918
2286,17/09/1986,046127,045279,056693,068270,068266
2285,13/09/1986,082349,075882,009491,069417,083241
2284,10/09/1986,029003,001486,039392,033933,059521
2283,06/09/1986,038951,089572,084885,025143,082826
2282,30/08/1986,077336,054925,019428,052959,022686
2281,23/08/1986,021764,088158,059815,042397,013944
2280,20/08/1986,023529,036119,048295,086989,010522
2279,16/08/1986,050983,089247,028620,056173,089576
2278,13/08/1986,041878,082740,070997,082284,061527
2277,09/08/1986,088657,043509,002232,006282,083163
2276,06/08/1986,032203,000709,068990,021700,041336
2275,03/08/1986,077205,049458,094707,045459,072060
2274,30/07/1986,007094,077160,029726,035022,020806
2273,26/07/1986,025235,000618,052184,025155,010762
2272,23/07/1986,004912,031027,040953,080492,028885
2271,19/07/1986,015336,074810,053777,064776,062231
2270,16/07/1986,038925,001905,070353,066253,065059
2269,12/07/1986,064313,052255,029292,082097,008774
2268,09/07/1986,036315,049434,019757,042383,043394
2267,05/07/1986,038899,082241,019529,064134,023475
2266,02/07/1986,074907,061773,015289,076239,035556
2265,28/06/1986,039913,081100,021506,031078,049154
2264,25/06/1986,074146,013774,029587,025022,025931
2263,21/06/1986,059165,019266,076052,073981,070877
2262,18/06/1986,015904,009998,074263,065620,063848
2261,14/06/1986,027181,045717,044629,034415,053128
2260,11/06/1986,031659,042031,036596,039927,029757
2259,07/06/1986,018398,016354,023961,012176,034998
2258,04/06/1986,042580,071121,033678,038461,069708
2257,31/05/1986,017040,048709,001537,055893,021834
2256,24/05/1986,014929,019071,052747,080140,005454
2255,21/05/1986,082822,016815,008488,051296,008119
2254,17/05/1986,025432,044588,049745,065091,048699
2253,14/05/1986,030791,056921,060655,044128,076832
2252,10/05/1986,014710,053825,010690,073975,048575
2251,07/05/1986,020421,055919,068770,074337,000095
2250,04/05/1986,037205,093319,008830,032887,031457
2249,26/04/1986,057772,055998,072284,032083,006730
2248,19/04/1986,056364,061645,029583,057723,029555
2247,16/04/1986,074090,024141,042265,083664,009163
2246,12/04/1986,014931,023989,035286,012720,016595
2245,09/04/1986,077542,040532,027309,006541,017444
2244,05/04/1986,078483,031921,060760,036974,023089
2243,02/04/1986,010589,083471,046333,001593,015256
2242,26/03/1986,030041,065068,032970,035274,045153
2241,23/03/1986,029679,016686,081803,041094,031227
2240,19/03/1986,037762,076475,009338,064879,062434
2239,15/03/1986,005452,052723,021202,006493,005966
2238,12/03/1986,021323,016742,083990,063168,078356
2237,08/03/1986,030280,056048,000585,079673,043866
2236,05/03/1986,013653,072796,047183,054860,016134
2235,01/03/1986,019895,017381,050771,082510,046379
2234,26/02/1986,042647,037031,019922,067959,035949
2233,22/02/1986,013668,030842,016448,041999,049600
2232,19/02/1986,083405,051292,009129,052268,045436
2231,15/02/1986,069504,042318,075216,012260,012718
2230,08/02/1986,069019,008652,037678,082012,084841
2229,05/02/1986,042491,015558,013342,019919,031745
2228,01/02/1986,005674,026893,000525,077528,038785
2227,29/01/1986,003859,030120,041035,009314,058776
2226,25/01/1986,072386,079471,008389,062997,044800
2225,22/01/1986,019721,014319,034742,001006,074026
2224,18/01/1986,016944,022729,025919,021265,045798
2223,15/01/1986,022837,022630,044262,010992,038370
2222,11/01/1986,045699,028456,059332,029248,022800
2221,08/01/1986,053241,024202,018668,048594,038616
2220,04/01/1986,020556,078701,024993,034869,060792
2219,28/12/1985,002562,062466,057240,022344,030853
2218,21/12/1985,068403,033676,065765,048711,067458
2217,18/12/1985,008086,045788,068505,074755,036053
2216,14/12/1985,071113,011548,070824,075312,022746
2215,11/12/1985,032925,074479,069258,057110,066366
2214,07/12/1985,001743,005489,044873,067300,004305
2213,04/12/1985,056338,009554,034561,070306,042831
2212,30/11/1985,023745,052558,046575,052240,010479
2211,27/11/1985,023710,051981,024023,058569,075818
2210,23/11/1985,073622,056344,013809,063765,006223
2209,20/11/1985,074286,030209,041613,032032,041639
2208,13/11/1985,063234,051787,050841,015745,047692
2207,10/11/1985,091482,066004,094064,049729,007260
2206,06/11/1985,079007,008661,002047,058990,012997
2205,30/10/1985,042582,074395,053296,019721,001785
2204,26/10/1985,043685,003653,001500,038915,007249
2203,23/10/1985,047972,025830,003350,071310,015708
2202,19/10/1985,014025,006249,072372,030137,036522
2201,16/10/1985,029570,015233,052156,003440,026541
2200,13/10/1985,089248,037237,065927,086831,042000
2199,09/10/1985,055934,070752,035237,010650,057043
2198,05/10/1985,035110,015461,054719,035045,058927
2197,02/10/1985,066072,045101,037990,029529,001795
2196,28/09/1985,054909,020518,064819,065634,016442
2195,25/09/1985,054060,025433,020863,064116,007631
2194,21/09/1985,017984,044097,078075,022449,006170
2193,18/09/1985,072513,037231,070301,031038,070477
2192,14/09/1985,042252,046020,058564,020949,038047
2191,11/09/1985,049360,067070,078930,036988,004255
2190,04/09/1985,071055,026138,045131,004087,062607
2189,31/08/1985,022708,063228,007895,011316,062515
2188,28/08/1985,035306,039399,056077,006134,022362
2187,24/08/1985,061343,038330,039696,011959,065042
2186,21/08/1985,000049,059283,060493,077121,051535
2185,17/08/1985,063672,071216,023470,069196,060896
2184,14/08/1985,020698,008915,019146,071230,068304
2183,10/08/1985,031759,072301,036070,018061,020391
2182,07/08/1985,033170,078680,075656,035709,040839
2181,04/08/1985,000865,061152,044638,016670,042939
2180,31/07/1985,031328,055971,029368,021084,005320
2179,27/07/1985,022049,043167,016957,067727,076899
2178,24/07/1985,024598,023673,079252,000930,054240
2177,20/07/1985,015740,067635,074194,007337,021444
2176,17/07/1985,048237,041695,032943,018571,079076
2175,13/07/1985,005487,079652,064354,042607,055847
2174,10/07/1985,044338,017430,061529,058504,007298
2173,06/07/1985,067059,006592,060632,048819,074436
2172,03/07/1985,047752,038305,038845,022950,005283
2171,29/06/1985,038827,060640,007362,032241,024263
2170,26/06/1985,010053,032343,013000,002421,018635
2169,22/06/1985,076293,051869,071081,001056,039662
2168,19/06/1985,010509,054540,007675,052525,054289
2167,15/06/1985,020554,043362,033675,012999,067000
2166,12/06/1985,055064,029214,069822,062041,011688
2165,05/06/1985,031392,002594,015755,013563,025252
2164,01/06/1985,052561,036965,046036,078807,048971
2163,29/05/1985,018478,032512,036626,024436,030571
2162,25/05/1985,037595,028667,047176,056848,009691
2161,22/05/1985,062779,038057,003394,000545,071889
2160,18/05/1985,041072,033237,053865,075064,048675
2159,15/05/1985,055894,044914,004814,063130,024414
2158,11/05/1985,051797,038212,032307,011485,017804
2157,08/05/1985,054491,000355,071356,011706,025813
2156,28/04/1985,000000,000000,000000,000000,000000
2155,27/04/1985,078883,012742,003359,000935,075867
2154,24/04/1985,068531,072751,060567,039066,067182
2153,20/04/1985,051880,036039,008182,002950,030968
2152,17/04/1985,060114,014965,004968,015452,071799
2151,13/04/1985,046074,078350,004602,056015,072516
2150,10/04/1985,051606,079005,006911,003381,008748
2149,07/04/1985,081351,025005,034746,060981,096926
2148,30/03/1985,030796,043409,054296,058614,054112
2147,27/03/1985,048977,054414,028569,043210,038108
2146,23/03/1985,000839,001524,052223,049404,035136
2145,20/03/1985,061050,041117,023153,071341,044394
2144,16/03/1985,039059,072535,067836,065457,014530
2143,13/03/1985,078661,055801,025020,043756,050470
2142,09/03/1985,070228,038615,036981,020327,057027
2141,06/03/1985,042013,024585,064511,013883,072806
2140,02/03/1985,031836,000859,010862,035656,006622
2139,27/02/1985,044602,037469,056047,044858,006817
2138,23/02/1985,007375,068145,077914,054808,006464
2137,16/02/1985,004670,053463,077989,050247,070253
2136,13/02/1985,062617,077080,077280,035956,003369
2135,09/02/1985,055927,052418,051069,045734,034620
2134,06/02/1985,002595,017373,038990,066775,029970
2133,02/02/1985,038230,054000,000062,071640,018611
2132,30/01/1985,024886,045047,066250,039344,006053
2131,26/01/1985,043863,017391,041909,063090,037223
2130,23/01/1985,051195,028577,043075,053919,068896
2129,19/01/1985,014900,073454,005241,070686,047830
2128,16/01/1985,033719,019945,027274,006719,025537
2127,12/01/1985,040998,037778,061424,074823,028091
2126,09/01/1985,037816,050394,078866,056817,069345
2125,05/01/1985,021447,055722,057655,052752,062216
2124,29/12/1984,042284,009539,043337,011282,023359
2123,19/12/1984,031861,057829,041967,013248,042782
2122,19/12/1984,025985,078297,024283,070670,062865
2121,15/12/1984,051539,042891,046811,067275,064594
2120,12/12/1984,007858,024188,061482,013510,046656
2119,08/12/1984,071871,068997,001504,020047,019932
2118,05/12/1984,044991,078517,076353,050035,025475
2117,01/12/1984,008020,010835,053924,013315,006496
2116,28/11/1984,054147,060983,055736,060903,022933
2115,24/11/1984,068149,056099,056002,043469,069753
2114,21/11/1984,071263,075887,012999,068807,008330
2113,14/11/1984,073140,024266,065221,039205,059740
2112,07/11/1984,029987,063222,043277,051140,056114
2111,31/10/1984,077141,034658,045628,056277,027387
2110,27/10/1984,037090,010605,004900,072365,017026
2109,24/10/1984,016711,054722,014577,038078,078418
2108,20/10/1984,029020,016294,021780,008981,008008
2107,17/10/1984,017824,009233,010318,001666,030731
2106,10/10/1984,063345,022834,006818,002689,063562
2105,03/10/1984,061490,042955,002178,073145,061243
2104,29/09/1984,077084,034062,035848,053941,006892
2103,26/09/1984,005211,050550,006124,035353,045675
2102,22/09/1984,025909,005284,030663,048982,022732
2101,19/09/1984,045945,040116,043886,024824,045431
2100,15/09/1984,044045,013704,061759,030007,060799
2099,12/09/1984,000769,020007,056835,076818,001394
2098,05/09/1984,039071,065772,018137,006204,051787
2097,01/09/1984,073078,033904,017458,078048,020246
2096,29/08/1984,015232,063420,021506,014830,019963
2095,25/08/1984,031991,054552,045481,032261,053959
2094,22/08/1984,071778,032512,022702,047342,009267
2093,18/08/1984,068881,065842,076380,006358,033270
2092,15/08/1984,072677,049290,014858,062780,036866
2091,11/08/1984,069828,041296,026973,031902,021328
2090,08/08/1984,050560,013427,022752,005310,016727
2089,01/08/1984,026885,004895,060948,034542,019257
2088,28/07/1984,039573,060437,063145,006901,038474
2087,25/07/1984,014021,027274,044118,032523,005532
2086,21/07/1984,046030,043999,079313,044173,078000
2085,18/07/1984,078681,016392,058768,027721,014514
2084,14/07/1984,045207,070005,048872,023253,063571
2083,11/07/1984,022051,033842,043820,057207,053029
2082,07/07/1984,063228,014967,066139,008198,057108
2081,04/07/1984,003377,076834,038654,005037,030418
2080,30/06/1984,034732,044285,022847,035396,024682
2079,27/06/1984,027579,060125,011392,067150,017706
2078,20/06/1984,032566,041788,061188,062853,012365
2077,16/06/1984,063564,052605,020683,061415,050905
2076,13/06/1984,071127,038139,049095,065748,074808
2075,09/06/1984,016775,036992,067353,024486,077010
2074,06/06/1984,078137,075635,019042,062357,025440
2073,02/06/1984,071011,054088,061974,004009,056976
2072,30/05/1984,075691,079579,067096,054199,000512
2071,26/05/1984,000771,011329,078507,044489,036111
2070,23/05/1984,028506,059582,014139,009919,013470
2069,19/05/1984,065553,016374,021768,046257,020803
2068,16/05/1984,008363,034876,042349,063205,022640
2067,12/05/1984,062309,062462,078577,038421,028604
2066,09/05/1984,026350,068752,028348,033377,047207
2065,28/04/1984,037974,009511,078234,078800,024171
2064,25/04/1984,039709,018950,040226,065260,076316
2063,18/04/1984,022382,047670,063354,032743,076014
2062,14/04/1984,061239,032753,034354,046453,051945
2061,11/04/1984,016931,067484,016440,041964,005802
2060,07/04/1984,012619,034663,056398,011243,068313
2059,04/04/1984,031612,005936,049785,029862,073871
2058,31/03/1984,037902,046918,055281,060426,045141
2057,28/03/1984,065286,008970,052812,021058,068938
2056,21/03/1984,039152,062237,048862,024449,045222
2055,17/03/1984,075975,055718,017632,001107,076955
2054,14/03/1984,053456,046751,028310,029132,004166
2053,10/03/1984,034902,063176,070596,033271,035355
2052,03/03/1984,058679,047491,021244,048484,009775
2051,29/02/1984,045656,039474,048381,016679,005792
2050,25/02/1984,045702,009963,008511,060873,055339
2049,22/02/1984,070961,066109,064742,029531,048363
2048,18/02/1984,016444,023619,073268,055994,039474
2047,15/02/1984,019074,034509,009044,045989,071365
2046,11/02/1984,053863,048098,015872,071190,043035
2045,08/02/1984,061878,079950,024140,068309,005107
2044,04/02/1984,042670,005578,015023,044089,038847
2043,01/02/1984,034686,067311,013727,020507,040525
2042,28/01/1984,059016,051844,055350,009361,023189
2041,25/01/1984,001195,034300,079709,010310,042122
2040,21/01/1984,014603,021007,067341,023150,021378
2039,18/01/1984,047964,002904,043318,029589,023047
2038,14/01/1984,033519,034464,059765,071437,074633
2037,11/01/1984,006959,064008,057462,040705,062083
2036,07/01/1984,053705,075147,048250,069476,053157
2035,04/01/1984,043988,079807,074851,003612,000431
2034,31/12/1983,011863,072258,064916,014453,019498
2033,24/12/1983,050613,075102,061216,039133,029843
2032,21/12/1983,014130,057149,000877,052230,040060
2031,17/12/1983,053854,049231,079325,029848,005770
2030,14/12/1983,065919,069893,020749,010705,067245
2029,10/12/1983,010153,036351,076534,024973,078851
2028,07/12/1983,002075,072378,070377,018753,017686
2027,03/12/1983,052461,029582,022539,027609,005869
2026,30/11/1983,023069,021306,058131,067895,076007
2025,26/11/1983,057980,056410,044323,036679,015430
2024,23/11/1983,060539,012201,065925,073779,061573
2023,19/11/1983,020746,050907,018288,038525,073034
2022,12/11/1983,014161,076218,063472,029896,013827
2021,09/11/1983,004260,055177,063044,013995,018203
2020,29/10/1983,000887,038787,044901,062711,018552
2019,26/10/1983,053828,022438,059613,074015,072428
2018,22/10/1983,018646,004587,021414,021091,037509
2017,19/10/1983,024812,016438,019208,048541,029687
2016,08/10/1983,023925,059676,043775,038075,063537
2015,05/10/1983,009190,032093,023833,007093,017454
2014,01/10/1983,015640,066219,034604,019793,064055
2013,28/09/1983,076774,022028,058257,040182,064309
2012,24/09/1983,051750,078500,072313,044824,045433
2011,21/09/1983,064476,060391,073972,077454,078151
2010,17/09/1983,037622,065909,067970,056754,060608
2009,14/09/1983,031309,054720,036377,009917,013676
2008,10/09/1983,068168,054492,031231,005710,022154
2007,03/09/1983,064069,043569,021535,021873,078856
2006,31/08/1983,025779,041834,055091,016101,004081
2005,27/08/1983,003352,001984,042738,021703,032420
2004,24/08/1983,075820,047993,026960,073350,071919
2003,20/08/1983,016851,059483,060190,024674,077076
2002,17/08/1983,030104,034401,048629,053960,035700
2001,13/08/1983,024607,030666,036537,033726,076785
2000,10/08/1983,039003,064925,075978,043544,025010
1999,03/08/1983,009356,015269,075648,076167,036127
1998,30/07/1983,069573,039635,045548,002105,074918
1997,27/07/1983,003182,027011,033831,002017,007695
1996,23/07/1983,077838,028495,058810,043090,076115
1995,20/07/1983,074090,027466,004684,069369,064545
1994,16/07/1983,000627,027175,073017,039575,071580
1993,13/07/1983,027560,069465,010873,049881,010351
1992,09/07/1983,005979,061137,054461,043241,039290
1991,06/07/1983,033362,061216,004350,079856,048153
1990,02/07/1983,029092,019010,000352,015037,026740
1989,29/06/1983,049890,046048,056022,013417,014713
1988,25/06/1983,065627,020324,078134,018786,045815
1987,22/06/1983,076060,020476,018895,011223,028949
1986,18/06/1983,004002,022657,029002,057662,029530
1985,15/06/1983,048262,071250,068829,022124,069681
1984,11/06/1983,042885,017718,076845,069482,047667
1983,08/06/1983,011329,077168,015848,043803,062510
1982,04/06/1983,032330,051753,062585,001379,047119
1981,01/06/1983,028437,023191,025348,028521,016161
1980,28/05/1983,047674,047274,053257,042164,020928
1979,25/05/1983,046692,028555,028207,058866,046190
1978,21/05/1983,013110,041945,038448,020700,029915
1977,18/05/1983,054979,016228,041027,076869,031436
1976,14/05/1983,001775,031423,060542,007684,047285
1975,11/05/1983,031611,030576,060573,078937,050968
1974,07/05/1983,079746,035546,019427,037232,040830
1973,04/05/1983,025055,040915,061154,032234,049092
1972,27/04/1983,015792,061751,052075,006495,078904
1971,23/04/1983,062862,039718,040424,076401,011812
1970,20/04/1983,060330,051654,061097,070031,002068
1969,16/04/1983,047725,012339,000830,058283,033216
1968,13/04/1983,037227,062073,060929,054681,036947
1967,09/04/1983,047917,001251,069399,016110,010008
1966,06/04/1983,013608,046381,035498,034198,056390
1965,01/04/1983,000000,000000,000000,000000,000000
1964,30/03/1983,072633,078087,039375,068236,078586
1963,26/03/1983,046289,024797,034961,042159,076644
1962,23/03/1983,035986,052564,051348,038919,058298
1961,19/03/1983,049036,009550,076397,021640,004802
1960,16/03/1983,012161,031846,003548,015960,042981
1959,09/03/1983,034209,000503,059321,016599,038310
1958,05/03/1983,043466,067074,074853,074973,070560
1957,02/03/1983,049800,009517,078365,026471,028764
1956,26/02/1983,009383,031751,032519,071783,070654
1955,23/02/1983,062612,068914,059037,056526,041013
1954,19/02/1983,059863,059734,065026,039031,031076
1953,12/02/1983,036913,008946,076908,045301,078491
1952,09/02/1983,047241,020271,013283,000655,070647
1951,05/02/1983,040946,011563,026017,028606,076791
1950,02/02/1983,032738,071971,028741,076913,064169
1949,29/01/1983,074030,021992,010909,026729,023506
1948,26/01/1983,067451,022060,060745,056184,013981
1947,22/01/1983,054746,063899,028839,004580,003318
1946,19/01/1983,068729,041447,064036,041104,029681
1945,15/01/1983,013716,021376,032919,025668,029167
1944,12/01/1983,028720,055089,056741,028030,012573
1943,08/01/1983,064081,045359,026567,066114,030141
1942,05/01/1983,017973,068649,062419,025016,000566
1941,29/12/1982,028777,007029,078877,048861,079063
1940,22/12/1982,034669,026023,069111,014041,062168
1939,18/12/1982,058502,053150,020486,022692,064268
1938,15/12/1982,056621,068668,003909,015527,079690
1937,11/12/1982,048008,079062,030773,004449,018371
1936,08/12/1982,028740,031045,038979,008166,002520
1935,04/12/1982,063307,047721,048631,044534,036106
1934,01/12/1982,011573,041064,071622,025596,049177
1933,27/11/1982,078296,065315,043946,033994,012674
1932,24/11/1982,046826,015731,058413,024717,070353
1931,20/11/1982,016361,037121,075717,066947,049788
1930,17/11/1982,061647,037887,005624,016909,005128
1929,13/11/1982,060539,058233,056504,041289,033295
1928,10/11/1982,058041,006959,022396,076193,060004
1927,30/10/1982,012187,022501,016559,015333,078447
1926,27/10/1982,028461,061071,047542,048999,065241
1925,23/10/1982,029025,074331,038111,011926,001846
1924,20/10/1982,075049,012762,048626,018266,025663
1923,16/10/1982,028429,040581,076057,003458,033621
1922,13/10/1982,070725,063887,022318,006025,062777
1921,09/10/1982,055395,064223,022410,077804,013593
1920,06/10/1982,012700,029693,012720,075479,008314
1919,29/09/1982,055066,048524,002978,008175,075388
1918,25/09/1982,035580,065388,037368,064148,048280
1917,22/09/1982,031877,011757,023921,023365,053157
1916,18/09/1982,016334,015514,054737,054029,011793
1915,15/09/1982,057251,025010,035903,026728,042251
1914,11/09/1982,000649,027701,005160,074443,023221
1913,04/09/1982,033440,020778,077928,006025,044746
1912,01/09/1982,042852,060165,005371,007437,048816
1911,28/08/1982,037329,047734,046467,024353,070039
1910,25/08/1982,031889,045466,027566,005348,058008
1909,21/08/1982,068465,078755,029564,029661,023211
1908,18/08/1982,076131,044487,022638,016322,017483
1907,14/08/1982,000415,000190,052812,065729,050353
1906,11/08/1982,011447,043220,018326,079703,051023
1905,07/08/1982,036980,057810,028362,068702,079797
1904,04/08/1982,062843,016260,056764,015413,022877
1903,28/07/1982,062069,009434,054196,006807,064934
1902,24/07/1982,066653,063828,078298,064028,052250
1901,21/07/1982,031012,046280,033074,000234,039773
1900,17/07/1982,067929,033015,074903,011281,000204
1899,14/07/1982,074525,006722,046496,030895,070555
1898,10/07/1982,001908,063901,074383,026170,003779
1897,07/07/1982,046504,009973,058913,010376,010740
1896,03/07/1982,030717,025936,001791,067724,008304
1895,30/06/1982,054005,076490,004703,017117,062950
1894,26/06/1982,031046,021011,021995,069122,031676
1893,23/06/1982,000461,053578,002446,026023,016610
1892,19/06/1982,057002,074774,071248,061646,044513
1891,16/06/1982,013018,055203,071763,079233,049363
1890,12/06/1982,042738,026037,009918,011607,034438
1889,09/06/1982,009426,029814,066734,003298,008255
1888,05/06/1982,017199,005051,051650,076277,032062
1887,02/06/1982,035568,063400,059294,038998,034593
1886,29/05/1982,050008,014155,003253,051923,029602
1885,26/05/1982,057479,073448,045024,000581,009313
1884,22/05/1982,038166,039838,049583,058163,075376
1883,19/05/1982,007913,066943,058953,038503,003776
1882,12/05/1982,000283,048475,038408,011447,038488
1881,08/05/1982,017314,031639,017601,023047,010427
1880,05/05/1982,076466,013854,003059,010581,024492
1879,28/04/1982,003935,052559,014777,062597,067150
1878,24/04/1982,040854,001761,034425,067729,033200
1877,17/04/1982,049922,034091,017012,048571,028052
1876,14/04/1982,012996,061527,062688,065219,016636
1875,07/04/1982,023983,026792,021588,057469,061048
1874,03/04/1982,055326,052319,012402,075645,006825
1873,31/03/1982,050913,069379,024998,067530,032391
1872,27/03/1982,004838,008624,013675,053191,017779
1871,24/03/1982,015646,010359,079502,001569,051721
1870,17/03/1982,011602,076999,022186,043485,025362
1869,13/03/1982,063446,077820,076039,059884,074075
1868,10/03/1982,074993,039212,050926,054416,052139
1867,06/03/1982,017385,076298,016671,006644,031902
1866,03/03/1982,028529,017483,036570,022307,038792
1865,27/02/1982,017537,025398,049795,001435,055243
1864,20/02/1982,061547,065598,059123,052139,036220
1863,17/02/1982,045559,070967,034897,057614,051680
1862,13/02/1982,035232,022804,074970,064503,045917
1861,10/02/1982,024674,006022,015300,056630,014445
1860,06/02/1982,059894,066011,067963,076232,077411
1859,03/02/1982,043319,038661,026873,003334,033136
1858,30/01/1982,059872,072078,020596,077507,023340
1857,27/01/1982,032053,051490,005693,019969,071496
1856,23/01/1982,064901,031980,007329,033352,056452
1855,20/01/1982,065862,068814,036784,041117,036695
1854,16/01/1982,026453,053832,016692,024034,071361
1853,13/01/1982,077200,018882,052848,070219,045687
1852,09/01/1982,024435,043480,000706,002500,067652
1851,06/01/1982,059390,025392,053676,065164,036285
1850,30/12/1981,061111,021640,025977,004980,027450
1849,23/12/1981,001820,010069,015758,017473,021814
1848,19/12/1981,008095,058237,021924,036906,006961
1847,16/12/1981,054395,012454,059118,045103,033840
1846,12/12/1981,045685,074278,046340,059479,006556
1845,09/12/1981,071521,003014,073019,069572,057784
1844,05/12/1981,076038,052336,050681,074801,046547
1843,02/12/1981,005575,059770,002867,055583,003149
1842,28/11/1981,075473,041074,074397,051365,039795
1841,25/11/1981,040306,054858,039361,036790,002652
1840,21/11/1981,029084,077550,063526,045516,007229
1839,18/11/1981,006588,046564,025112,043372,018917
1838,11/11/1981,078701,074378,002651,008265,068938
1837,07/11/1981,003951,073037,003097,079920,023566
1836,04/11/1981,023143,079753,029876,031932,009212
1835,31/10/1981,051779,053734,071415,070495,043923
1834,28/10/1981,064928,033255,031746,017431,024672
1833,24/10/1981,015935,043671,039208,010173,022805
1832,21/10/1981,079380,027235,056900,042363,042721
1831,17/10/1981,039490,074639,038256,066456,055829
1830,14/10/1981,043545,027418,020021,003507,069289
1829,07/10/1981,011374,053522,002448,065514,038460
1828,03/10/1981,030048,068521,000317,023799,041373
1827,30/09/1981,078222,035555,052315,014781,010926
1826,26/09/1981,026274,070979,052150,070403,001205
1825,23/09/1981,040226,060821,041894,014161,039271
1824,19/09/1981,044285,011717,007903,069248,029437
1823,16/09/1981,018839,049234,040543,076749,008514
1822,12/09/1981,044893,033152,014109,029399,045614
1821,09/09/1981,003273,035671,021627,041537,009066
1820,05/09/1981,022941,015630,012513,069692,015040
1819,02/09/1981,007957,043999,066462,010809,025687
1818,29/08/1981,012805,030153,076833,021007,058082
1817,26/08/1981,041517,032295,060291,050549,020562
1816,22/08/1981,035324,069210,043147,045213,014451
1815,19/08/1981,012590,076516,021481,075725,008852
1814,15/08/1981,035547,016374,063032,042620,072340
1813,12/08/1981,010679,054326,026230,004184,067133
1812,08/08/1981,042762,046726,041682,056108,021377
1811,05/08/1981,053344,064217,052766,045864,028500
1810,29/06/1981,019770,066000,010681,010300,025752
1809,25/06/1981,063613,009594,038393,050221,043109
1808,22/06/1981,053567,000258,019545,023831,031898
1807,18/06/1981,047822,062583,072116,070337,059060
1806,15/06/1981,055489,012004,020604,018345,065072
1805,11/07/1981,076762,043159,027818,047382,037689
1804,08/07/1981,078999,040568,016330,006268,057738
1803,04/07/1981,031332,027860,049319,066979,002677
1802,01/07/1981,015995,070543,044287,077215,052635
1801,27/06/1981,056141,060978,025924,007001,031256
1800,24/06/1981,057875,017490,023704,034107,001834
1799,20/06/1981,043640,075284,026422,037112,020606
1798,17/06/1981,045389,052834,010783,070412,031674
1797,13/06/1981,021012,043598,022248,011546,066662
1796,10/06/1981,079225,013676,022497,030344,040446
1795,06/06/1981,030422,032567,038355,064573,075048
1794,03/06/1981,073617,039805,051779,054032,015395
1793,30/05/1981,036263,072892,057599,050842,033398
1792,27/05/1981,020862,017313,006270,042150,071881
1791,23/05/1981,052565,013425,038803,019162,063908
1790,20/05/1981,049227,035401,033404,040446,032920
1789,13/05/1981,053970,005577,030365,027307,033981
1788,09/05/1981,000586,002446,047810,062753,077022
1787,06/05/1981,040366,055945,038713,065693,039863
1786,29/04/1981,073963,012360,061132,053721,029904
1785,25/04/1981,026685,029475,016040,009733,014317
1784,15/04/1981,062252,040481,023903,046193,074858
1783,11/04/1981,010413,002341,031631,040235,030983
1782,08/04/1981,025475,005165,026648,042373,052935
1781,04/04/1981,035344,065311,011762,010528,026830
1780,01/04/1981,067584,018707,038611,061714,014513
1779,25/03/1981,025425,056406,014219,054745,010510
1778,21/03/1981,067527,046818,023168,002039,072147
1777,18/03/1981,017610,057173,002252,017116,006209
1776,14/03/1981,033086,017711,017739,001585,008079
1775,11/03/1981,074353,079563,000712,059396,026074
1774,07/03/1981,017903,079770,037450,024378,024084
1773,28/02/1981,077043,031338,015830,074805,051474
1772,25/02/1981,056348,031099,020837,078164,006110
1771,21/02/1981,066710,021040,033605,002185,048051
1770,18/02/1981,069509,009457,004372,022602,009707
1769,14/02/1981,023819,052887,019730,042347,025074
1768,11/02/1981,068938,039625,030665,047463,046512
1767,07/02/1981,006611,007078,072659,077621,039473
1766,04/02/1981,028921,004042,004166,049843,029948
1765,31/01/1981,071874,045806,051937,058556,012707
1764,28/01/1981,049631,065035,043446,036784,036999
1763,24/01/1981,078556,066501,066899,075568,049926
1762,21/01/1981,024249,002421,057156,017241,035637
1761,17/01/1981,046488,023797,079358,038021,072120
1760,14/01/1981,059858,076894,051509,033098,056460
1759,10/01/1981,061096,063341,062459,024651,014985
1758,07/01/1981,069998,043772,033497,013513,031717
1757,31/12/1980,020148,062166,020296,032099,074069
1756,24/12/1980,046320,073993,026391,013315,054158
1755,20/12/1980,061459,009883,044652,020639,048452
1754,17/12/1980,019783,070284,070562,047103,043693
1753,13/12/1980,002852,054007,056080,064987,010134
1752,10/12/1980,044979,045473,042758,050702,068462
1751,06/12/1980,009865,009082,013912,055166,023670
1750,03/12/1980,048562,052724,002179,051830,003044
1749,29/11/1980,028799,035284,052414,052994,071338
1748,26/11/1980,040410,073859,007524,021373,015060
1747,22/11/1980,035695,010303,030866,042585,078433
1746,19/11/1980,043839,052538,023726,030294,079605
1745,12/11/1980,052931,014073,002917,028131,060195
1744,08/11/1980,047432,028256,059911,026098,071799
1743,05/11/1980,018686,038935,063843,030299,073459
1742,01/11/1980,019653,078010,007894,033792,056494
1741,29/10/1980,008861,067278,055868,035102,043025
1740,25/10/1980,029873,077772,070458,036063,069259
1739,22/10/1980,069048,041743,039125,036945,018624
1738,18/10/1980,002591,058803,019782,060066,001658
1737,15/10/1980,007875,076823,010439,078387,072628
1736,08/10/1980,075526,046303,055316,055867,052644
1735,04/10/1980,059463,039170,057277,002200,009653
1734,01/10/1980,053484,071044,065716,056039,051860
1733,27/09/1980,070605,036866,005600,015240,050976
1732,24/09/1980,001055,013294,035068,035207,067280
1731,20/09/1980,050447,057903,072914,030916,052802
1730,17/09/1980,018210,059511,068917,015010,064609
1729,13/09/1980,065551,030531,009626,018685,011151
1728,10/09/1980,029237,033896,020879,077017,071981
1727,06/09/1980,057067,056579,007283,059156,052844
1726,03/09/1980,057991,003990,077887,056825,017729
1725,30/08/1980,061680,012481,001761,001321,049539
1724,27/08/1980,030210,005439,012515,004523,063798
1723,23/08/1980,030448,041384,075991,033230,064524
1722,20/08/1980,018559,013767,029326,071791,001991
1721,16/08/1980,055110,056051,000184,037750,026710
1720,13/08/1980,070294,034941,049973,014417,030627
1719,09/08/1980,014233,036045,054796,048537,030119
1718,06/08/1980,058909,069050,007708,014689,076285
1717,30/07/1980,064686,006978,069190,047274,016123
1716,26/07/1980,058079,035606,019331,071454,065472
1715,23/07/1980,011187,048109,030561,032072,042818
1714,19/07/1980,076986,056546,074578,000254,037044
1713,16/07/1980,038418,002944,003788,010129,047084
1712,12/07/1980,018291,056987,059767,074818,050438
1711,09/07/1980,044965,059447,074793,026312,010575
1710,05/07/1980,045131,032965,034683,017476,028842
1709,02/07/1980,072210,075570,022272,002433,010092
1708,28/06/1980,000745,039462,040336,039595,064324
1707,25/06/1980,002938,006472,076535,077869,001860
1706,21/06/1980,029418,021649,050001,077182,014640
1705,18/06/1980,067935,074643,047513,077950,019468
1704,14/06/1980,029465,024517,073381,073285,045410
1703,11/06/1980,058293,034406,002854,022302,016681
1702,07/06/1980,030837,011245,033118,063320,024399
1701,04/06/1980,028709,021451,059302,009068,032137
1700,31/05/1980,046538,007230,049714,040804,079824
1699,28/05/1980,018102,060539,051658,043883,031000
1698,24/05/1980,040274,032537,039157,003603,055471
1697,21/05/1980,025378,019586,076054,002525,067163
1696,14/05/1980,079052,023987,043341,074394,063860
1695,10/05/1980,018663,002200,043687,074427,025390
1694,07/05/1980,005478,075420,044859,078003,051008
1693,30/04/1980,023460,051001,000467,041544,066587
1692,26/04/1980,009161,023725,002632,017474,057036
1691,23/04/1980,048654,018525,031992,027048,011173
1690,19/04/1980,058596,051554,044054,027567,057618
1689,16/04/1980,040525,062791,060759,002010,009134
1688,12/04/1980,029160,026177,016209,020594,032515
1687,09/04/1980,061058,016265,033053,017064,034079
1686,02/04/1980,060449,040984,027802,033032,068621
1685,29/03/1980,026418,000770,062849,024421,023644
1684,26/03/1980,032748,007243,062047,022707,000088
1683,22/03/1980,054287,061381,017068,013331,064156
1682,19/03/1980,034032,046514,068676,050198,006012
1681,15/03/1980,047418,025918,022481,053189,054079
1680,12/03/1980,040898,051813,032726,040231,020362
1679,08/03/1980,044360,061703,032548,006329,054048
1678,05/03/1980,065517,035914,045909,052784,021031
1677,01/03/1980,034729,033225,019863,042539,006661
1676,27/02/1980,060120,050346,047178,029530,004059
1675,23/02/1980,044503,000886,068130,007445,024916
1674,16/02/1980,000308,059262,040698,059731,052357
1673,13/02/1980,047092,009656,010105,020054,012349
1672,09/02/1980,062666,064461,026993,021095,033369
1671,06/02/1980,069881,004154,024662,063762,037626
1670,02/02/1980,021572,018617,025831,069509,068945
1669,30/01/1980,039859,063091,049816,052493,031981
1668,27/01/1980,028062,065309,049517,049440,061557
1667,19/01/1980,029991,016461,057031,030251,036238
1666,16/01/1980,030840,040326,033902,023670,038271
1665,09/01/1980,021749,049661,024011,005723,009290
1664,05/01/1980,060080,063994,034616,045206,021762
1663,29/12/1979,048521,061189,045229,009211,031932
1662,22/12/1979,026949,003568,068508,032450,045410
1661,19/12/1979,067704,012775,067280,049869,025162
1660,15/12/1979,059679,060379,059567,050315,048443
1659,12/12/1979,036271,023855,022821,014712,045231
1658,08/12/1979,008964,062681,029726,002142,004800
1657,05/12/1979,049889,052192,018585,004918,001930
1656,01/12/1979,064663,049884,062366,028551,003620
1655,28/11/1979,042363,018673,065910,021856,035410
1654,24/11/1979,042258,003169,059911,020182,041129
1653,21/11/1979,041270,011594,008626,033485,003556
1652,17/11/1979,009118,001434,025271,057094,023050
1651,14/11/1979,036897,029475,045402,040674,027456
1650,07/11/1979,009207,027061,029669,046225,061564
1649,31/10/1979,003997,008773,015790,002451,037052
1648,27/10/1979,014834,068603,008833,003085,004779
1647,24/10/1979,002347,020592,014019,059929,021700
1646,20/10/1979,028071,046521,066834,020289,059882
1645,17/10/1979,046596,054688,007164,060572,063143
1644,13/10/1979,047040,007299,068360,060642,018752
1643,10/10/1979,057086,028278,015740,033090,044298
1642,03/10/1979,043476,031312,027760,035638,068270
1641,29/09/1979,019948,051652,016101,020996,021330
1640,26/09/1979,033973,028527,015437,031661,037417
1639,22/09/1979,040867,019703,003124,013169,024744
1638,19/09/1979,043538,026928,053481,001717,017456
1637,15/09/1979,001243,006698,010140,039755,017670
1636,12/09/1979,006733,051947,031177,031025,044277
1635,05/09/1979,001066,040671,006340,015271,033831
1634,01/09/1979,063722,055458,026607,037382,004048
1633,29/08/1979,048880,011856,018446,016698,069573
1632,25/08/1979,003063,065271,009497,057396,044308
1631,22/08/1979,011601,045717,034982,056934,035354
1630,18/08/1979,016935,061450,016766,028697,067919
1629,15/08/1979,016677,040081,036695,041352,051835
1628,11/08/1979,019346,005347,001442,032263,010178
1627,08/08/1979,036127,012886,043011,053262,027919
1626,01/08/1979,032577,030594,067116,065052,028998
1625,28/07/1979,024239,065782,021393,016030,006866
1624,25/07/1979,062931,009321,049943,004065,046878
1623,21/07/1979,001446,000554,059886,062206,007472
1622,18/07/1979,039751,009399,049098,012847,016140
1621,14/07/1979,044498,052922,057665,053704,049625
1620,11/07/1979,033118,026413,060129,007991,069154
1619,07/07/1979,005197,040518,034151,067530,052324
1618,04/07/1979,052261,046872,053125,021013,015529
1617,30/06/1979,027167,065761,023069,069450,014200
1616,27/06/1979,016552,026466,065818,038972,049546
1615,23/06/1979,032079,017316,025223,056477,017059
1614,20/06/1979,015495,054587,050175,068082,030981
1613,16/06/1979,054850,051572,011273,003696,037426
1612,13/06/1979,000724,035912,003460,028378,019131
1611,09/06/1979,024838,034578,046157,038828,001716
1610,06/06/1979,011308,004089,053902,009447,027627
1609,02/06/1979,041927,037419,028685,004980,035104
1608,30/05/1979,043234,061735,018727,033896,001684
1607,26/05/1979,067059,060515,047424,054791,002286
1606,23/05/1979,004099,023614,034329,033990,030980
1605,19/05/1979,007222,018558,065747,029190,048649
1604,16/05/1979,021874,049500,036407,025510,009424
1603,12/05/1979,025478,065337,005977,030403,026586
1602,09/05/1979,049785,011876,006962,055123,039446
1601,28/04/1979,018393,032751,053871,033236,068644
1600,25/04/1979,014351,036272,068653,005033,039760
1599,18/04/1979,032084,066474,055494,055654,009253
1598,11/04/1979,028646,059875,050268,049666,033542
1597,07/04/1979,025165,019152,018285,063209,007058
1596,04/04/1979,053906,014608,046751,002078,044996
1595,31/03/1979,026236,021547,027309,025410,063063
1594,28/03/1979,027708,066189,063401,042049,069774
1593,24/03/1979,065222,031516,056196,012015,002028
1592,21/03/1979,036604,043066,047958,061743,034512
1591,17/03/1979,011075,067278,063733,067559,068177
1590,14/03/1979,064934,037090,064634,013906,035505
1589,10/03/1979,046187,014159,059360,067893,024400
1588,07/03/1979,031209,057891,001744,029987,007573
1587,03/03/1979,068603,007360,065680,053852,059437
1586,24/02/1979,016778,027169,026834,028759,005139
1585,21/02/1979,054018,068728,051250,043899,061029
1584,17/02/1979,016911,016183,020377,062818,026750
1583,14/02/1979,045430,046728,006180,019329,033828
1582,10/02/1979,044545,027651,033160,038230,036192
1581,07/02/1979,055968,035390,020233,035607,023440
1580,31/01/1979,055310,023188,058728,018443,030547
1579,27/01/1979,037610,052698,068707,046871,003381
1578,24/01/1979,057188,026142,031353,054867,002440
1577,20/01/1979,019194,037033,013116,060154,068835
1576,17/01/1979,045213,053255,010042,060221,065109
1575,13/01/1979,034198,054542,064801,016727,062957
1574,10/01/1979,065566,011495,031776,013909,045975
1573,06/01/1979,044844,042405,017222,047868,016839
1572,03/01/1979,000857,016590,017601,030959,016886
1571,30/12/1978,039506,012428,016314,009652,019243
1570,23/12/1978,017602,030910,015515,026387,002030
1569,20/12/1978,057747,063180,017663,053802,056293
1568,16/12/1978,048350,001280,047629,026376,048407
1567,13/12/1978,029008,069715,017561,010176,005180
1566,09/12/1978,063963,037295,038863,004031,006063
1565,06/12/1978,061323,003348,034038,030793,011860
1564,02/12/1978,058573,057105,056079,037874,020000
1563,29/11/1978,062753,039470,053241,059903,053872
1562,25/11/1978,030249,031487,009977,002609,030218
1561,22/11/1978,049066,041947,004055,020468,069812
1560,11/11/1978,057291,008193,031826,023176,030847
1559,08/11/1978,064100,034279,058877,055235,050479
1558,04/11/1978,011609,000553,039626,009393,024362
1557,01/11/1978,020751,024971,003663,033345,003768
1556,28/10/1978,031980,054183,030163,049478,014475
1555,25/10/1978,048093,047538,036763,018180,050195
1554,21/10/1978,050408,008896,007935,009323,009857
1553,18/10/1978,068465,006514,000184,050841,048287
1552,14/10/1978,054208,051867,053543,012934,063283
1551,11/10/1978,003411,022597,016790,017635,022253
1550,04/10/1978,046779,059445,038334,028057,016878
1549,30/09/1978,025824,034453,030899,005164,063512
1548,27/09/1978,031343,010024,000753,058385,032559
1547,23/09/1978,049261,000370,035085,048191,025817
1546,20/09/1978,055519,017683,011814,046905,000916
1545,16/09/1978,031510,067250,029616,061935,027651
1544,13/09/1978,059115,058633,018351,053232,053641
1543,09/09/1978,066537,053290,013225,035744,020847
1542,06/09/1978,003385,027906,023789,030337,026105
1541,02/09/1978,002569,006687,024767,017231,025501
1540,30/08/1978,049512,059380,013667,032777,017868
1539,26/08/1978,002631,003880,008741,035615,003572
1538,23/08/1978,039125,028718,029159,024650,035689
1537,19/08/1978,038968,058759,011926,024140,054955
1536,16/08/1978,019784,049588,022033,049251,007483
1535,12/08/1978,043768,033792,019697,016922,054285
1534,09/08/1978,054039,000199,036900,036643,005138
1533,02/08/1978,016866,034904,057676,005906,023309
1532,29/07/1978,044946,041475,059674,053608,024855
1531,26/07/1978,009740,027882,038633,044130,029011
1530,22/07/1978,028685,047426,020875,053921,048849
1529,19/07/1978,015072,038879,006382,005067,050202
1528,15/07/1978,036126,033297,019391,015016,052197
1527,12/07/1978,021507,054320,046586,013869,008652
1526,08/07/1978,024793,022608,024415,021485,052787
1525,05/07/1978,031998,016285,052387,001851,001311
1524,01/07/1978,008339,040546,041382,002354,054596
1523,28/06/1978,031194,059563,009172,006565,032171
1522,24/06/1978,016907,030005,038839,014832,027802
1521,21/06/1978,033459,055167,047761,033883,017093
1520,17/06/1978,044427,034657,045990,042869,029077
1519,14/06/1978,042661,027190,035114,017147,059764
1518,10/06/1978,018853,022578,043572,034188,012440
1517,07/06/1978,021814,034838,034465,059368,008163
1516,03/06/1978,051488,012183,010323,038587,011684
1515,31/05/1978,058635,033438,033571,040278,002840
1514,27/05/1978,028768,006992,013367,022283,052908
1513,24/05/1978,053494,035569,015388,055057,025569
1512,20/05/1978,040751,039535,052074,015749,005940
1511,17/05/1978,045976,049304,010664,057145,038295
1510,13/05/1978,013417,038076,000621,059730,034686
1509,10/05/1978,015363,055484,037207,015078,054296
1508,03/05/1978,016340,039568,057375,009589,055633
1507,29/04/1978,024498,016427,054715,007442,054230
1506,26/04/1978,032917,040296,051322,007315,009046
1505,19/04/1978,003615,034403,007718,036073,047411
1504,15/04/1978,003750,014857,051063,030653,031184
1503,12/04/1978,025775,049192,004754,030900,014459
1502,08/04/1978,044836,006517,054296,058337,018382
1501,05/04/1978,022983,056284,047388,020221,014530
1500,01/04/1978,048386,035757,004390,059469,013113
1499,29/03/1978,043395,043870,029211,020706,054651
1498,22/03/1978,025465,016706,017273,055984,005228
1497,18/03/1978,051256,052129,028810,004590,027192
1496,15/03/1978,012348,002317,050697,046464,054015
1495,11/03/1978,009188,004475,030268,037200,044796
1494,08/03/1978,016227,042857,001543,031918,039938
1493,04/03/1978,023630,040505,050866,030624,008734
1492,01/03/1978,058434,024191,003330,046236,050332
1491,25/02/1978,037377,002193,025643,047959,042896
1490,22/02/1978,045672,037811,034972,022190,057711
1489,18/02/1978,040892,048445,008935,018415,053644
1488,15/02/1978,050214,004063,026533,015697,013623
1487,11/02/1978,012857,047234,041932,023199,026427
1486,04/02/1978,006224,042096,050439,011941,017710
1485,01/02/1978,010815,023881,025860,053866,002830
1484,25/01/1978,019856,004826,025448,023234,007490
1483,21/01/1978,019860,005778,028240,036383,030883
1482,18/01/1978,043443,028997,026933,027927,017414
1481,14/01/1978,039175,016522,028142,002024,021990
1480,11/01/1978,033537,009552,013430,019700,006976
1479,07/01/1978,027095,023150,025839,019825,006229
1478,04/01/1978,021894,028723,050310,017250,056241
1477,31/12/1977,019858,011982,042317,052167,010200
1476,24/12/1977,058759,008592,012060,005630,010896
1475,21/12/1977,053336,051697,003992,000803,029211
1474,17/12/1977,047076,027987,023350,041689,005221
1473,14/12/1977,051488,040932,016734,017897,000725
1472,10/12/1977,001001,032619,023980,057639,034463
1471,07/12/1977,010338,004158,021899,041231,002017
1470,03/12/1977,054709,059037,019035,009630,034118
1469,30/11/1977,000242,000742,025905,027564,003630
1468,26/11/1977,058675,019940,026888,022096,008942
1467,23/11/1977,026630,007144,031375,024077,035760
1466,19/11/1977,026862,004345,016234,009692,058795
1465,16/11/1977,030361,027997,030346,013450,009009
1464,12/11/1977,043804,054980,056663,052490,033154
1463,09/11/1977,032038,034261,058161,003571,029687
1462,29/10/1977,006805,025474,021852,054126,024241
1461,26/10/1977,006516,036461,014884,007668,049386
1460,22/10/1977,022586,001191,020146,008024,016515
1459,19/10/1977,045604,048566,025032,041824,043713
1458,15/10/1977,041364,006867,057084,007868,047301
1457,12/10/1977,057989,056807,028756,027246,021949
1456,05/10/1977,005483,028532,057680,050066,026977
1455,01/10/1977,042526,002506,015674,053190,042071
1454,28/09/1977,031878,025046,007624,056275,025714
1453,24/09/1977,043103,048900,048476,040654,004944
1452,21/09/1977,038101,010304,026374,010193,045892
1451,17/09/1977,002894,023201,056656,017434,019571
1450,14/09/1977,055805,042907,017975,045677,053361
1449,10/09/1977,008571,006362,005120,003566,048914
1448,03/09/1977,012569,016521,057663,036964,015684
1447,31/08/1977,040517,008727,035898,057724,030992
1446,27/08/1977,010874,016384,018646,022532,045819
1445,24/08/1977,030794,046209,046684,038341,012681
1444,20/08/1977,038608,018995,020628,050248,059794
1443,17/08/1977,052683,032602,002320,016762,019743
1442,13/08/1977,018622,002682,021221,016775,043371
1441,10/08/1977,001806,007471,017995,046595,016981
1440,03/08/1977,046706,029521,033641,036814,007566
1439,30/07/1977,058040,039019,013202,023856,038079
1438,27/07/1977,059567,049538,000934,048791,046684
1437,23/07/1977,054994,008431,054566,053767,052366
1436,20/07/1977,023595,048116,044797,029817,009232
1435,16/07/1977,051391,036229,059882,036151,012563
1434,13/07/1977,056601,028284,036062,007494,042023
1433,09/07/1977,034519,013418,015384,043160,017467
1432,06/07/1977,012081,025586,037614,029290,025867
1431,02/07/1977,030747,027593,015794,042917,042096
1430,29/06/1977,036791,002388,041541,034021,055548
1429,25/06/1977,029857,049752,016260,026849,027474
1428,22/06/1977,019865,051936,000822,024801,008760
1427,18/06/1977,026541,047609,013260,022508,033657
1426,15/06/1977,028780,011574,006660,049334,054524
1425,11/06/1977,045415,050510,037217,036538,033874
1424,08/06/1977,020152,015481,006091,052758,008258
1423,04/06/1977,006055,023465,041073,007985,033151
1422,01/06/1977,011835,004973,027228,018500,022830
1421,28/05/1977,028675,012035,037476,046173,059173
1420,25/05/1977,032506,024794,002958,046060,029138
1419,21/05/1977,052161,026316,044642,028741,019327
1418,18/05/1977,049116,049810,019776,020516,038791
1417,14/05/1977,057848,038016,039788,027137,019139
1416,11/05/1977,016573,041932,058583,042487,000304
1415,07/05/1977,018396,016592,025848,033741,011231
1414,04/05/1977,019942,046065,059469,041993,015492
1413,27/04/1977,035308,011564,005876,018162,036233
1412,23/04/1977,043976,037822,029754,016601,046741
1411,20/04/1977,026060,023501,039348,055620,020556
1410,16/04/1977,026162,009131,036404,053629,013280
1409,13/04/1977,039156,043554,046024,018609,023966
1408,06/04/1977,050836,017511,016240,030146,019533
1407,02/04/1977,036721,047726,045011,043150,040939
1406,30/03/1977,010071,038065,008809,049860,041731
1405,26/03/1977,016348,019754,019571,016162,036245
1404,23/03/1977,046331,032716,047092,004878,005750
1403,19/03/1977,057112,046337,035516,019533,009250
1402,16/03/1977,026205,046221,049900,023824,045613
1401,12/03/1977,056769,027772,043924,017903,037238
1400,09/03/1977,042351,016778,010665,054328,046554
1399,05/03/1977,029031,022717,016769,049978,045659
1398,02/03/1977,007167,050782,019279,042205,019727
1397,26/02/1977,003676,066911,066634,027160,052041
1396,19/02/1977,001876,068365,068083,058216,049665
1395,16/02/1977,009625,028830,042455,016543,022615
1394,12/02/1977,048217,015250,006736,059163,068286
1393,09/02/1977,013851,001651,065554,063810,047382
1392,05/02/1977,043172,052230,012987,062114,029735
1391,02/02/1977,050765,064930,005952,068339,055722
1390,29/01/1977,048711,039577,032656,027636,040036
1389,26/01/1977,034821,014037,038278,008755,009130
1388,19/01/1977,026461,063143,042087,002317,025869
1387,15/01/1977,019545,019900,024866,037456,050536
1386,12/01/1977,016916,053935,056675,000126,023574
1385,08/01/1977,056586,029971,010965,003360,007292
1384,05/01/1977,004077,024920,048320,049875,031920
1383,29/12/1976,056255,065871,066028,042868,025660
1382,22/12/1976,022255,020428,031803,006919,001335
1381,18/12/1976,052591,044685,032456,067086,007460
1380,15/12/1976,007745,006766,020369,034452,066056
1379,11/12/1976,010848,054932,001422,060058,058052
1378,08/12/1976,014539,004152,032827,059225,054130
1377,04/12/1976,040927,005859,014944,042902,068862
1376,01/12/1976,016755,015157,014935,007679,004212
1375,27/11/1976,017010,039339,032182,018670,033723
1374,24/11/1976,059114,007899,040310,063672,042863
1373,20/11/1976,043111,007097,005357,034371,005525
1372,17/11/1976,001448,063146,007518,052250,035964
1371,13/11/1976,003249,032970,061154,032024,046272
1370,10/11/1976,054201,002665,064599,025004,040140
1369,03/11/1976,055828,036558,014916,018990,007366
1368,30/10/1976,069570,013693,061322,025190,060168
1367,27/10/1976,060059,065052,041455,055707,005740
1366,23/10/1976,052352,003778,033752,021142,067097
1365,20/10/1976,064099,026440,064103,035683,052563
1364,16/10/1976,045147,032597,004727,024249,033900
1363,13/10/1976,004176,069523,035048,006181,008553
1362,06/10/1976,053010,016864,055188,033468,063072
1361,02/10/1976,042632,004060,017154,048994,000191
1360,29/09/1976,066101,034927,062589,049270,015737
1359,25/09/1976,020059,025494,035652,005933,004263
1358,22/09/1976,061933,066359,005726,038575,010452
1357,18/09/1976,032472,009862,000855,058613,017230
1356,15/09/1976,037276,050901,026553,067781,062847
1355,11/09/1976,008158,021230,024723,052199,014570
1354,08/09/1976,060352,009978,035204,014980,020245
1353,04/09/1976,035853,010717,017299,000738,058398
1352,01/09/1976,004522,031440,025450,025079,049962
1351,28/08/1976,026497,065127,027825,016980,052345
1350,25/08/1976,054350,055543,025283,013212,015779
1349,21/08/1976,058814,040521,005455,050413,048724
1348,18/08/1976,002784,054460,025389,000930,006364
1347,14/08/1976,021626,032106,021710,069150,053512
1346,11/08/1976,040844,036505,008553,039269,013108
1345,07/08/1976,004565,040776,061992,063123,060174
1344,04/08/1976,039415,019807,036782,006048,000420
1343,28/07/1976,046260,056877,046250,026374,027947
1342,24/07/1976,040454,022738,054155,051759,010771
1341,21/07/1976,066758,051500,016674,016574,047494
1340,17/07/1976,056628,041324,005195,061078,069871
1339,14/07/1976,051258,017594,066351,040929,052796
1338,10/07/1976,064524,052863,014423,019578,056315
1337,07/07/1976,063623,045857,041784,060025,068487
1336,03/07/1976,066956,042265,062533,057743,006874
1335,30/06/1976,056452,060940,062766,059414,046545
1334,26/06/1976,056904,018721,060326,054970,004749
1333,23/06/1976,057094,059475,061775,012920,041637
1332,19/06/1976,021924,031364,051906,019798,049753
1331,16/06/1976,026173,057352,027163,069347,010154
1330,12/06/1976,060395,047314,001050,055720,001156
1329,09/06/1976,026051,039030,012467,043087,016761
1328,05/06/1976,023769,047467,008315,069675,058504
1327,02/06/1976,045673,051808,029648,006918,034353
1326,29/05/1976,012049,012987,027425,055741,001599
1325,26/05/1976,041068,004734,044915,022229,002582
1324,22/05/1976,059320,005098,039737,040237,056389
1323,19/05/1976,015057,029205,049780,050832,065505
1322,15/05/1976,038034,021807,041368,030269,066590
1321,12/05/1976,051735,011720,022537,036436,068016
1320,08/05/1976,050354,026295,044149,032217,006195
1319,05/05/1976,037878,000584,056031,026338,011099
1318,28/04/1976,000222,054657,052739,010756,050961
1317,24/04/1976,028406,060151,007514,069825,034274
1316,14/04/1976,043013,046011,053831,046648,017112
1315,10/04/1976,027561,023987,038836,052859,037428
1314,07/04/1976,001156,033276,038565,041990,053036
1313,03/04/1976,049625,023765,007512,037171,029938
1312,31/03/1976,047089,017813,048053,026841,020525
1311,27/03/1976,015105,046068,009302,035453,043576
1310,24/03/1976,015276,057815,056758,024165,049552
1309,20/03/1976,020163,026483,003597,025110,027673
1308,17/03/1976,049243,007138,046286,055401,008247
1307,13/03/1976,009087,000093,042533,016155,035808
1306,10/03/1976,013538,050727,027365,037565,007539
1305,06/03/1976,048028,018065,042152,017278,030350
1304,28/02/1976,041882,024714,036136,017895,019942
1303,25/02/1976,030783,059128,056753,029297,016790
1302,21/02/1976,045158,014550,045915,019318,027846
1301,18/02/1976,020065,019932,003986,006475,010880
1300,14/02/1976,035577,001118,038791,032916,043359
1299,11/02/1976,017362,050168,041971,024748,042527
1298,07/02/1976,020258,053493,009173,043184,056313
1297,04/02/1976,036216,029675,030438,024683,000388
1296,31/01/1976,042784,057756,003156,044462,054986
1295,28/01/1976,051785,059354,020843,050777,019932
1294,21/01/1976,020974,017778,023433,024794,018976
1293,17/01/1976,054250,029656,006862,029353,024077
1292,14/01/1976,024401,039406,014789,042958,049077
1291,10/01/1976,002313,034090,032192,040823,039923
1290,07/01/1976,000751,032437,032197,050753,059958
1289,31/12/1975,032330,049730,005804,032793,059333
1288,24/12/1975,056589,003547,055846,018675,053160
1287,20/12/1975,021423,009243,052489,036338,037782
1286,17/12/1975,040424,036519,024053,059471,033193
1285,13/12/1975,056391,028693,059691,048453,004082
1284,10/12/1975,050445,046035,054891,013358,012875
1283,06/12/1975,000019,056636,019783,051126,026129
1282,03/12/1975,005874,035972,029302,016768,031569
1281,29/11/1975,017115,044631,057800,040871,036389
1280,26/11/1975,009793,036616,036315,048748,014829
1279,22/11/1975,004865,025137,046868,014320,048291
1278,19/11/1975,009707,024919,017376,008998,019104
1277,12/11/1975,044529,047684,052263,001605,019332
1276,05/11/1975,008517,056473,059788,005255,009833
1275,01/11/1975,010220,059186,038907,058163,010934
1274,29/10/1975,025243,021456,028213,031471,057413
1273,25/10/1975,032766,025621,002591,005055,025379
1272,22/10/1975,021781,016567,049429,014594,054287
1271,18/10/1975,024165,041744,009201,028759,051146
1270,15/10/1975,050223,024551,001211,037763,009216
1269,11/10/1975,037973,036469,025237,022419,051392
1268,08/10/1975,054047,032776,003490,025960,005981
1267,04/10/1975,006950,017207,029768,019500,038417
1266,01/10/1975,023133,037206,020487,034974,005932
1265,27/09/1975,031812,036281,031591,036473,000900
1264,24/09/1975,023787,044418,058030,051035,049160
1263,20/09/1975,058518,046002,052421,059026,034476
1262,17/09/1975,021213,000396,025655,031477,045333
1261,13/09/1975,007872,041303,011346,006988,020594
1260,10/09/1975,044397,036477,035800,030065,038945
1259,06/09/1975,031969,006710,058345,007465,046781
1258,03/09/1975,030419,003029,039492,004921,039673
1257,30/08/1975,036134,041662,059273,052433,040996
1256,27/08/1975,034947,049772,027565,041733,010997
1255,23/08/1975,032938,012668,055946,057034,058712
1254,20/08/1975,050124,016945,057513,044618,029483
1253,16/08/1975,029580,034348,040817,027295,038938
1252,13/08/1975,056997,027368,021492,030147,051438
1251,09/08/1975,038894,001014,036674,017962,058238
1250,06/08/1975,057902,034692,046970,030911,007179
1249,30/07/1975,035558,035946,050566,046160,033067
1248,26/07/1975,038375,010763,056272,055648,023825
1247,23/07/1975,033978,032158,042805,002115,030053
1246,19/07/1975,014664,017764,009502,007000,028244
1245,16/07/1975,025119,059066,058432,017904,006086
1244,12/07/1975,036137,051106,032585,044017,038924
1243,09/07/1975,050119,010929,003808,034658,050055
1242,05/07/1975,019447,013170,043023,012640,028588
1241,02/07/1975,029243,026845,018463,017866,023115
1240,28/06/1975,009188,044053,049844,027186,043383
1239,25/06/1975,032894,020653,042142,020289,005600
1238,21/06/1975,051934,032930,049045,031474,056234
1237,18/06/1975,031301,010448,011955,000613,013935
1236,14/06/1975,050185,036378,048006,059529,005639
1235,11/06/1975,049850,022918,025813,030039,023255
1234,07/06/1975,018896,011194,046655,031793,022416
1233,04/06/1975,015789,023446,054026,051946,035422
1232,31/05/1975,035235,022830,043930,052845,019238
1231,28/05/1975,016742,033073,058506,009416,054095
1230,24/05/1975,019043,058355,050178,057617,046437
1229,21/05/1975,050980,002965,052764,010473,000568
1228,17/05/1975,050632,048427,022958,002595,035127
1227,14/05/1975,036378,031095,050897,008152,039128
1226,10/05/1975,040325,035114,023206,027094,048044
1225,07/05/1975,039226,033410,011983,021074,044426
1224,30/04/1975,036622,027100,025554,025253,038816
1223,26/04/1975,028499,035645,036380,012005,036502
1222,23/04/1975,005918,028938,006625,036812,018239
1221,19/04/1975,009817,030606,053842,042831,037947
1220,16/04/1975,018473,005809,041999,038067,046560
1219,12/04/1975,032736,007339,042190,030477,002661
1218,09/04/1975,043507,051581,030469,029949,044481
1217,05/04/1975,009460,014359,011273,020416,037678
1216,02/04/1975,036370,052069,008059,008570,009808
1215,26/03/1975,009850,043191,002455,025210,000500
1214,22/03/1975,018149,033280,042517,005802,012761
1213,19/03/1975,017190,036073,035080,052436,011419
1212,15/03/1975,035860,021824,045418,015697,015308
1211,12/03/1975,039156,025440,005049,004145,030244
1210,08/03/1975,035769,033659,047970,022753,031896
1209,05/03/1975,021754,006462,007030,025296,032832
1208,01/03/1975,000841,043486,045160,019544,042626
1207,26/02/1975,052752,013122,008165,013865,004013
1206,22/02/1975,022629,003340,031702,002963,001154
1205,19/02/1975,015951,047094,012840,033830,011042
1204,15/02/1975,017651,010190,033971,029515,028296
1203,08/02/1975,005882,016615,032560,037688,004608
1202,05/02/1975,018115,030405,050880,036887,019529
1201,01/02/1975,033009,020375,013466,011515,018941
1200,29/01/1975,038909,018128,030514,035381,032374
1199,25/01/1975,010997,031409,043300,007463,020129
1198,22/01/1975,012427,024676,000213,001078,024752
1197,18/01/1975,039429,025070,035347,005554,003620
1196,15/01/1975,029264,042687,030879,019575,023637
1195,11/01/1975,025810,004259,032620,052529,030880
1194,08/01/1975,002029,013165,008702,043884,017939
1193,04/01/1975,018397,004546,035465,047071,048511
1192,28/12/1974,041356,010799,015063,048406,046047
1191,21/12/1974,006009,030784,036309,039446,012585
1190,18/12/1974,033014,035950,034553,026187,037674
1189,14/12/1974,039829,034220,003159,016709,021593
1188,11/12/1974,014833,044827,049058,026520,027292
1187,07/12/1974,035656,005970,006227,010420,020654
1186,04/12/1974,016999,020589,003409,014089,029106
1185,30/11/1974,017525,038575,020450,035913,048920
1184,27/11/1974,016426,021528,028521,044515,014045
1183,23/11/1974,026619,043275,028707,041465,002297
1182,20/11/1974,038427,041650,015832,040813,033043
1181,16/11/1974,035106,027953,004708,013521,048098
1180,13/11/1974,012955,001910,005765,032459,023255
1179,09/11/1974,021828,044495,046458,006472,011135
1178,06/11/1974,043497,027414,009805,016340,052657
1177,30/10/1974,051476,031419,023110,031439,013671
1176,26/10/1974,053687,002489,012559,049057,037769
1175,23/10/1974,014925,005859,029051,031031,024105
1174,19/10/1974,028818,018050,040190,029416,009225
1173,16/10/1974,013104,015376,015868,051628,041565
1172,12/10/1974,025602,012412,007714,016531,047570
1171,09/10/1974,041798,025681,017198,028019,025591
1170,05/10/1974,053759,026280,013532,028834,015019
1169,02/10/1974,030462,009702,018787,019174,004745
1168,28/09/1974,013392,042289,036890,045604,001664
1167,25/09/1974,037374,047972,038544,017141,039294
1166,21/09/1974,048540,025734,004669,000078,036301
1165,18/09/1974,031954,014230,033168,019738,043140
1164,14/09/1974,049465,000078,028331,018144,044635
1163,11/09/1974,019645,000702,046936,031335,000043
1162,04/09/1974,004655,012982,003984,049562,021225
1161,31/08/1974,012731,013907,034194,051953,038228
1160,28/08/1974,042515,009981,007813,024303,010351
1159,24/08/1974,042655,010177,001584,018903,023123
1158,21/08/1974,025595,010999,033157,000995,039372
1157,17/08/1974,019202,037194,040249,015565,003398
1156,14/08/1974,012325,044555,051770,001563,012877
1155,10/08/1974,038225,044496,008000,028560,030116
1154,07/08/1974,051884,008902,028694,033856,049530
1153,31/07/1974,010805,022001,016325,046619,019704
1152,27/07/1974,023080,008156,024060,001179,016030
1151,24/07/1974,029675,043349,030280,024627,029980
1150,20/07/1974,037558,021972,010218,008296,050134
1149,17/07/1974,013288,026838,001432,007812,036345
1148,13/07/1974,021016,013101,023566,021951,013988
1147,10/07/1974,006207,032808,002665,049888,014968
1146,06/07/1974,027701,012575,049292,011540,023619
1145,03/07/1974,008672,018298,025579,015934,043104
1144,29/06/1974,024845,001508,012035,014209,012133
1143,26/06/1974,002645,015684,032071,022587,042727
1142,22/06/1974,004386,050492,040120,040180,034157
1141,19/06/1974,051964,051528,034608,018558,019837
1140,15/06/1974,029676,044600,000305,039877,032538
1139,12/06/1974,024510,028098,045669,049936,002423
1138,08/06/1974,044639,028258,002244,033407,032931
1137,05/06/1974,022786,016029,001521,022476,030039
1136,01/06/1974,011640,031271,009598,051930,032866
1135,29/05/1974,000575,050301,033730,001949,018655
1134,25/05/1974,039133,016115,038180,029516,036752
1133,22/05/1974,042247,035772,025942,001758,025005
1132,18/05/1974,031156,029094,030224,021523,029218
1131,15/05/1974,009514,034197,018726,008722,016761
1130,11/05/1974,005639,013725,046490,011995,036089
1129,08/05/1974,035312,028105,008726,002514,000091
1128,04/05/1974,008173,005268,004838,026615,012714
1127,27/04/1974,043269,028300,030127,036933,038217
1126,24/04/1974,011506,022424,021457,003716,016405
1125,20/04/1974,006057,019262,048958,049214,000356
1124,17/04/1974,051499,000719,020249,006167,039036
1123,13/04/1974,021409,010865,030500,021788,045742
1122,10/04/1974,002004,048068,026792,039266,013570
1121,06/04/1974,051985,011270,038101,050514,010925
1120,03/04/1974,028736,035574,018464,038862,030166
1119,30/03/1974,005759,003034,048506,028413,037461
1118,27/03/1974,035735,018802,027554,016982,023737
1117,23/03/1974,008815,040708,036574,005003,045539
1116,20/03/1974,015686,030275,004951,047090,010968
1115,16/03/1974,037410,013488,012458,035302,029752
1114,13/03/1974,006054,011729,045514,014754,025156
1113,09/03/1974,014094,011566,041729,003064,026367
1112,06/03/1974,046247,004138,045659,046690,049571
1111,02/03/1974,046650,036940,043994,024409,044125
1110,23/02/1974,039296,019270,005858,017896,000278
1109,20/02/1974,033072,038736,043497,033807,017054
1108,16/02/1974,035629,043778,034051,002054,049169
1107,13/02/1974,009298,046116,030316,047637,003473
1106,09/02/1974,019191,002594,028506,004950,046621
1105,06/02/1974,000554,034130,028655,009866,040911
1104,02/02/1974,043603,032661,008893,000833,012186
1103,30/01/1974,006698,034559,022580,029703,013978
1102,26/01/1974,006464,009305,010511,007114,046644
1101,23/01/1974,035470,030525,014998,037989,015208
1100,19/01/1974,000221,012137,031241,007031,037994
1099,16/01/1974,041298,021672,038595,031599,010162
1098,12/01/1974,044290,032041,006486,005226,027676
1097,09/01/1974,001987,010347,000752,005618,007885
1096,05/01/1974,048733,042639,015757,035655,032537
1095,29/12/1973,033976,048500,001937,013290,033005
1094,22/12/1973,019085,037571,001863,028218,003875
1093,19/12/1973,016976,026976,049318,027629,043007
1092,15/12/1973,009464,038375,022221,000572,029748
1091,12/12/1973,008521,048884,024021,011803,036117
1090,08/12/1973,046065,002149,003117,003021,030313
1089,05/12/1973,042964,024478,022211,018274,002218
1088,01/12/1973,029067,018214,005665,030100,010576
1087,28/11/1973,041348,026421,003509,024103,043480
1086,24/11/1973,035885,018619,028059,012887,026268
1085,21/11/1973,005966,013541,008269,016907,041600
1084,17/11/1973,022262,031229,026580,048541,041026
1083,14/11/1973,005651,022982,032516,047967,032995
1082,10/11/1973,007817,046090,030893,014292,024095
1081,07/11/1973,021522,045547,012041,030737,032364
1080,03/11/1973,005282,048952,005546,022782,012011
1079,31/10/1973,036801,036530,018040,042096,026097
1078,27/10/1973,035709,022386,019713,048609,033269
1077,24/10/1973,032961,030788,031946,045549,028647
1076,20/10/1973,043573,047250,006694,010621,020352
1075,17/10/1973,007313,030086,020472,028424,021929
1074,13/10/1973,024168,005702,024884,048947,034898
1073,10/10/1973,008756,013785,004927,015471,012008
1072,06/10/1973,044920,005498,028742,033555,001356
1071,03/10/1973,038508,007077,012791,048381,017049
1070,29/09/1973,036067,040041,014748,006880,043021
1069,26/09/1973,007664,009761,026466,002640,018416
1068,22/09/1973,049900,035048,028598,040452,021776
1067,19/09/1973,013963,020432,010905,002315,035714
1066,15/09/1973,005118,022335,022946,006030,014926
1065,12/09/1973,012211,002308,032686,038205,005809
1064,08/09/1973,009645,020811,038035,026064,030978
1063,05/09/1973,040579,012034,004839,000661,006627
1062,01/09/1973,019680,033545,048760,027724,019832
1061,29/08/1973,021162,037086,027227,045596,049296
1060,25/08/1973,016211,045548,028053,030253,029772
1059,22/08/1973,034287,023253,003019,043289,017706
1058,18/08/1973,029216,024827,029319,027037,016208
1057,15/08/1973,029805,027727,043796,022528,043937
1056,11/08/1973,005922,031487,017934,011000,007583
1055,08/08/1973,032880,049137,027722,049605,035879
1054,01/08/1973,041162,002096,008632,007656,010418
1053,28/07/1973,003840,001916,028779,036354,046911
1052,25/07/1973,032440,006858,028714,030374,029745
1051,21/07/1973,012589,001033,005800,019278,007990
1050,18/07/1973,025428,000238,046961,016727,015935
1049,14/07/1973,021111,041912,004315,020443,049723
1048,11/07/1973,030264,021465,047421,008045,003079
1047,07/07/1973,017708,002046,009840,004582,001836
1046,04/07/1973,034256,017084,030898,025550,038434
1045,30/06/1973,026828,022578,018760,016709,016471
1044,27/06/1973,038700,044231,010049,008973,008488
1043,23/06/1973,020759,035151,018527,048052,014015
1042,20/06/1973,016732,033248,000718,018762,012029
1041,16/06/1973,006873,001117,019837,029777,005529
1040,13/06/1973,004187,046038,012527,028820,037188
1039,09/06/1973,011055,045267,003630,002431,011372
1038,06/06/1973,037258,005237,046486,028590,014572
1037,02/06/1973,002948,049489,028681,011429,006183
1036,30/05/1973,047506,014034,042777,029633,019746
1035,26/05/1973,002459,024602,008063,038565,002849
1034,23/05/1973,021897,020054,048492,046860,032586
1033,19/05/1973,008670,031420,022433,007549,031160
1032,16/05/1973,047533,000353,048101,010734,034045
1031,12/05/1973,044061,032596,018061,048684,001526
1030,09/05/1973,001865,033217,004519,014474,006266
1029,05/05/1973,046651,046321,034152,008286,028746
1028,02/05/1973,039924,032148,003085,039784,045190
1027,28/04/1973,026427,043457,037675,041845,014398
1026,25/04/1973,026597,003086,032276,030128,021236
1025,18/04/1973,040940,041322,025825,020902,007616
1024,14/04/1973,025951,028151,022596,046812,048812
1023,11/04/1973,008680,033537,028456,033045,023526
1022,07/04/1973,034654,036651,019059,026905,032925
1021,04/04/1973,031882,041350,048859,033612,013628
1020,31/03/1973,032389,028084,033504,041513,013941
1019,24/03/1973,014342,006726,016606,016080,012323
1018,21/03/1973,027049,018642,041359,002320,022661
1017,17/03/1973,000912,017965,001995,013592,037546
1016,14/03/1973,004363,006907,046475,019167,026517
1015,10/03/1973,010236,014386,013074,028549,020920
1014,03/03/1973,017356,015514,002140,030865,045706
1013,24/02/1973,038142,032345,043242,019122,035853
1012,21/02/1973,042001,046604,002843,036541,015416
1011,17/02/1973,024653,042566,042585,048036,011716
1010,10/02/1973,044288,044588,018227,031551,010171
1009,07/02/1973,044264,046721,014607,048948,016297
1008,03/02/1973,029946,031480,014566,031083,030222
1007,31/01/1973,005647,032309,010097,006223,042286
1006,27/01/1973,005487,036068,008955,040873,000863
1005,20/01/1973,016287,036175,011340,029616,011911
1004,17/01/1973,033426,042309,044999,031461,023956
1003,13/01/1973,014000,012582,029249,046464,014210
1002,10/01/1973,046258,017384,015385,027753,043373
1001,06/01/1973,020615,027368,004256,027701,009324
1000,30/12/1972,003608,044294,033865,011092,026758
999,23/12/1972,013459,037648,014457,033209,031647
998,16/12/1972,049466,039451,031679,035408,019479
997,13/12/1972,046771,014253,012526,039207,037989
996,09/12/1972,000417,038654,045586,025539,031791
995,06/12/1972,016209,022471,005735,018034,048536
994,02/12/1972,041155,037593,028116,029130,041591
993,29/11/1972,041297,013480,008456,035937,039482
992,25/11/1972,046668,026517,031113,022655,036423
991,22/11/1972,047367,022673,016392,007416,029722
990,18/11/1972,002356,007195,038471,027135,021785
989,11/11/1972,020582,037541,002951,010152,028056
988,08/11/1972,016545,013186,032405,025337,007934
987,01/11/1972,048151,039431,009272,049197,029113
986,28/10/1972,029254,020333,009285,017252,022425
985,25/10/1972,004730,023653,010332,029255,004899
984,18/10/1972,041613,028973,037918,019442,003225
983,14/10/1972,023546,015576,035341,036510,049929
982,11/10/1972,028198,001954,009627,039836,014906
981,07/10/1972,032436,028319,018687,038972,021973
980,04/10/1972,027485,038222,047477,009811,002607
979,30/09/1972,013957,043286,026078,019049,043933
978,27/09/1972,003284,031926,013585,021818,020403
977,23/09/1972,015438,027852,045549,045821,037569
976,16/09/1972,048499,021012,002675,033735,024869
975,13/09/1972,018139,019388,046008,033504,039551
974,09/09/1972,005483,036325,036713,049634,022578
973,02/09/1972,034257,000497,022700,035481,011353
972,30/08/1972,049094,013188,011562,015834,032133
971,23/08/1972,030179,030379,030143,044009,035834
970,19/08/1972,021055,003454,044406,031498,048087
969,12/08/1972,039923,048498,031626,030503,015933
968,09/08/1972,014393,010912,020883,011470,013508
967,02/08/1972,038737,022082,004398,002153,029185
966,29/07/1972,034168,047519,008245,026635,005992
965,26/07/1972,024469,008971,024902,006190,036017
964,22/07/1972,028917,016548,037854,027784,038849
963,15/07/1972,046054,031553,017037,042728,038092
962,12/07/1972,040439,038569,021925,008980,010381
961,08/07/1972,045166,027447,023887,000447,027061
960,01/07/1972,035038,027525,007582,047815,023355
959,28/06/1972,023585,014641,017239,028830,013633
958,24/06/1972,018491,031186,029031,026592,048547
957,17/06/1972,033786,030069,026864,016937,035741
956,14/06/1972,033749,048569,012920,021256,036331
955,10/06/1972,043878,007225,044658,013941,033485
954,07/06/1972,039689,047918,029031,017580,009971
953,03/06/1972,017662,009578,035486,044624,018189
952,27/05/1972,022905,018832,030213,031709,029022
951,24/05/1972,045512,003087,030656,010552,031124
950,20/05/1972,020460,018802,002848,035199,018547
949,17/05/1972,033719,006955,032722,009955,032806
948,13/05/1972,038394,012252,027060,002757,032542
947,10/05/1972,048341,022783,049816,004060,015403
946,06/05/1972,032817,020976,016489,014345,039918
945,29/04/1972,017796,041754,012994,010560,018479
944,26/04/1972,033900,049616,011099,036870,011564
943,22/04/1972,033117,023321,026293,046899,010725
942,15/04/1972,019465,047074,038241,002394,031064
941,12/04/1972,042674,047198,016078,006767,049435
940,08/04/1972,027346,009734,008348,026638,027272
939,05/04/1972,035339,004336,030988,007858,026637
938,29/03/1972,000300,032036,021762,038167,013376
937,25/03/1972,008774,033415,001255,028995,033190
936,22/03/1972,030464,005334,016231,006887,015479
935,18/03/1972,023238,044382,029520,045352,002314
934,15/03/1972,028838,037151,033400,030333,017546
933,11/03/1972,034113,020935,001102,034296,037778
932,08/03/1972,034411,006252,042379,041593,019041
931,04/03/1972,040808,020312,009142,018890,043095
930,26/02/1972,016256,003475,032550,044684,022973
929,23/02/1972,037560,025200,045369,004825,018857
928,19/02/1972,031884,006114,029709,009706,014125
927,12/02/1972,002838,026061,043159,025871,043379
926,05/02/1972,018420,010068,035985,028701,032939
925,02/02/1972,015280,019600,024824,003911,040732
924,29/01/1972,025215,012839,002008,016964,042997
923,22/01/1972,007587,048980,006945,032086,028991
922,19/01/1972,017660,002469,044524,045188,022852
921,15/01/1972,001040,026797,029905,001213,011720
920,12/01/1972,030200,022745,028551,045791,018752
919,08/01/1972,012675,035931,010715,041128,046523
918,29/12/1971,049096,036914,012616,009732,006899
917,22/12/1971,000578,048099,019632,013887,045744
916,15/12/1971,033423,005668,042249,017199,013783
915,11/12/1971,050823,025584,052237,040931,021675
914,08/12/1971,037998,039327,001880,039323,052051
913,04/12/1971,021363,048481,013683,041092,027245
912,01/12/1971,043584,047472,039544,008553,011452
911,27/11/1971,026610,012815,029768,032576,038256
910,24/11/1971,043139,033642,008693,006758,047000
909,20/11/1971,035630,036427,030533,026360,050787
908,13/11/1971,012724,017975,021441,001010,023984
907,10/11/1971,019186,043429,031794,049403,009255
906,06/11/1971,018716,024444,015770,051159,012666
905,30/10/1971,044893,012115,016921,035907,025192
904,27/10/1971,049544,043969,017234,048137,038253
903,23/10/1971,051717,038669,036254,009019,010269
902,20/10/1971,009796,018547,032541,031952,048734
901,16/10/1971,018296,042979,009800,022278,041065
900,13/10/1971,048759,025859,036705,029857,010750
899,09/10/1971,033645,003846,016952,028466,033980
898,06/10/1971,032969,006669,047273,051631,024964
897,02/10/1971,048786,034604,045035,019909,052946
896,29/09/1971,047671,034304,035400,022212,001727
895,25/09/1971,038999,042109,017777,000139,045359
894,22/09/1971,042907,037591,003555,003142,000978
893,18/09/1971,051735,025956,037605,038426,007662
892,15/09/1971,014095,049755,035047,048240,007417
891,11/09/1971,029234,039341,022470,041642,036484
890,04/09/1971,023067,007345,006022,015088,023182
889,01/09/1971,014956,045058,001750,049870,025931
888,28/08/1971,036829,026285,022788,007432,030027
887,25/08/1971,030061,005503,012595,052348,046391
886,21/08/1971,039936,049147,045466,044590,010365
885,18/08/1971,035427,051369,014890,026719,040329
884,14/08/1971,001430,019051,050827,048527,038460
883,11/08/1971,020206,016901,037169,026531,035075
882,07/08/1971,038402,001976,016440,038343,029496
881,04/08/1971,031075,022855,040149,004110,029569
880,28/07/1971,007043,020431,003027,017939,047376
879,24/07/1971,023841,015373,008407,039304,040568
878,21/07/1971,012674,011916,011697,018711,021564
877,17/07/1971,044926,000048,015709,017108,004871
876,14/07/1971,001527,031404,002995,018120,010106
875,10/07/1971,003278,037745,044895,024599,052061
874,07/07/1971,029454,026206,035205,044406,003750
873,03/07/1971,047578,035400,026619,006092,013783
872,30/06/1971,019895,025757,030449,037999,005683
871,26/06/1971,034245,016575,007487,038976,032089
870,23/06/1971,035164,029781,036734,032531,008146
869,19/06/1971,037117,048597,000224,044998,051793
868,16/06/1971,040152,029691,044431,050625,023586
867,12/06/1971,025478,043602,019797,031403,029323
866,09/06/1971,024885,017958,025542,026704,024407
865,05/06/1971,028209,044329,041638,039368,048913
864,02/06/1971,036148,016946,015042,027981,022605
863,29/05/1971,004137,006148,017248,019429,015344
862,26/05/1971,009342,004972,022518,045711,031114
861,22/05/1971,048351,003050,003018,004880,051621
860,19/05/1971,006313,007461,040638,021922,042049
859,15/05/1971,036861,036092,000198,039537,036074
858,12/05/1971,006078,036323,039935,044570,035951
857,08/05/1971,019369,005632,045867,040853,002354
856,05/05/1971,029036,001316,019526,027304,014795
855,28/04/1971,049412,035912,005547,016705,043712
854,24/04/1971,036324,016980,035141,048949,035732
853,17/04/1971,041244,032910,051021,043405,004118
852,14/04/1971,023352,021595,001209,024607,032430
851,07/04/1971,009502,035520,019096,023861,051215
850,03/04/1971,015259,018533,047583,041393,040374
849,31/03/1971,029015,003160,013773,053029,047621
848,27/03/1971,009756,018211,024291,043675,019686
847,24/03/1971,042860,007428,049211,043475,015189
846,20/03/1971,039342,054030,047887,027186,051030
845,17/03/1971,036414,027962,054075,036610,024516
844,13/03/1971,043567,050076,038464,011205,038067
843,10/03/1971,014784,054539,043196,047527,003460
842,06/03/1971,046623,003152,053848,006417,041271
841,03/03/1971,025469,011849,024226,054718,004237
840,27/02/1971,031798,049531,008446,038315,004396
839,20/02/1971,044355,029419,028780,034934,007655
838,17/02/1971,001510,000554,013033,021521,029198
837,13/02/1971,016662,023113,024365,032878,017262
836,10/02/1971,020985,036495,019935,040776,052089
835,06/02/1971,028780,003731,050007,020526,022730
834,03/02/1971,037457,018006,054894,019554,052622
833,30/01/1971,047711,029122,054146,017975,018253
832,27/01/1971,009924,001787,048082,024496,038231
831,23/01/1971,030183,022482,005314,027060,055881
830,16/01/1971,055398,043214,045493,007686,053090
829,13/01/1971,034369,009850,051438,048759,005032
828,09/01/1971,044867,029797,052933,014448,052144
827,06/01/1971,033501,020013,030392,025106,021523
826,30/12/1970,015981,038342,044890,034221,018730
825,23/12/1970,009945,033080,031791,056370,031735
824,19/12/1970,026414,032842,045412,047384,012944
823,16/12/1970,054557,041747,024423,029612,020829
822,12/12/1970,027222,031244,022647,008732,028941
821,09/12/1970,018106,047537,018076,017518,023861
820,05/12/1970,014077,043466,038333,036751,017192
819,02/12/1970,025535,023074,029573,022796,024442
818,28/11/1970,044774,021373,003309,050464,045737
817,25/11/1970,020773,016250,055612,039646,011672
816,21/11/1970,044543,032733,020072,007265,027133
815,18/11/1970,050809,003600,031294,000584,051694
814,14/11/1970,029855,025915,010082,015662,030018
813,11/11/1970,029444,042299,038513,052554,042958
812,07/11/1970,050668,051094,024316,048648,040502
811,04/11/1970,050011,022370,007228,017598,029162
810,31/10/1970,018297,015512,042143,044569,017639
809,28/10/1970,017273,033394,001091,004792,028408
808,24/10/1970,021239,006841,035350,035951,034186
807,21/10/1970,055682,043109,042061,019662,050509
806,17/10/1970,019962,035029,055586,020331,000013
805,14/10/1970,016412,008645,030597,021697,004505
804,10/10/1970,011523,052325,045199,024799,012669
803,07/10/1970,037365,034241,049837,048697,042768
802,03/10/1970,040676,005785,014947,039991,054819
801,30/09/1970,046818,042684,048165,029246,052671
800,26/09/1970,000872,051322,029591,042188,050730
799,23/09/1970,029315,043499,040445,041985,053161
798,19/09/1970,046479,039612,045666,008406,027785
797,16/09/1970,049426,041144,028997,022880,022127
796,12/09/1970,022039,007648,013301,051727,053775
795,09/09/1970,014322,003722,028435,027864,043199
794,05/09/1970,012948,040137,029635,016371,038067
793,02/09/1970,004916,011427,020706,034079,046384
792,29/08/1970,048170,046696,046309,019759,009468
791,26/08/1970,007832,044595,052169,050154,035453
790,22/08/1970,051155,024579,042888,018954,053374
789,19/08/1970,038165,025360,010771,045088,034201
788,15/08/1970,021215,005182,028511,034380,052699
787,12/08/1970,036224,028461,039485,045240,021879
786,08/08/1970,016840,025269,037655,036145,033988
785,05/08/1970,044629,004848,024546,043206,048306
784,01/08/1970,046698,003358,017481,028274,006580
783,29/07/1970,008577,023150,052956,034586,019498
782,25/07/1970,049543,017385,028977,023773,014329
781,22/07/1970,022703,046633,014032,018802,015299
780,18/07/1970,041945,053355,043533,025760,016664
779,15/07/1970,033175,016795,028291,016866,044598
778,11/07/1970,005248,051863,045260,004721,023076
777,08/07/1970,037851,036728,048693,032842,001678
776,04/07/1970,027428,014702,050814,018225,045866
775,01/07/1970,044329,029941,045957,011257,017096
774,27/06/1970,011017,012314,042116,040933,019370
773,24/06/1970,024275,052628,022792,021790,014431
772,20/06/1970,015286,052318,030355,022687,037076
771,17/06/1970,004928,053193,045396,006387,050884
770,13/06/1970,037566,044059,007135,030084,032769
769,10/06/1970,047930,027655,004664,006431,039672
768,06/06/1970,053849,041861,027526,050467,011095
767,03/06/1970,045826,017949,021528,042731,033110
766,30/05/1970,023432,033057,014172,052145,010731
765,27/05/1970,049445,002042,027602,009482,011353
764,23/05/1970,010996,007391,007429,052463,047407
763,20/05/1970,031754,049319,001625,016067,011305
762,16/05/1970,002428,011305,027351,033582,004701
761,13/05/1970,009101,017792,042728,004627,002218
760,09/05/1970,052984,012598,047782,020940,037682
759,06/05/1970,041845,025535,043000,027270,004519
758,02/05/1970,007984,028353,017643,016855,043437
757,29/04/1970,050105,007621,006048,028648,021789
756,25/04/1970,036923,012904,004793,006405,040215
755,22/04/1970,012407,033417,024783,007792,043493
754,18/04/1970,015738,019801,035006,015048,042572
753,15/04/1970,003608,048333,051015,021635,053706
752,11/04/1970,046825,036483,038890,031164,051296
751,08/04/1970,017282,047208,030161,049823,047532
750,04/04/1970,037172,026653,048392,009221,028110
749,01/04/1970,050632,030919,036989,048373,034931
748,25/03/1970,013842,040219,017756,025811,041885
747,21/03/1970,005800,038466,001566,051584,006628
746,18/03/1970,031353,012053,025338,041678,008439
745,14/03/1970,001966,010791,028764,051548,021156
744,11/03/1970,007013,014677,009690,050439,006338
743,07/03/1970,046493,022541,007578,020602,042409
742,04/03/1970,022610,026498,039201,051724,008404
741,28/02/1970,048928,041237,008353,001039,008719
740,25/02/1970,008276,026726,034811,028804,001755
739,21/02/1970,026087,013919,011389,043045,024897
738,18/02/1970,008375,008905,050775,009990,043015
737,14/02/1970,046518,020428,037832,049399,011001
736,07/02/1970,040958,045185,007588,021042,046027
735,04/02/1970,005093,016119,034161,043040,022003
734,31/01/1970,036481,029126,033895,046317,041881
733,28/01/1970,032220,028743,046995,051992,039439
732,24/01/1970,039866,025179,044930,040185,001373
731,21/01/1970,015758,025256,022490,039282,050443
730,17/01/1970,026287,035717,008114,035972,008962
729,14/01/1970,025589,027241,017033,026723,009681
728,10/01/1970,035014,004699,027205,042687,010870
727,07/01/1970,047672,048476,012619,035265,031859
726,31/12/1969,045566,022099,041966,022760,034868
725,24/12/1969,038661,033295,012265,006631,031638
724,20/12/1969,045885,022922,027602,043808,033308
723,17/12/1969,039400,042954,031148,019715,033826
722,13/12/1969,012586,009390,003815,003564,048901
721,10/12/1969,036828,032446,030606,040637,017482
720,06/12/1969,002528,007675,026203,031928,019396
719,03/12/1969,011885,021789,028453,043547,048733
718,29/11/1969,049098,016451,044919,006940,044997
717,26/11/1969,025206,047955,018884,023180,033731
716,22/11/1969,047634,002673,038990,045431,024916
715,19/11/1969,019640,003002,008286,029225,031065
714,12/11/1969,008185,036311,037648,037076,042260
713,08/11/1969,034066,011251,021291,000509,015279
712,05/11/1969,039837,023404,009613,035825,041823
711,01/11/1969,007492,034677,016625,004961,016005
710,29/10/1969,049138,041898,025023,004735,041711
709,25/10/1969,049464,010592,011708,020000,011498
708,22/10/1969,032481,017298,019102,049735,031122
707,18/10/1969,034237,024211,048053,021638,022097
706,15/10/1969,032956,004964,049558,016799,015760
705,11/10/1969,006533,048009,020481,019724,021316
704,08/10/1969,049224,013797,028067,009191,024222
703,05/10/1969,029180,029303,016401,057960,000334
702,01/10/1969,014191,017721,019975,011465,026767
701,27/09/1969,005875,034232,016599,016578,032978
700,24/09/1969,043134,008820,003249,025781,023598
699,20/09/1969,017607,014142,027224,028406,040613
698,17/09/1969,038367,040055,032412,004468,007047
697,13/09/1969,003206,017171,025602,030888,005792
696,10/09/1969,009641,010548,000445,030782,000945
695,06/09/1969,008122,003754,003613,001976,036094
694,03/09/1969,032921,018827,014499,031870,009345
693,30/08/1969,040177,014546,047909,047395,043665
692,27/08/1969,034704,036375,021703,049608,036120
691,23/08/1969,024039,045672,029410,044052,045613
690,20/08/1969,049355,011062,000878,032947,019815
689,16/08/1969,047388,039375,012245,041885,048895
688,13/08/1969,019043,023351,032741,038173,028730
687,09/08/1969,029411,021331,039219,014864,005103
686,06/08/1969,041400,042216,034417,006302,015672
685,02/08/1969,034069,038560,043232,017579,045099
684,30/07/1969,017810,008827,035601,034941,021297
683,26/07/1969,009207,027828,044799,009398,046763
682,23/07/1969,014591,046241,032977,044068,033991
681,19/07/1969,035659,018328,047394,000823,001322
680,16/07/1969,027213,025575,035216,008007,039494
679,12/07/1969,006334,042653,041522,046697,036010
678,09/07/1969,014298,031741,030589,010395,036884
677,05/07/1969,043776,032068,049094,046819,038396
676,02/07/1969,037225,003906,042902,018267,016202
675,28/06/1969,037716,033812,015361,018177,019276
674,25/06/1969,028837,034620,036939,041326,023400
673,21/06/1969,023445,021831,043387,038894,018822
672,18/06/1969,016366,019933,008301,023276,032534
671,14/06/1969,006796,044840,032974,004715,001324
670,11/06/1969,046998,025154,003320,020250,045545
669,07/06/1969,036288,023270,034277,048945,002448
668,04/06/1969,007787,040219,042995,012834,037878
667,31/05/1969,046395,014026,028587,046319,033979
666,28/05/1969,020039,044196,037138,023652,038898
665,24/05/1969,020781,014785,001769,023136,043599
664,21/05/1969,020454,049497,010053,001587,035213
663,17/05/1969,007762,021978,021781,040829,038357
662,14/05/1969,016806,023243,013903,028013,007476
661,10/05/1969,026355,023050,027516,030970,008745
660,07/05/1969,039446,034905,044316,004042,008777
659,03/05/1969,023558,000254,018232,013023,034677
658,30/04/1969,020746,016627,005082,016905,034230
657,26/04/1969,016716,027258,015608,003549,037899
656,23/04/1969,024624,035311,036025,000834,047788
655,19/04/1969,023769,040082,017265,028920,010930
654,16/04/1969,011187,031814,045082,031807,002076
653,12/04/1969,049309,025910,020144,024647,045482
652,09/04/1969,007473,032513,019203,031510,035470
651,02/04/1969,034643,044389,016562,038589,047920
650,29/03/1969,008735,040872,041240,046779,045335
649,26/03/1969,002039,049913,023851,008344,036359
648,22/03/1969,004804,008273,045191,047023,016882
647,19/03/1969,036705,009549,040320,020666,021005
646,15/03/1969,047723,033042,035638,044681,042813
645,12/03/1969,005245,022911,035384,019503,045516
644,08/03/1969,024811,032505,025479,038707,023856
643,05/03/1969,006987,013621,049596,044169,023171
642,01/03/1969,007686,002048,016948,038954,034885
641,26/02/1969,018296,021287,014111,038667,000951
640,22/02/1969,044639,006274,047466,042434,049903
639,15/02/1969,031483,020380,017332,041741,039843
638,12/02/1969,020059,011339,047784,047474,008033
637,08/02/1969,030544,020038,011441,000336,032058
636,05/02/1969,023055,028904,021719,002503,008781
635,01/02/1969,032174,045350,015963,033178,047041
634,29/01/1969,003679,021638,005830,037632,024809
633,25/01/1969,049069,007442,023500,004113,025732
632,22/01/1969,007964,018267,036989,025817,043444
631,18/01/1969,019145,038542,016964,024713,003343
630,15/01/1969,012080,032139,044076,024186,023544
629,11/01/1969,047449,022703,042362,035288,038756
628,08/01/1969,009424,018791,049800,038507,044752
627,04/01/1969,040852,015049,025616,029918,024337
626,28/12/1968,018321,007804,043171,043821,036212
625,21/12/1968,003771,033757,048408,025990,048654
624,18/12/1968,030579,005223,040382,043836,047877
623,14/12/1968,019135,011676,019771,045396,020711
622,11/12/1968,011001,001505,018064,034891,041455
621,07/12/1968,048016,013771,033139,021417,003833
620,04/12/1968,006515,030845,015715,030904,009549
619,30/11/1968,038531,024786,031492,018510,035305
618,27/11/1968,012929,010495,032147,005423,043824
617,23/11/1968,029779,037103,049053,002516,001382
616,20/11/1968,044134,041959,024465,049640,014062
615,16/11/1968,035848,020050,032896,040457,010739
614,13/11/1968,015663,029860,019670,039124,014871
613,09/11/1968,040290,041113,033591,021733,032987
612,06/11/1968,010492,023402,037401,030566,037869
611,30/10/1968,045549,029694,024675,005866,007577
610,26/10/1968,004772,005476,043419,047691,016385
609,23/10/1968,027191,045986,020183,027298,039621
608,19/10/1968,014163,046163,016294,042672,016716
607,16/10/1968,025422,042746,041549,013126,020106
606,12/10/1968,031758,046649,038852,029037,031433
605,09/10/1968,025727,045703,048262,047449,019321
604,05/10/1968,040159,024677,025891,024514,004684
603,02/10/1968,024877,012187,016945,007509,001551
602,28/09/1968,030064,044006,031016,026149,015207
601,25/09/1968,041431,017880,035707,039840,047253
600,21/09/1968,030995,046869,008196,028381,010596
599,18/09/1968,049195,038723,008098,016449,030224
598,14/09/1968,015212,035318,004354,037568,043983
597,11/09/1968,031501,046524,017418,032611,005015
596,04/09/1968,028792,031628,040137,038035,034948
595,31/08/1968,033451,059245,016489,035317,014598
594,28/08/1968,017712,025298,004989,044182,002851
593,24/08/1968,053962,036465,041276,018880,026097
592,21/08/1968,041754,025466,059376,008542,027616
591,17/08/1968,045611,045203,057716,056868,052265
590,14/08/1968,055012,004802,059545,031223,009687
589,10/08/1968,010013,048406,057620,053761,009958
588,07/08/1968,022368,032016,011330,013410,001508
587,03/08/1968,055486,011254,008379,013275,005451
586,31/07/1968,045292,043141,004586,043151,029128
585,27/07/1968,052559,022703,039157,024327,042699
584,24/07/1968,027069,009541,052375,054603,048557
583,20/07/1968,027320,003333,032734,052671,058928
582,17/07/1968,014645,028605,003481,054268,034188
581,13/07/1968,053888,009339,038160,026373,016866
580,10/07/1968,014117,023905,036573,050551,033644
579,06/07/1968,032650,004542,051556,037807,005318
578,03/07/1968,024261,019131,019604,056982,056665
577,29/06/1968,024820,018782,027340,008338,015578
576,26/06/1968,019519,008049,034860,030121,038302
575,22/06/1968,043430,032366,047325,002390,027378
574,19/06/1968,046312,027174,020842,057389,018950
573,15/06/1968,044504,010817,012412,025385,038004
572,12/06/1968,053672,052799,021683,006703,041129
571,08/06/1968,001850,026887,047684,035152,000331
570,05/06/1968,022816,029545,003427,044332,041499
569,01/06/1968,039473,028183,057981,020522,024917
568,29/05/1968,050499,031032,054507,008035,029113
567,25/05/1968,016784,042278,043141,050071,002633
566,22/05/1968,022881,022843,056944,051956,033903
565,18/05/1968,003424,042103,011245,054539,014389
564,15/05/1968,007968,039814,054624,010578,044774
563,11/05/1968,010054,055988,038027,032519,039920
562,08/05/1968,018550,016025,011597,032514,038766
561,04/05/1968,015640,033283,045825,046869,025957
560,27/04/1968,016096,023787,020260,024093,004766
559,24/04/1968,012152,032324,035728,043440,002554
558,20/04/1968,022176,033965,010802,046438,028141
557,17/04/1968,041853,018689,034419,035079,010160
556,13/04/1968,031527,013770,000162,044280,046943
555,10/04/1968,014733,049654,029951,005839,036622
554,06/04/1968,046712,020762,045551,015025,020695
553,03/04/1968,030220,049689,020060,049754,016485
552,30/03/1968,028425,017008,040952,030896,033181
551,27/03/1968,008586,003008,033305,030853,019322
550,23/03/1968,028390,031630,022127,021543,016906
549,20/03/1968,024613,049065,036992,001578,007441
548,16/03/1968,023660,036476,038841,041593,007063
547,13/03/1968,026426,044370,002695,036633,028444
546,09/03/1968,000501,012819,042232,046246,020918
545,06/03/1968,043370,031361,004609,044422,048197
544,02/03/1968,014328,039063,037904,046312,016909
543,24/02/1968,037629,046685,047417,009317,048245
542,21/02/1968,028165,013740,024926,035954,017672
541,17/02/1968,045819,020987,041840,044211,008693
540,14/02/1968,007681,013466,038648,024433,034035
539,10/02/1968,046226,013200,040936,012859,014531
538,07/02/1968,049930,010239,014839,024890,049267
537,03/02/1968,018249,028095,007376,040047,001347
536,31/01/1968,011693,019460,026151,023495,025417
535,27/01/1968,041459,037756,016677,033421,046192
534,24/01/1968,023344,018368,005824,019269,002179
533,20/01/1968,045087,005166,007313,013178,049898
532,17/01/1968,012140,036391,046035,019599,031794
531,13/01/1968,011454,049702,026635,014312,006166
530,10/01/1968,016446,025791,017596,030580,004224
529,06/01/1968,038046,032508,027920,000402,045265
528,03/01/1968,005807,045355,026493,009847,010473
527,30/12/1967,000389,044653,009469,015606,014693
526,27/12/1967,043788,018464,035001,033431,037406
525,23/12/1967,034601,029333,004677,014079,004129
524,20/12/1967,006955,031516,003211,015713,048974
523,16/12/1967,004634,028751,019941,041213,014669
522,13/12/1967,009505,017364,048721,031779,047132
521,09/12/1967,032231,010342,016563,034009,033216
520,06/12/1967,018090,001694,024154,040723,007281
519,02/12/1967,049431,049730,033844,001047,017323
518,29/11/1967,036726,001256,037250,042075,013461
517,25/11/1967,008061,025772,032787,042697,029566
516,22/11/1967,022812,047805,019829,009885,047625
515,18/11/1967,048260,008601,006588,038013,013510
514,11/11/1967,025195,013816,011625,038507,031676
513,08/11/1967,009090,000646,047056,007100,038978
512,04/11/1967,027214,019605,013944,049175,025500
511,01/11/1967,023476,035240,006083,011613,029132
510,28/10/1967,042066,020459,035567,047838,025091
509,25/10/1967,042394,042325,019806,007229,005216
508,21/10/1967,028785,037198,025370,006514,038388
507,18/10/1967,014675,036146,000425,019055,015851
506,14/10/1967,021507,036532,031994,043864,036331
505,11/10/1967,032738,028750,044093,029383,033266
504,07/10/1967,018880,028886,016647,013786,001599
503,04/10/1967,021208,006900,023131,002507,027446
502,30/09/1967,048594,028739,029056,020538,031384
501,27/09/1967,045039,006240,033515,040956,045963
500,23/09/1967,010735,040956,009284,025511,026864
499,20/09/1967,016718,037615,012092,008655,046897
498,16/09/1967,007079,045735,037666,043449,030238
497,13/09/1967,017834,016069,024113,037420,024773
496,09/09/1967,001252,017750,003113,012234,024473
495,06/09/1967,027432,018153,037614,009027,021720
494,02/09/1967,019453,009635,038489,026148,002222
493,30/08/1967,006644,034397,026777,011147,013734
492,26/08/1967,029392,015146,020236,029511,013128
491,23/08/1967,023825,011167,031852,023442,027447
490,19/08/1967,023159,023219,015426,027357,016767
489,16/08/1967,023227,001255,031109,000802,028712
488,12/08/1967,034254,010131,029428,006911,028159
487,09/08/1967,000084,013826,019209,011104,032419
486,05/08/1967,009345,035621,003328,029826,004940
485,02/08/1967,023926,037635,008550,001183,022737
484,29/07/1967,010873,032945,026539,005673,039544
483,26/07/1967,006689,007869,014837,030700,027762
482,22/07/1967,022192,004509,017339,003029,008128
481,19/07/1967,024999,008586,001477,035671,037750
480,15/07/1967,011372,033334,017159,028694,039446
479,12/07/1967,038814,015461,009447,008013,005652
478,08/07/1967,008586,025205,033605,000639,010553
477,05/07/1967,034705,002444,034669,005460,033596
476,01/07/1967,015351,001345,015622,017588,009778
475,28/06/1967,006239,015509,014411,030798,009399
474,24/06/1967,037621,018351,015991,039224,008875
473,21/06/1967,012188,021884,028662,030187,005395
472,17/06/1967,006786,008791,039265,025002,007440
471,14/06/1967,017369,022740,033948,030898,026713
470,10/06/1967,025302,022124,008947,008451,001719
469,07/06/1967,032156,019355,027466,013043,023072
468,03/06/1967,004247,038577,015397,016312,006255
467,31/05/1967,031757,018344,002297,035865,023728
466,27/05/1967,026640,037267,012185,000613,008729
465,24/05/1967,014741,002239,024364,003793,031508
464,20/05/1967,038773,001090,017113,037793,007511
463,17/05/1967,002785,027154,013485,004635,019778
462,13/05/1967,016977,004902,017834,032838,007526
461,10/05/1967,000320,035616,039448,022691,024637
460,06/05/1967,022631,019903,021430,014291,027164
459,03/05/1967,009480,017360,039866,035308,010366
458,29/04/1967,003918,004557,005453,022748,039379
457,26/04/1967,024406,023870,004129,031657,003243
456,22/04/1967,014345,033841,037057,039436,024617
455,19/04/1967,020509,002422,015246,031833,039744
454,15/04/1967,005940,013108,025189,031499,012226
453,12/04/1967,000073,026402,029465,000386,024773
452,08/04/1967,020161,011943,031720,021512,018162
451,05/04/1967,008553,032407,029696,027301,027835
450,01/04/1967,029993,004253,002852,013234,000523
449,29/03/1967,010109,004364,039455,018619,023428
448,25/03/1967,034749,010008,008128,030786,000844
447,22/03/1967,012301,039044,005223,017573,001047
446,18/03/1967,000333,012820,000084,023221,039627
445,15/03/1967,000318,018483,036142,039682,008602
444,11/03/1967,013040,021665,005563,000014,025178
443,08/03/1967,034736,025931,002732,024230,027451
442,04/03/1967,013106,001279,001574,001393,009326
441,01/03/1967,021115,038172,006055,011793,025132
440,25/02/1967,038446,013137,036684,022968,018962
439,22/02/1967,010233,000206,018029,033978,034981
438,18/02/1967,012142,020099,008044,002112,037863
437,15/02/1967,002403,036708,022816,000492,013162
436,11/02/1967,030394,015302,016054,001754,029653
435,04/02/1967,035841,025493,009086,035214,025890
434,01/02/1967,033483,010073,023814,021465,008980
433,28/01/1967,001333,006332,034308,020400,034836
432,25/01/1967,023538,039118,028971,011447,011074
431,21/01/1967,037193,010953,007561,023192,005671
430,18/01/1967,013988,035122,025999,005120,037413
429,14/01/1967,015530,004125,009910,025116,012646
428,11/01/1967,005411,021232,002825,036722,019711
427,07/01/1967,025573,022409,012347,001172,006554
426,04/01/1967,039503,028068,001441,009293,020194
425,31/12/1966,013275,023618,019841,019189,012965
424,28/12/1966,039539,038134,008433,038342,037735
423,24/12/1966,020051,034282,006330,010135,032497
422,21/12/1966,021458,003504,035206,038124,003275
421,17/12/1966,035328,038243,023501,032070,019069
420,14/12/1966,015752,008530,025937,020049,018807
419,10/12/1966,021754,031221,020356,035467,011474
418,07/12/1966,015007,019563,001476,025362,021021
417,03/12/1966,025755,037457,016822,021142,023179
416,30/11/1966,009561,014181,021697,005519,016508
415,26/11/1966,036226,033874,013230,033679,029515
414,23/11/1966,020697,031571,009240,022833,003523
413,19/11/1966,029554,013159,030079,021925,007331
412,16/11/1966,027412,029504,037306,027277,018855
411,12/11/1966,036238,007918,016810,009143,031484
410,09/11/1966,000438,000678,030085,014257,022928
409,05/11/1966,003479,039193,015882,010133,015142
408,29/10/1966,014922,026928,021825,000890,029353
407,26/10/1966,013038,011154,008904,000103,036963
406,22/10/1966,029951,015075,007654,024311,002832
405,19/10/1966,027533,020904,027874,029388,030496
404,15/10/1966,017625,034579,013063,015644,027005
403,12/10/1966,020431,038146,000292,020115,009846
402,08/10/1966,031763,009461,001424,006027,030000
401,05/10/1966,015018,035974,003702,038839,008988
400,01/10/1966,000761,000926,012985,031195,007779
399,28/09/1966,000457,030091,022959,001236,014260
398,24/09/1966,000594,024740,019993,018213,012240
397,21/09/1966,013319,037255,016982,005423,027503
396,17/09/1966,002350,025040,025579,000058,001726
395,14/09/1966,026077,014066,010851,001223,028335
394,10/09/1966,015241,002852,010218,013597,012007
393,03/09/1966,001282,014684,007058,011705,001319
392,31/08/1966,023665,036734,038185,036949,022093
391,27/08/1966,022972,035221,024468,011427,021091
390,24/08/1966,004872,001120,022051,036503,001057
389,20/08/1966,036760,018723,001408,006415,001423
388,17/08/1966,027860,035082,037184,004702,013207
387,13/08/1966,007392,012536,017484,001259,037389
386,10/08/1966,011335,027069,033660,009704,017174
385,06/08/1966,030811,019575,036953,031922,018298
384,03/08/1966,014029,023548,038342,035779,028120
383,02/08/1966,000000,000000,000000,000000,000000
382,01/08/1966,000000,000000,000000,000000,000000
381,23/07/1966,006661,022912,023536,016344,018324
380,20/07/1966,000200,028646,039065,023692,012383
379,16/07/1966,027838,017381,013458,032672,010021
378,13/07/1966,036737,038616,033607,035831,018771
377,07/07/1966,032702,042168,042060,035957,000000
376,06/07/1966,009374,030454,027113,023298,028765
375,02/07/1966,004366,024236,019190,006717,015767
374,29/06/1966,012034,006947,005188,014717,000124
373,25/06/1966,018392,032781,029772,024462,020615
372,22/06/1966,014317,016079,008333,019917,020523
371,18/06/1966,015288,029007,000487,031518,015629
370,15/06/1966,030798,022853,013768,014707,014792
369,11/06/1966,012309,018590,019937,037181,019946
368,08/06/1966,019946,005630,019211,020554,011149
367,04/06/1966,023114,037481,029219,000561,038581
366,01/06/1966,024333,030623,019698,004342,036873
365,28/05/1966,005769,025759,034358,028753,013235
364,25/05/1966,002615,025733,011028,004438,039153
363,21/05/1966,028040,016168,000092,022742,028613
362,18/05/1966,029624,016421,010769,003336,005982
361,14/05/1966,035282,002009,017767,002895,017676
360,11/05/1966,013389,018765,003929,012416,021154
359,07/05/1966,035352,031816,008656,011011,025946
358,04/05/1966,007403,001172,016655,004953,001013
357,30/04/1966,027984,003218,005365,011733,017361
356,27/04/1966,020112,017912,003777,027803,033981
355,23/04/1966,019824,032296,013686,025618,011622
354,20/04/1966,010061,023400,007291,036511,027611
353,16/04/1966,023753,007862,001749,019945,033203
352,13/04/1966,004751,024197,011816,006869,016040
351,09/04/1966,028316,001583,018407,019917,031007
350,06/04/1966,002639,011886,000414,036639,006969
349,02/04/1966,037278,022123,029548,029403,000479
348,30/03/1966,026576,025092,025291,006051,001841
347,26/03/1966,027597,012669,033855,011854,033533
346,23/03/1966,002618,008020,023029,017645,001620
345,19/03/1966,016245,027575,033483,012302,011464
344,16/03/1966,003172,020568,026709,037996,007993
343,12/03/1966,019868,018848,021385,019580,019900
342,09/03/1966,013521,013351,029278,026949,007051
341,05/03/1966,037686,031601,030383,008330,004169
340,02/03/1966,009660,004319,008631,036154,011914
339,26/02/1966,029147,020388,016561,001615,021264
338,19/02/1966,037140,023968,025050,004786,023158
337,16/02/1966,034662,000676,012588,005575,016026
336,12/02/1966,025199,037737,017686,020330,033017
335,09/02/1966,005450,031816,019344,027641,008428
334,05/02/1966,016842,005221,016051,012843,035342
333,02/02/1966,013010,016046,038243,017159,003400
332,29/01/1966,010603,020134,016268,020427,001514
331,26/01/1966,008418,012977,015738,004134,027804
330,22/01/1966,031499,030152,025015,018934,037195
329,19/01/1966,018997,036916,021716,036740,033108
328,15/01/1966,026920,022065,034824,011641,018380
327,12/01/1966,009276,013660,024098,009509,005189
326,08/01/1966,036800,032662,002756,035752,001131
325,05/01/1966,005273,013066,004163,032763,028391
324,29/12/1965,011945,013404,020344,036572,031813
323,22/12/1965,000784,005326,016521,014724,017418
322,18/12/1965,032109,003176,006945,005992,027930
321,15/12/1965,005100,003276,037500,029527,010577
320,11/12/1965,016689,026425,039551,015324,026619
319,08/12/1965,026050,036376,039236,001629,022430
318,04/12/1965,028077,019149,010799,039617,036469
317,01/12/1965,007024,003772,004119,005253,019149
316,27/11/1965,004248,038128,024240,029055,008198
315,24/11/1965,037297,017604,004821,030799,031447
314,20/11/1965,030907,030824,018501,032382,009264
313,17/11/1965,033530,004206,003778,027276,030708
312,13/11/1965,017760,034633,038532,026889,002053
311,10/11/1965,028756,030613,025485,025094,037060
310,06/11/1965,028003,010045,006581,010749,016257
309,03/11/1965,024084,002579,005162,018574,038427
308,30/10/1965,010542,037082,021155,034071,020482
307,27/10/1965,000739,011244,031421,000846,033760
306,23/10/1965,022801,000945,013126,017787,030182
305,20/10/1965,027420,008610,034377,032123,016763
304,16/10/1965,038158,000284,029254,010078,031778
303,13/10/1965,004731,021473,007614,031544,022521
302,09/10/1965,023826,013590,025686,027313,039321
301,06/10/1965,034624,037475,004183,012229,018683
300,02/10/1965,007882,026026,009994,006903,013720
299,29/09/1965,007392,001706,032677,015855,009829
298,25/09/1965,032372,035183,015656,026791,028664
297,22/09/1965,024707,027682,007919,024821,007213
296,18/09/1965,026148,037238,000630,038086,037597
295,15/09/1965,019508,016425,035902,004242,035515
294,11/09/1965,033384,038667,001943,008287,038790
293,08/09/1965,010880,039398,006985,035406,029139
292,04/09/1965,014554,023755,026483,013723,017824
291,01/09/1965,036429,006356,009203,009505,007075
290,28/08/1965,036700,005439,003529,006651,000856
289,25/08/1965,000752,015134,019935,007507,039377
288,21/08/1965,034907,011530,014505,000846,034209
287,18/08/1965,032261,008648,007110,009963,022593
286,14/08/1965,006219,034623,012284,002354,030882
285,11/08/1965,016380,002543,002212,005981,031234
284,07/08/1965,030762,022676,031853,033954,018982
283,04/08/1965,007639,011049,030500,039794,039383
282,31/07/1965,025166,019210,026721,020478,027251
281,28/07/1965,035981,028542,035587,034481,015807
280,24/07/1965,014953,012627,010691,036935,030821
279,21/07/1965,005882,010514,027473,012564,029409
278,17/07/1965,016561,025569,017799,030808,019884
277,14/07/1965,023704,039124,002260,014424,009835
276,10/07/1965,029609,003913,000030,015966,031666
275,07/07/1965,006806,011567,004121,005062,039234
274,03/07/1965,026961,009512,008163,039675,027143
273,30/06/1965,034704,008949,017301,019005,018555
272,26/06/1965,031677,038725,016900,001183,003842
271,23/06/1965,018782,005032,018994,004968,003394
270,19/06/1965,014313,032115,019587,034222,023431
269,16/06/1965,030455,004805,008523,001644,011902
268,12/06/1965,038506,001470,034715,009122,009261
267,09/06/1965,038143,000404,008212,019141,024572
266,05/06/1965,002678,003552,008538,020545,029412
265,02/06/1965,003736,007359,023119,034217,001534
264,29/05/1965,026178,016075,032929,026179,035337
263,26/05/1965,022408,034362,010698,012984,032964
262,22/05/1965,008740,021409,028468,022679,036781
261,19/05/1965,005100,002928,004675,011596,000027
260,15/05/1965,011818,028312,003233,016330,031226
259,12/05/1965,006982,006947,038965,006807,002831
258,08/05/1965,028321,025938,013540,038293,027190
257,05/05/1965,008608,012753,032428,036671,024077
256,28/04/1965,032128,026251,005771,006228,008560
255,24/04/1965,029611,002845,028269,015782,015995
254,17/04/1965,026357,020478,026899,011295,010168
253,14/04/1965,004294,008123,020894,019341,025832
252,10/04/1965,022178,026683,000700,029761,018705
251,07/04/1965,009369,013181,023060,027751,018960
250,03/04/1965,024303,007771,028264,019872,013560
249,31/03/1965,002110,029630,001834,027855,024421
248,27/03/1965,020239,017331,002619,007206,001270
247,24/03/1965,012554,026967,025798,001560,022655
246,20/03/1965,007632,018369,004434,028835,015523
245,17/03/1965,027292,000952,021667,002122,016847
244,13/03/1965,010438,019183,007356,019473,012023
243,10/03/1965,015591,026643,006451,001766,004238
242,06/03/1965,005487,004235,022244,015330,008345
241,27/02/1965,004615,008478,026871,019252,000270
240,24/02/1965,012905,000326,027883,004454,004389
239,20/02/1965,014352,029339,018491,001900,014945
238,17/02/1965,028791,007075,016812,024459,006883
237,13/02/1965,000310,025154,004344,028729,025704
236,10/02/1965,024577,025726,002261,005451,001026
235,06/02/1965,002116,027022,019092,016538,005313
234,03/02/1965,004878,020053,013071,003495,014694
233,30/01/1965,015202,018388,009595,001907,025706
232,27/01/1965,004944,008064,002462,016932,024134
231,23/01/1965,027757,018769,016655,020552,025699
230,16/01/1965,007542,018235,029734,015862,002910
229,13/01/1965,002088,026447,002247,014194,010431
228,09/01/1965,014796,026001,015202,026865,019599
227,06/01/1965,002585,020095,022795,008453,021575
226,30/12/1964,009915,020458,036633,034001,031236
225,26/12/1964,028195,005382,031030,025792,038201
224,23/12/1964,001501,004258,011380,025131,024479
223,19/12/1964,019045,024450,009462,024518,021945
222,16/12/1964,033991,021644,001275,007349,035302
221,12/12/1964,039667,011077,024781,007838,035913
220,09/12/1964,006020,036501,026793,007551,029339
219,05/12/1964,026269,026129,024529,037166,015264
218,02/12/1964,012038,001577,016321,037260,004971
217,28/11/1964,027787,005971,024617,025199,000098
216,25/11/1964,037387,001860,001590,005724,024408
215,21/11/1964,001546,034664,035150,009519,018029
214,18/11/1964,024169,003079,022650,024679,029041
213,14/11/1964,019204,019670,028480,023079,039297
212,11/11/1964,008831,018980,023303,013405,038853
211,07/11/1964,016584,007942,024598,001361,031564
210,04/11/1964,002973,005429,025161,037387,039869
209,31/10/1964,015448,003638,002827,011528,000715
208,28/10/1964,004547,005074,036271,022198,013539
207,24/10/1964,026456,020986,039862,005472,001890
206,21/10/1964,012813,005340,011967,020602,029151
205,17/10/1964,025114,023325,024234,013242,028688
204,14/10/1964,016309,039641,038104,015757,013986
203,10/10/1964,019484,020653,019816,036688,020262
202,07/10/1964,009743,023654,038304,036778,028603
201,03/10/1964,005291,001484,003906,000964,004031
200,30/09/1964,008665,011411,001803,025796,027735
199,26/09/1964,001795,021357,004129,001248,031523
198,23/09/1964,017417,011429,022144,016481,026953
197,19/09/1964,012155,016052,020806,034876,019860
196,16/09/1964,039501,025471,025685,035867,011922
195,12/09/1964,029543,007954,022135,038982,031848
194,09/09/1964,022106,035497,026782,005595,034957
193,05/09/1964,002338,004445,006081,012135,032377
192,02/09/1964,030473,023202,004267,008645,000678
191,29/08/1964,008997,010759,022913,003623,015082
190,26/08/1964,037132,014191,001251,005162,038325
189,22/08/1964,039208,013485,013776,008982,010564
188,19/08/1964,026974,022201,026685,015627,026080
187,12/08/1964,038876,032923,001978,016569,025228
186,08/08/1964,003738,020265,007997,007375,032630
185,05/08/1964,013202,025745,000474,003421,000600
184,01/08/1964,013406,003564,024412,013857,019206
183,29/07/1964,029298,011301,020406,008642,026034
182,25/07/1964,013512,034383,018242,028599,022998
181,22/07/1964,018813,030358,030193,034365,003026
180,18/07/1964,015021,038658,037546,004901,019681
179,15/07/1964,011692,031896,011903,001554,028983
178,11/07/1964,008564,026334,028514,018617,021345
177,08/07/1964,018883,025298,013246,015183,023659
176,04/07/1964,021211,032342,031510,037369,016909
175,01/07/1964,020571,028908,027361,038281,010312
174,27/06/1964,012401,015407,024209,022109,031485
173,24/06/1964,000495,018973,012518,032057,024290
172,20/06/1964,020895,036735,010263,005137,022536
171,17/06/1964,015364,002361,008800,038392,022129
170,13/06/1964,027785,004022,019369,036210,034281
169,10/06/1964,018426,022394,039915,038917,036366
168,06/06/1964,038291,021661,018230,009771,016278
167,03/06/1964,008917,012568,020096,021758,011689
166,30/05/1964,039498,016159,004728,004178,010057
165,27/05/1964,023117,038538,015627,004142,020592
164,23/05/1964,019366,035170,020379,039419,024183
163,20/05/1964,001540,037183,019226,022226,021708
162,16/05/1964,008400,011336,016429,004032,007675
161,13/05/1964,027055,023702,021578,000116,019588
160,09/05/1964,019730,020115,002418,036272,000402
159,06/05/1964,024344,014568,020291,037551,020475
158,02/05/1964,029378,006741,011343,026316,027216
157,29/04/1964,018550,024816,021428,025862,011338
156,25/04/1964,027542,022910,039319,036894,008282
155,22/04/1964,000576,026243,003895,014587,023615
154,18/04/1964,034648,002884,009547,003696,013917
153,15/04/1964,023855,024916,035324,017614,026346
152,11/04/1964,038270,016704,039365,008943,004462
151,08/04/1964,020701,000080,037093,023722,037108
150,04/04/1964,013892,006408,036626,014518,032861
149,06/04/1964,014618,021298,032816,007806,028238
148,25/03/1964,033154,006990,003598,001719,036487
147,21/03/1964,013271,012574,023312,027788,020120
146,18/03/1964,016783,034478,023276,002699,021781
145,14/03/1964,019018,019467,018509,014472,000411
144,11/03/1964,032405,030853,028650,021194,032022
143,07/03/1964,012787,037807,002976,013612,004618
142,04/03/1964,019074,018537,019831,004045,008171
141,29/02/1964,000295,015985,017614,032663,027126
140,26/02/1964,017055,037234,012234,000614,009689
139,22/02/1964,025342,030801,006693,016335,000278
138,19/02/1964,034986,023734,015630,030470,004364
137,15/02/1964,038048,034587,000523,014218,004166
136,08/02/1964,003447,013837,021079,025290,004686
135,05/02/1964,033613,013624,012540,015100,037782
134,01/02/1964,037033,004838,018850,034777,039069
133,29/01/1964,036210,004297,019259,005599,014578
132,25/01/1964,037064,021694,024161,033814,024392
131,22/01/1964,003706,013495,030519,017470,023020
130,18/01/1964,002250,023374,002613,031794,020640
129,15/01/1964,012768,032710,016881,015742,005524
128,11/01/1964,008857,000906,009646,004143,036487
127,08/01/1964,000221,037773,001631,011344,003722
126,04/01/1964,038957,027111,038757,039392,018956
125,28/12/1963,019313,039706,013523,039148,006696
124,21/12/1963,018918,030034,023360,021716,001531
123,18/12/1963,001516,010526,008856,024044,039861
122,14/12/1963,003089,011478,010970,018100,019796
121,11/12/1963,029229,037990,004501,038823,022310
120,07/12/1963,023499,011600,008383,032665,034831
119,04/12/1963,001120,025631,007795,027862,018565
118,30/11/1963,018957,002658,021866,017143,025429
117,27/11/1963,003313,037694,023029,018955,035775
116,23/11/1963,000913,022333,001185,008548,008101
115,20/11/1963,010777,025705,036332,025777,004573
114,16/11/1963,006835,005911,011349,018861,009948
113,13/11/1963,020710,037471,027921,006751,020818
112,09/11/1963,010508,026487,004356,019569,038182
111,06/11/1963,018871,038709,013645,037241,037457
110,30/10/1963,006253,020350,004868,005406,026237
109,26/10/1963,037228,024912,032910,000231,013431
108,23/10/1963,016775,035004,018642,036707,008023
107,19/10/1963,001986,032704,029107,034795,024984
106,16/10/1963,036387,016798,005070,022913,028121
105,12/10/1963,003071,018662,025114,037602,037136
104,09/10/1963,035196,027418,015175,023613,014789
103,05/10/1963,038121,037989,007131,034146,014528
102,02/10/1963,036246,016373,011073,026621,011219
101,28/09/1963,031904,011818,030094,007604,035301
100,25/09/1963,006363,000420,019271,007665,027352
99,21/09/1963,019696,029444,019456,018026,016396
98,18/09/1963,013847,009773,025881,018023,016484
97,14/09/1963,004941,007668,021982,017078,004758
96,11/09/1963,004323,004987,023625,033865,019390
95,04/09/1963,007023,022366,020337,006882,015877
94,31/08/1963,011895,015758,036337,021465,023856
93,28/08/1963,003173,015316,002521,023458,039559
92,24/08/1963,030102,017913,017992,022300,004616
91,21/08/1963,008509,000720,004283,006022,027429
90,17/08/1963,023275,033208,018351,010771,029791
89,14/08/1963,030715,028774,005353,037345,005381
88,10/08/1963,023463,035188,033495,019706,025441
87,07/08/1963,005744,023809,034963,030633,022081
86,03/08/1963,000183,027707,034963,034362,009619
85,31/07/1963,032992,018777,008771,021023,038344
84,27/07/1963,031273,039564,004989,014258,016052
83,24/07/1963,003125,022856,016512,008388,034579
82,20/07/1963,037736,031177,001167,023021,038686
81,17/07/1963,004065,019469,015493,010010,016758
80,13/07/1963,003084,035004,032814,008921,007310
79,10/07/1963,010274,009281,019088,038201,034775
78,06/07/1963,012048,011071,031388,019714,002644
77,03/07/1963,033007,016094,002630,031561,002057
76,29/06/1963,009744,025574,007298,027290,020122
75,26/06/1963,007855,026073,031492,028981,036346
74,22/06/1963,012863,030443,025280,032731,007062
73,19/06/1963,035621,008266,023881,028404,029624
72,15/06/1963,006800,021003,001038,038855,009832
71,12/06/1963,031219,023796,032543,005966,030987
70,08/06/1963,011478,022344,012269,029843,031566
69,05/06/1963,010857,008934,019974,022876,019489
68,01/06/1963,020511,006744,028742,010733,024677
67,29/05/1963,002869,019110,007546,029308,024229
66,25/05/1963,019439,029213,021414,026002,001820
65,22/05/1963,025418,027227,015551,015912,000733
64,18/05/1963,003005,004290,009861,002002,016527
63,15/05/1963,025095,028690,000667,011953,012478
62,11/05/1963,019907,025827,010304,029497,022330
61,08/05/1963,023124,001278,027303,000388,011326
60,04/05/1963,000450,002477,003431,025014,028886
59,27/04/1963,025317,000045,020124,024606,008327
58,24/04/1963,010087,009646,018960,010748,010454
57,20/04/1963,028428,036293,039314,014211,024556
56,17/04/1963,002472,018740,029532,010786,029707
55,10/04/1963,011071,025301,002733,014935,017386
54,06/04/1963,015234,007725,026948,029590,017689
53,03/04/1963,022213,029830,023508,016875,028350
52,30/03/1963,026660,014119,026721,027088,000299
51,27/03/1963,015602,022479,009925,028652,025984
50,23/03/1963,024341,010430,016193,021540,029063
49,20/03/1963,023496,019242,004622,005547,010625
48,16/03/1963,014915,021223,016654,017198,001684
47,13/03/1963,027650,020372,009995,016125,010097
46,09/03/1963,004361,015759,010322,029826,000596
45,06/03/1963,004057,005588,028936,023322,029662
44,02/03/1963,026908,024430,029152,003076,008391
43,23/02/1963,012341,024187,020579,000251,001133
42,20/02/1963,038403,038630,005301,004190,002993
41,16/02/1963,003979,002247,002939,031169,022102
40,13/02/1963,012085,001069,035666,003516,037535
39,09/02/1963,004291,007363,009641,012341,024032
38,06/02/1963,028838,032397,013531,033138,039267
37,02/02/1963,030578,022930,028938,032794,012281
36,30/01/1963,028620,000974,038939,037438,004048
35,26/01/1963,019446,001617,012544,013817,020328
34,23/01/1963,028914,012584,004401,020964,012314
33,19/01/1963,002393,032420,032302,039410,001715
32,16/01/1963,010689,019533,002491,031211,036298
31,12/01/1963,026801,019425,029537,022547,005724
30,09/01/1963,025793,013312,033039,000540,039415
29,05/01/1963,026584,002662,033566,032094,021243
28,02/01/1963,029063,005673,015479,022347,036597
27,29/12/1962,006195,027828,027049,007637,015744
26,26/12/1962,021865,021867,011972,023785,008465
25,22/12/1962,003457,022079,028594,023094,011338
24,19/12/1962,009471,023336,031604,010592,034373
23,15/12/1962,030122,005169,017548,029570,039424
22,12/12/1962,036637,010284,003185,024896,032613
21,05/12/1962,019859,031796,037438,020456,017238
20,01/12/1962,034413,006267,032363,031339,036524
19,28/11/1962,030407,033594,033789,016677,013565
18,24/11/1962,017716,007891,026139,007792,025301
17,21/11/1962,025913,012173,021454,011363,015010
16,17/11/1962,036536,005752,016035,009775,019175
15,14/11/1962,000809,005041,011942,039510,029207
14,10/11/1962,033932,025282,004715,003408,038803
13,07/11/1962,035275,003129,029176,031921,005842
12,31/10/1962,007058,018897,034444,006478,000962
11,27/10/1962,033264,036070,034611,027023,030637
10,24/10/1962,000338,037703,012749,001370,037915
9,20/10/1962,005728,020382,032260,028491,027274
8,17/10/1962,021096,001329,025331,016235,003141
7,13/10/1962,001314,010660,001472,007130,000810
6,10/10/1962,000934,015267,003690,024257,032504
5,06/10/1962,023972,033280,003664,034058,003746
4,03/10/1962,010896,037354,038461,001951,033569
3,29/09/1962,027793,015637,011505,014184,025711
2,22/09/1962,003334,034714,020967,036468,018452
1,15/09/1962,005349,038031,026492,025151,001416
