Concurso,Data,jogo 1,jogo 2,jogo 3,jogo 4,jogo 5,jogo 6,jogo 7,jogo 8,jogo 9,jogo 10,jogo 11,jogo 12,jogo 13,jogo 14
1273,05/10/2026,Coluna 1,Coluna 1,Coluna 1,Coluna do meio,Coluna do meio,Coluna 2,Coluna 1,Coluna do meio,Coluna 1,Coluna 1,Coluna 1,Coluna do meio,Coluna 2,Coluna 1
1272,28/09/2026,Coluna 2,Coluna do meio,Coluna 1,Coluna do meio,Coluna 2,Coluna 1,Coluna 1,Coluna 1,Coluna 2,Coluna do meio,Coluna do meio,Coluna 2,Coluna 2,Coluna 2
1271,21/09/2026,Coluna 1,Coluna do meio,Coluna 1,Coluna 1,Coluna 2,Coluna 2,Coluna 1,Coluna 1,Coluna do meio,Coluna 2,Coluna 2,Coluna 1,Coluna 2,Coluna 1
1270,14/09/2026,Coluna 1,Coluna 1,Coluna 2,Coluna 1,Coluna 2,Coluna 1,Coluna do meio,Coluna 1,Coluna do meio,Coluna 1,Coluna 2,Coluna 1,Coluna do meio,Coluna 2
1269,08/09/2026,Coluna do meio,Coluna 2,Coluna 1,Coluna 1,Coluna 1,Coluna 2,Coluna do meio,Coluna 1,Coluna 2,Coluna 2,Coluna 2,Coluna 1,Coluna 1,Coluna 2
1268,31/08/2026,Coluna 1,Coluna 1,Coluna 1,Coluna 2,Coluna 1,Coluna do meio,Coluna 1,Coluna do meio,Coluna 2,Coluna 1,Coluna do meio,Coluna 1,Coluna 1,Coluna 2
1267,24/08/2026,Coluna 1,Coluna 1,Coluna do meio,Coluna 2,Coluna do meio,Coluna 1,Coluna 1,Coluna 2,Coluna do meio,Coluna 1,Coluna do meio,Coluna 1,Coluna 2,Coluna 2
1266,17/08/2026,Coluna 1,Coluna 2,Coluna 1,Coluna 1,Coluna do meio,Coluna do meio,Coluna do meio,Coluna do meio,Coluna 1,Coluna 2,Coluna do meio,Coluna 2,Coluna 1,Coluna 2
1265,10/08/2026,Coluna do meio,Coluna 1,Coluna do meio,Coluna 1,Coluna 1,Coluna 1,Coluna do meio,Coluna do meio,Coluna 2,Coluna do meio,Coluna do meio,Coluna 2,Coluna 2,Coluna 1
1264,31/07/2026,Coluna 1,Coluna do meio,Coluna 2,Coluna do meio,Coluna do meio,Coluna 2,Coluna 1,Coluna 2,Coluna 1,Coluna 1,Coluna 1,Coluna 1,Coluna 2,Coluna 1
1263,23/07/2026,Coluna 2,Coluna do meio,Coluna do meio,Coluna 1,Coluna 2,Coluna 2,Coluna 1,Coluna do meio,Coluna 2,Coluna 1,Coluna do meio,Coluna 2,Coluna 2,Coluna 2
1262,19/07/2026,Coluna 2,Coluna 2,Coluna 1,Coluna 1,Coluna 1,Coluna do meio,Coluna 1,Coluna do meio,Coluna 1,Coluna do meio,Coluna 1,Coluna 2,Coluna do meio,Coluna 1
1261,13/07/2026,Coluna 1,Coluna 1,Coluna 1,Coluna do meio,Coluna do meio,Coluna do meio,Coluna do meio,Coluna 1,Coluna 1,Coluna 2,Coluna 1,Coluna 1,Coluna do meio,Coluna 1
1260,08/07/2026,Coluna 2,Coluna 2,Coluna 2,Coluna 2,Coluna 2,Coluna 2,Coluna 2,Coluna 1,Coluna 1,Coluna 1,Coluna 1,Coluna do meio,Coluna 1,Coluna 1
1259,03/07/2026,Coluna 1,Coluna do meio,Coluna do meio,Coluna 2,Coluna 1,Coluna 1,Coluna 1,Coluna do meio,Coluna 1,Coluna 1,Coluna 1,Coluna 1,Coluna do meio,Coluna do meio
1258,28/06/2026,Coluna 2,Coluna 1,Coluna 2,Coluna do meio,Coluna 1,Coluna do meio,Coluna 2,Coluna 1,Coluna 2,Coluna 2,Coluna 1,Coluna do meio,Coluna 1,Coluna 2
1257,25/06/2026,Coluna 2,Coluna 2,Coluna 1,Coluna 1,Coluna 1,Coluna 1,Coluna do meio,Coluna 2,Coluna 1,Coluna 1,Coluna 1,Coluna 1,Coluna 1,Coluna 2
1256,22/06/2026,Coluna 1,Coluna 1,Coluna 2,Coluna do meio,Coluna 1,Coluna 1,Coluna 1,Coluna 1,Coluna 2,Coluna 1,Coluna 1,Coluna do meio,Coluna 1,Coluna do meio
1255,17/06/2026,Coluna do meio,Coluna 2,Coluna 1,Coluna do meio,Coluna 1,Coluna 1,Coluna do meio,Coluna do meio,Coluna do meio,Coluna 1,Coluna 2,Coluna 1,Coluna do meio,Coluna 1
1254,01/06/2026,Coluna 1,Coluna 1,Coluna 2,Coluna 1,Coluna 2,Coluna 1,Coluna 1,Coluna 1,Coluna do meio,Coluna 1,Coluna 2,Coluna do meio,Coluna do meio,Coluna 1
1253,25/05/2026,Coluna 2,Coluna do meio,Coluna 1,Coluna 1,Coluna 1,Coluna 1,Coluna 2,Coluna 1,Coluna 2,Coluna 2,Coluna 2,Coluna 1,Coluna 1,Coluna 2
1252,18/05/2026,Coluna 1,Coluna 1,Coluna 1,Coluna 1,Coluna do meio,Coluna 2,Coluna 2,Coluna 1,Coluna do meio,Coluna 1,Coluna 1,Coluna 1,Coluna 2,Coluna do meio
1251,14/05/2026,Coluna 1,Coluna 2,Coluna 1,Coluna 1,Coluna 1,Coluna 1,Coluna do meio,Coluna 2,Coluna 2,Coluna 1,Coluna 1,Coluna 2,Coluna 1,Coluna 1
1250,11/05/2026,Coluna 1,Coluna do meio,Coluna do meio,Coluna 2,Coluna do meio,Coluna do meio,Coluna do meio,Coluna 2,Coluna 2,Coluna 1,Coluna 1,Coluna 2,Coluna 1,Coluna 2
1249,07/05/2026,Coluna 2,Coluna 2,Coluna do meio,Coluna 1,Coluna 1,Coluna do meio,Coluna do meio,Coluna do meio,Coluna 2,Coluna do meio,Coluna do meio,Coluna 1,Coluna 1,Coluna do meio
1248,04/05/2026,Coluna do meio,Coluna 2,Coluna do meio,Coluna 1,Coluna do meio,Coluna 1,Coluna 2,Coluna 1,Coluna 1,Coluna do meio,Coluna 1,Coluna 2,Coluna 2,Coluna 1
1247,30/04/2026,Coluna do meio,Coluna 2,Coluna 1,Coluna 2,Coluna 1,Coluna do meio,Coluna 1,Coluna 1,Coluna 1,Coluna 2,Coluna do meio,Coluna 1,Coluna do meio,Coluna 1
1246,27/04/2026,Coluna 2,Coluna do meio,Coluna do meio,Coluna 2,Coluna 1,Coluna 1,Coluna 1,Coluna 1,Coluna 1,Coluna 1,Coluna 2,Coluna do meio,Coluna 1,Coluna 1
1245,23/04/2026,Coluna 1,Coluna 2,Coluna do meio,Coluna do meio,Coluna 1,Coluna 2,Coluna do meio,Coluna do meio,Coluna 2,Coluna do meio,Coluna 2,Coluna 1,Coluna do meio,Coluna do meio
1244,20/04/2026,Coluna 1,Coluna 2,Coluna 1,Coluna 2,Coluna 1,Coluna do meio,Coluna 1,Coluna 2,Coluna 2,Coluna 1,Coluna 2,Coluna 1,Coluna 1,Coluna 1
1243,16/04/2026,Coluna 1,Coluna 1,Coluna 1,Coluna 1,Coluna 1,Coluna 1,Coluna 1,Coluna 2,Coluna do meio,Coluna 1,Coluna 2,Coluna 2,Coluna 2,Coluna 2
1242,13/04/2026,Coluna 2,Coluna 1,Coluna do meio,Coluna 1,Coluna do meio,Coluna 2,Coluna 1,Coluna do meio,Coluna 1,Coluna 1,Coluna do meio,Coluna 2,Coluna do meio,Coluna 1
1241,09/04/2026,Coluna 2,Coluna do meio,Coluna 2,Coluna 2,Coluna 2,Coluna 1,Coluna 1,Coluna 1,Coluna do meio,Coluna do meio,Coluna 1,Coluna 1,Coluna 1,Coluna 1
1240,06/04/2026,Coluna 2,Coluna 1,Coluna 2,Coluna 1,Coluna 1,Coluna 1,Coluna do meio,Coluna do meio,Coluna 1,Coluna 1,Coluna 2,Coluna 2,Coluna 2,Coluna do meio
1239,30/03/2026,Coluna 2,Coluna 2,Coluna 2,Coluna 1,Coluna 1,Coluna do meio,Coluna 2,Coluna 2,Coluna 1,Coluna 2,Coluna 1,Coluna 1,Coluna 1,Coluna do meio
1238,23/03/2026,Coluna do meio,Coluna 2,Coluna 1,Coluna 1,Coluna do meio,Coluna 2,Coluna 1,Coluna do meio,Coluna 1,Coluna 1,Coluna 2,Coluna 1,Coluna 1,Coluna 1
1237,16/03/2026,Coluna 1,Coluna 1,Coluna 1,Coluna 1,Coluna do meio,Coluna 2,Coluna 1,Coluna 2,Coluna do meio,Coluna do meio,Coluna do meio,Coluna 1,Coluna do meio,Coluna 2
1236,09/03/2026,Coluna 2,Coluna do meio,Coluna do meio,Coluna 1,Coluna 1,Coluna 1,Coluna 1,Coluna do meio,Coluna do meio,Coluna do meio,Coluna 1,Coluna do meio,Coluna 2,Coluna 2
1235,02/03/2026,Coluna do meio,Coluna 2,Coluna do meio,Coluna 1,Coluna do meio,Coluna 1,Coluna 1,Coluna 1,Coluna 1,Coluna do meio,Coluna do meio,Coluna 1,Coluna do meio,Coluna do meio
1234,23/02/2026,Coluna 1,Coluna 2,Coluna 2,Coluna do meio,Coluna 1,Coluna do meio,Coluna do meio,Coluna 1,Coluna do meio,Coluna 1,Coluna 1,Coluna 1,Coluna 1,Coluna do meio
1233,18/02/2026,Coluna do meio,Coluna do meio,Coluna do meio,Coluna 2,Coluna 2,Coluna 2,Coluna 2,Coluna 2,Coluna 2,Coluna 2,Coluna do meio,Coluna 1,Coluna 1,Coluna 2
1232,09/02/2026,Coluna 2,Coluna 1,Coluna 1,Coluna 2,Coluna 1,Coluna do meio,Coluna 1,Coluna 2,Coluna do meio,Coluna 1,Coluna do meio,Coluna 1,Coluna do meio,Coluna do meio
1231,02/02/2026,Coluna 2,Coluna do meio,Coluna 2,Coluna do meio,Coluna do meio,Coluna 2,Coluna do meio,Coluna 1,Coluna do meio,Coluna 1,Coluna 2,Coluna 1,Coluna 2,Coluna 1
1230,26/01/2026,Coluna 1,Coluna 1,Coluna 2,Coluna 2,Coluna do meio,Coluna 2,Coluna 2,Coluna 2,Coluna 1,Coluna do meio,Coluna 1,Coluna 1,Coluna 2,Coluna 2
1229,19/01/2026,Coluna do meio,Coluna 1,Coluna 1,Coluna 1,Coluna do meio,Coluna do meio,Coluna 1,Coluna do meio,Coluna 2,Coluna 1,Coluna 1,Coluna 1,Coluna 1,Coluna do meio
1228,12/01/2026,Coluna 1,Coluna do meio,Coluna 1,Coluna 2,Coluna 2,Coluna 2,Coluna do meio,Coluna 1,Coluna 1,Coluna do meio,Coluna do meio,Coluna 2,Coluna do meio,Coluna 1
1227,05/01/2026,Coluna do meio,Coluna 2,Coluna 1,Coluna do meio,Coluna 2,Coluna 2,Coluna do meio,Coluna 1,Coluna do meio,Coluna 1,Coluna 1,Coluna 2,Coluna 1,Coluna do meio
1226,29/12/2025,Coluna 2,Coluna 1,Coluna 1,Coluna do meio,Coluna 1,Coluna 2,Coluna 2,Coluna 2,Coluna do meio,Coluna 2,Coluna 1,Coluna 1,Coluna do meio,Coluna do meio
1225,22/12/2025,Coluna 2,Coluna 2,Coluna 1,Coluna 1,Coluna 2,Coluna 2,Coluna 2,Coluna 2,Coluna 1,Coluna 1,Coluna 1,Coluna 2,Coluna 1,Coluna 1
1224,15/12/2025,Coluna 2,Coluna 1,Coluna 1,Coluna 2,Coluna 2,Coluna 1,Coluna 2,Coluna 2,Coluna 1,Coluna 1,Coluna 2,Coluna 1,Coluna 2,Coluna 2
1223,08/12/2025,Coluna do meio,Coluna do meio,Coluna 1,Coluna 1,Coluna 2,Coluna do meio,Coluna 1,Coluna 1,Coluna do meio,Coluna 1,Coluna 2,Coluna 1,Coluna 2,Coluna 1
1222,01/12/2025,Coluna 2,Coluna 1,Coluna 2,Coluna do meio,Coluna 2,Coluna 2,Coluna 1,Coluna 2,Coluna 2,Coluna do meio,Coluna 2,Coluna do meio,Coluna 1,Coluna do meio
1221,24/11/2025,Coluna 1,Coluna do meio,Coluna 1,Coluna 2,Coluna 1,Coluna 1,Coluna do meio,Coluna 1,Coluna 1,Coluna 1,Coluna 1,Coluna 1,Coluna 2,Coluna 1
1220,17/11/2025,Coluna 1,Coluna do meio,Coluna 2,Coluna 1,Coluna 1,Coluna 1,Coluna 2,Coluna 2,Coluna 1,Coluna 2,Coluna 1,Coluna 2,Coluna 1,Coluna 1
1219,10/11/2025,Coluna 1,Coluna 2,Coluna 2,Coluna do meio,Coluna 2,Coluna 1,Coluna do meio,Coluna 2,Coluna do meio,Coluna do meio,Coluna 1,Coluna 1,Coluna do meio,Coluna do meio
1218,03/11/2025,Coluna 1,Coluna do meio,Coluna 1,Coluna 2,Coluna do meio,Coluna 1,Coluna 1,Coluna 1,Coluna 1,Coluna 2,Coluna do meio,Coluna do meio,Coluna 2,Coluna do meio
1217,27/10/2025,Coluna do meio,Coluna 1,Coluna 2,Coluna 2,Coluna 1,Coluna 2,Coluna 1,Coluna 1,Coluna 1,Coluna do meio,Coluna 1,Coluna 1,Coluna 2,Coluna do meio
1216,20/10/2025,Coluna 1,Coluna 1,Coluna 1,Coluna 2,Coluna 1,Coluna 1,Coluna 2,Coluna 1,Coluna 2,Coluna 2,Coluna do meio,Coluna 1,Coluna 1,Coluna 2
1215,13/10/2025,Coluna 1,Coluna 1,Coluna 2,Coluna 2,Coluna 1,Coluna 2,Coluna 1,Coluna 1,Coluna 1,Coluna 1,Coluna 1,Coluna 1,Coluna 1,Coluna 2
1214,06/10/2025,Coluna 2,Coluna 1,Coluna 1,Coluna do meio,Coluna 1,Coluna 1,Coluna 2,Coluna 1,Coluna 1,Coluna 2,Coluna 1,Coluna do meio,Coluna 1,Coluna 1
1213,29/09/2025,Coluna 2,Coluna 1,Coluna do meio,Coluna 1,Coluna 1,Coluna 1,Coluna 1,Coluna 1,Coluna 1,Coluna 1,Coluna 2,Coluna 2,Coluna do meio,Coluna 1
1212,22/09/2025,Coluna do meio,Coluna 2,Coluna do meio,Coluna do meio,Coluna 1,Coluna 2,Coluna 1,Coluna 1,Coluna 1,Coluna 2,Coluna 1,Coluna 1,Coluna 1,Coluna 1
1211,15/09/2025,Coluna 1,Coluna 1,Coluna 2,Coluna 1,Coluna 1,Coluna 2,Coluna do meio,Coluna do meio,Coluna do meio,Coluna 2,Coluna 1,Coluna do meio,Coluna 1,Coluna 1
1210,08/09/2025,Coluna 2,Coluna 2,Coluna 1,Coluna 2,Coluna 1,Coluna 1,Coluna 2,Coluna do meio,Coluna do meio,Coluna 1,Coluna 1,Coluna 2,Coluna 1,Coluna 1
1209,01/09/2025,Coluna do meio,Coluna 2,Coluna 1,Coluna 1,Coluna 1,Coluna 1,Coluna do meio,Coluna 1,Coluna 1,Coluna 2,Coluna 1,Coluna 1,Coluna 2,Coluna 2
1208,25/08/2025,Coluna 1,Coluna do meio,Coluna 1,Coluna 1,Coluna 2,Coluna do meio,Coluna 2,Coluna 2,Coluna 1,Coluna do meio,Coluna 1,Coluna 2,Coluna 2,Coluna 1
1207,18/08/2025,Coluna 2,Coluna do meio,Coluna 1,Coluna 1,Coluna do meio,Coluna 1,Coluna do meio,Coluna do meio,Coluna 2,Coluna 2,Coluna 1,Coluna 2,Coluna 2,Coluna 2
1206,11/08/2025,Coluna 1,Coluna 2,Coluna 1,Coluna 1,Coluna 2,Coluna do meio,Coluna 2,Coluna do meio,Coluna 1,Coluna 1,Coluna do meio,Coluna 1,Coluna 2,Coluna 2
1205,04/08/2025,Coluna do meio,Coluna do meio,Coluna do meio,Coluna 1,Coluna 1,Coluna do meio,Coluna 1,Coluna do meio,Coluna 1,Coluna 2,Coluna do meio,Coluna 1,Coluna do meio,Coluna 2
1204,28/07/2025,Coluna 1,Coluna 1,Coluna do meio,Coluna do meio,Coluna do meio,Coluna 1,Coluna 1,Coluna do meio,Coluna 2,Coluna 1,Coluna 1,Coluna do meio,Coluna do meio,Coluna do meio
1203,21/07/2025,Coluna 1,Coluna do meio,Coluna 1,Coluna do meio,Coluna 1,Coluna 2,Coluna do meio,Coluna 1,Coluna 1,Coluna 1,Coluna 1,Coluna 2,Coluna 1,Coluna 2
1202,14/07/2025,Coluna 1,Coluna 1,Coluna 1,Coluna 1,Coluna do meio,Coluna 2,Coluna 2,Coluna 1,Coluna do meio,Coluna do meio,Coluna 2,Coluna 1,Coluna 1,Coluna 2
1201,07/07/2025,Coluna do meio,Coluna do meio,Coluna 1,Coluna do meio,Coluna do meio,Coluna do meio,Coluna do meio,Coluna 2,Coluna 2,Coluna 2,Coluna 1,Coluna do meio,Coluna do meio,Coluna 2
1200,30/06/2025,Coluna 2,Coluna 1,Coluna 2,Coluna 1,Coluna 2,Coluna 1,Coluna 2,Coluna 1,Coluna do meio,Coluna 2,Coluna 1,Coluna 2,Coluna 2,Coluna do meio
1199,26/06/2025,Coluna do meio,Coluna 1,Coluna 2,Coluna 2,Coluna 1,Coluna 1,Coluna do meio,Coluna 2,Coluna 1,Coluna do meio,Coluna do meio,Coluna 2,Coluna do meio,Coluna 1
1198,23/06/2025,Coluna 1,Coluna do meio,Coluna 2,Coluna do meio,Coluna 1,Coluna 2,Coluna 1,Coluna do meio,Coluna 1,Coluna 1,Coluna 1,Coluna 1,Coluna 1,Coluna 1
1197,20/06/2025,Coluna do meio,Coluna do meio,Coluna do meio,Coluna 1,Coluna 1,Coluna 2,Coluna 2,Coluna 2,Coluna 2,Coluna 1,Coluna 2,Coluna 1,Coluna 2,Coluna 2
1196,16/06/2025,Coluna do meio,Coluna 1,Coluna do meio,Coluna do meio,Coluna 1,Coluna do meio,Coluna 1,Coluna 1,Coluna 1,Coluna 1,Coluna do meio,Coluna 1,Coluna 1,Coluna 1
1195,12/06/2025,Coluna 1,Coluna 1,Coluna 1,Coluna 1,Coluna 1,Coluna 1,Coluna 1,Coluna do meio,Coluna 1,Coluna do meio,Coluna do meio,Coluna 1,Coluna do meio,Coluna 1
1194,09/06/2025,Coluna 2,Coluna 2,Coluna 1,Coluna 2,Coluna 2,Coluna do meio,Coluna 1,Coluna 2,Coluna 1,Coluna 1,Coluna 1,Coluna 2,Coluna do meio,Coluna 1
1193,02/06/2025,Coluna 1,Coluna 1,Coluna do meio,Coluna 2,Coluna 2,Coluna 2,Coluna 1,Coluna 1,Coluna 2,Coluna 2,Coluna 1,Coluna do meio,Coluna 2,Coluna do meio
1192,29/05/2025,Coluna 1,Coluna do meio,Coluna 1,Coluna 1,Coluna 1,Coluna do meio,Coluna 1,Coluna 1,Coluna 1,Coluna 1,Coluna 1,Coluna 1,Coluna 1,Coluna do meio
1191,26/05/2025,Coluna 2,Coluna 2,Coluna 1,Coluna do meio,Coluna 1,Coluna do meio,Coluna do meio,Coluna 2,Coluna 2,Coluna 1,Coluna 1,Coluna 2,Coluna 2,Coluna 2
1190,22/05/2025,Coluna 1,Coluna do meio,Coluna 1,Coluna 2,Coluna do meio,Coluna 1,Coluna do meio,Coluna do meio,Coluna 2,Coluna 1,Coluna 2,Coluna do meio,Coluna 1,Coluna 1
1189,19/05/2025,Coluna 1,Coluna 1,Coluna 1,Coluna 1,Coluna 1,Coluna 2,Coluna do meio,Coluna 1,Coluna 1,Coluna do meio,Coluna do meio,Coluna do meio,Coluna do meio,Coluna 2
1188,15/05/2025,Coluna do meio,Coluna do meio,Coluna 2,Coluna 1,Coluna 1,Coluna 1,Coluna 1,Coluna 1,Coluna do meio,Coluna 1,Coluna 1,Coluna 1,Coluna 1,Coluna do meio
1187,12/05/2025,Coluna 1,Coluna do meio,Coluna 1,Coluna 1,Coluna do meio,Coluna 1,Coluna 1,Coluna 1,Coluna 1,Coluna 1,Coluna 2,Coluna 1,Coluna 1,Coluna 1
1186,08/05/2025,Coluna 2,Coluna do meio,Coluna 2,Coluna do meio,Coluna do meio,Coluna 1,Coluna 2,Coluna 2,Coluna 1,Coluna 2,Coluna 2,Coluna 2,Coluna 2,Coluna do meio
1185,05/05/2025,Coluna 1,Coluna 1,Coluna 1,Coluna 1,Coluna 1,Coluna do meio,Coluna 1,Coluna do meio,Coluna 2,Coluna 1,Coluna 1,Coluna 1,Coluna 1,Coluna do meio
1184,02/05/2025,Coluna 1,Coluna do meio,Coluna do meio,Coluna 1,Coluna 1,Coluna 2,Coluna 2,Coluna 1,Coluna 2,Coluna do meio,Coluna do meio,Coluna 2,Coluna 1,Coluna 1
1183,28/04/2025,Coluna 1,Coluna 1,Coluna 1,Coluna do meio,Coluna do meio,Coluna 1,Coluna do meio,Coluna 1,Coluna 1,Coluna do meio,Coluna 2,Coluna 1,Coluna 2,Coluna 1
1182,24/04/2025,Coluna do meio,Coluna do meio,Coluna do meio,Coluna do meio,Coluna do meio,Coluna 2,Coluna 2,Coluna do meio,Coluna do meio,Coluna do meio,Coluna do meio,Coluna 2,Coluna do meio,Coluna 1
1181,22/04/2025,Coluna do meio,Coluna 1,Coluna 1,Coluna 1,Coluna 1,Coluna do meio,Coluna 2,Coluna 1,Coluna 1,Coluna 1,Coluna do meio,Coluna 1,Coluna do meio,Coluna 1
1180,17/04/2025,Coluna do meio,Coluna 1,Coluna 1,Coluna 2,Coluna do meio,Coluna 1,Coluna 2,Coluna 2,Coluna 2,Coluna 1,Coluna do meio,Coluna 1,Coluna 1,Coluna 1
1179,14/04/2025,Coluna 1,Coluna 1,Coluna 1,Coluna 2,Coluna do meio,Coluna 1,Coluna 1,Coluna do meio,Coluna 2,Coluna do meio,Coluna do meio,Coluna 1,Coluna do meio,Coluna do meio
1178,10/04/2025,Coluna 2,Coluna do meio,Coluna 1,Coluna 1,Coluna 1,Coluna do meio,Coluna do meio,Coluna 2,Coluna 1,Coluna 1,Coluna 2,Coluna do meio,Coluna 1,Coluna 2
1177,07/04/2025,Coluna 1,Coluna 1,Coluna do meio,Coluna do meio,Coluna 1,Coluna do meio,Coluna 1,Coluna do meio,Coluna 2,Coluna 1,Coluna 2,Coluna do meio,Coluna do meio,Coluna do meio
1176,03/04/2025,Coluna 2,Coluna 2,Coluna 1,Coluna 1,Coluna 2,Coluna do meio,Coluna 2,Coluna do meio,Coluna 2,Coluna do meio,Coluna 2,Coluna 2,Coluna 1,Coluna 2
1175,31/03/2025,Coluna 1,Coluna do meio,Coluna 2,Coluna do meio,Coluna do meio,Coluna 1,Coluna 1,Coluna 1,Coluna do meio,Coluna do meio,Coluna do meio,Coluna 1,Coluna 1,Coluna do meio
1174,24/03/2025,Coluna do meio,Coluna 1,Coluna 2,Coluna 2,Coluna do meio,Coluna 2,Coluna 2,Coluna 1,Coluna do meio,Coluna do meio,Coluna 1,Coluna 1,Coluna do meio,Coluna 1
1173,17/03/2025,Coluna do meio,Coluna 1,Coluna 1,Coluna 2,Coluna 1,Coluna 2,Coluna 1,Coluna 1,Coluna do meio,Coluna do meio,Coluna 1,Coluna 1,Coluna 2,Coluna 2
1172,10/03/2025,Coluna 1,Coluna do meio,Coluna 1,Coluna do meio,Coluna 2,Coluna 1,Coluna 1,Coluna 1,Coluna do meio,Coluna do meio,Coluna 1,Coluna do meio,Coluna 2,Coluna 2
1171,05/03/2025,Coluna 1,Coluna 1,Coluna do meio,Coluna 2,Coluna 2,Coluna 2,Coluna 1,Coluna 1,Coluna 1,Coluna 1,Coluna 1,Coluna 1,Coluna 2,Coluna 2
1170,24/02/2025,Coluna do meio,Coluna 2,Coluna 1,Coluna 2,Coluna 2,Coluna 1,Coluna 1,Coluna 1,Coluna 2,Coluna do meio,Coluna 2,Coluna 1,Coluna 2,Coluna 2
1169,17/02/2025,Coluna do meio,Coluna 2,Coluna 1,Coluna 2,Coluna do meio,Coluna 2,Coluna 2,Coluna 1,Coluna do meio,Coluna do meio,Coluna do meio,Coluna 2,Coluna 1,Coluna 1
1168,10/02/2025,Coluna do meio,Coluna 2,Coluna 1,Coluna do meio,Coluna do meio,Coluna 2,Coluna 2,Coluna 1,Coluna 2,Coluna 1,Coluna do meio,Coluna do meio,Coluna 1,Coluna 1
1167,03/02/2025,Coluna 2,Coluna do meio,Coluna do meio,Coluna 1,Coluna 2,Coluna do meio,Coluna 2,Coluna 1,Coluna 1,Coluna 1,Coluna 2,Coluna 1,Coluna 1,Coluna do meio
1166,27/01/2025,Coluna 1,Coluna do meio,Coluna 1,Coluna 2,Coluna 1,Coluna 2,Coluna 2,Coluna 1,Coluna 2,Coluna 2,Coluna do meio,Coluna 1,Coluna 1,Coluna 1
1165,20/01/2025,Coluna 1,Coluna 2,Coluna 1,Coluna 2,Coluna 1,Coluna 1,Coluna do meio,Coluna do meio,Coluna 2,Coluna 1,Coluna 1,Coluna 1,Coluna do meio,Coluna 2
1164,13/01/2025,Coluna 2,Coluna do meio,Coluna 1,Coluna do meio,Coluna do meio,Coluna do meio,Coluna do meio,Coluna 1,Coluna 1,Coluna do meio,Coluna do meio,Coluna 1,Coluna 2,Coluna do meio
1163,16/12/2024,Coluna 2,Coluna do meio,Coluna 1,Coluna 2,Coluna 1,Coluna 1,Coluna 2,Coluna 1,Coluna do meio,Coluna do meio,Coluna 2,Coluna 2,Coluna 1,Coluna 1
1162,09/12/2024,Coluna do meio,Coluna 2,Coluna 1,Coluna 2,Coluna 1,Coluna 2,Coluna 1,Coluna 2,Coluna 1,Coluna 2,Coluna 2,Coluna 1,Coluna 1,Coluna 1
1161,02/12/2024,Coluna 2,Coluna 2,Coluna 2,Coluna do meio,Coluna do meio,Coluna 1,Coluna 2,Coluna 1,Coluna 1,Coluna 1,Coluna do meio,Coluna do meio,Coluna 1,Coluna do meio
1160,25/11/2024,Coluna 2,Coluna do meio,Coluna do meio,Coluna do meio,Coluna 1,Coluna do meio,Coluna 1,Coluna 1,Coluna 1,Coluna 1,Coluna 1,Coluna do meio,Coluna do meio,Coluna 1
1159,18/11/2024,Coluna 2,Coluna do meio,Coluna 1,Coluna 2,Coluna do meio,Coluna 1,Coluna 2,Coluna 2,Coluna 1,Coluna 2,Coluna 1,Coluna 1,Coluna do meio,Coluna 2
1158,11/11/2024,Coluna 2,Coluna 2,Coluna do meio,Coluna do meio,Coluna 2,Coluna 2,Coluna 1,Coluna 1,Coluna 1,Coluna do meio,Coluna 1,Coluna do meio,Coluna do meio,Coluna do meio
1157,04/11/2024,Coluna 1,Coluna do meio,Coluna 1,Coluna 2,Coluna 1,Coluna 2,Coluna 2,Coluna do meio,Coluna 2,Coluna 1,Coluna 1,Coluna do meio,Coluna 1,Coluna 2
1156,28/10/2024,Coluna do meio,Coluna 1,Coluna 1,Coluna 1,Coluna 1,Coluna 1,Coluna 1,Coluna 2,Coluna 2,Coluna do meio,Coluna 2,Coluna do meio,Coluna do meio,Coluna 1
1155,21/10/2024,Coluna do meio,Coluna 1,Coluna 2,Coluna 1,Coluna 2,Coluna 1,Coluna 2,Coluna do meio,Coluna do meio,Coluna 1,Coluna 2,Coluna 1,Coluna 2,Coluna 2
1154,14/10/2024,Coluna 1,Coluna 2,Coluna 2,Coluna 1,Coluna do meio,Coluna 1,Coluna 1,Coluna 1,Coluna do meio,Coluna 1,Coluna 2,Coluna 2,Coluna 1,Coluna 1
1153,07/10/2024,Coluna 2,Coluna do meio,Coluna 2,Coluna do meio,Coluna 1,Coluna 1,Coluna 1,Coluna 1,Coluna 1,Coluna 2,Coluna 1,Coluna do meio,Coluna 1,Coluna do meio
1152,30/09/2024,Coluna 1,Coluna 1,Coluna 1,Coluna do meio,Coluna do meio,Coluna do meio,Coluna 1,Coluna 1,Coluna 1,Coluna 1,Coluna do meio,Coluna 1,Coluna do meio,Coluna 1
1151,23/09/2024,Coluna 2,Coluna 1,Coluna 1,Coluna 2,Coluna 2,Coluna 1,Coluna 1,Coluna 2,Coluna 1,Coluna 1,Coluna 2,Coluna do meio,Coluna do meio,Coluna 1
1150,16/09/2024,Coluna do meio,Coluna 2,Coluna 1,Coluna do meio,Coluna do meio,Coluna 1,Coluna 1,Coluna do meio,Coluna 1,Coluna 1,Coluna 2,Coluna 1,Coluna 1,Coluna 1
1149,09/09/2024,Coluna 2,Coluna 1,Coluna do meio,Coluna 2,Coluna 1,Coluna do meio,Coluna 1,Coluna 1,Coluna 2,Coluna 1,Coluna 1,Coluna 1,Coluna do meio,Coluna do meio
1148,02/09/2024,Coluna 1,Coluna 2,Coluna 1,Coluna 1,Coluna 1,Coluna 2,Coluna do meio,Coluna 2,Coluna 2,Coluna do meio,Coluna 1,Coluna 2,Coluna 1,Coluna 2
1147,30/08/2024,Coluna 2,Coluna 1,Coluna 1,Coluna 1,Coluna do meio,Coluna do meio,Coluna 2,Coluna 1,Coluna do meio,Coluna 2,Coluna 1,Coluna do meio,Coluna 1,Coluna 1
1146,26/08/2024,Coluna 1,Coluna 1,Coluna do meio,Coluna 1,Coluna 1,Coluna 2,Coluna do meio,Coluna 2,Coluna 1,Coluna 1,Coluna do meio,Coluna 1,Coluna 1,Coluna 1
1145,23/08/2024,Coluna do meio,Coluna 1,Coluna 1,Coluna 1,Coluna 2,Coluna 2,Coluna do meio,Coluna 1,Coluna 2,Coluna 1,Coluna 1,Coluna 2,Coluna 1,Coluna 1
1144,19/08/2024,Coluna 1,Coluna do meio,Coluna 2,Coluna 2,Coluna 2,Coluna 2,Coluna do meio,Coluna 2,Coluna 2,Coluna 1,Coluna do meio,Coluna 1,Coluna 2,Coluna do meio
1143,16/08/2024,Coluna 1,Coluna 1,Coluna 1,Coluna do meio,Coluna 2,Coluna 1,Coluna do meio,Coluna 1,Coluna 2,Coluna do meio,Coluna 1,Coluna 2,Coluna 1,Coluna 1
1142,12/08/2024,Coluna 1,Coluna 1,Coluna 1,Coluna 2,Coluna do meio,Coluna do meio,Coluna 1,Coluna do meio,Coluna 1,Coluna 1,Coluna do meio,Coluna 1,Coluna do meio,Coluna do meio
1141,09/08/2024,Coluna do meio,Coluna 1,Coluna 1,Coluna do meio,Coluna 1,Coluna 1,Coluna do meio,Coluna 1,Coluna 1,Coluna 2,Coluna 1,Coluna 1,Coluna do meio,Coluna do meio
1140,05/08/2024,Coluna 1,Coluna 1,Coluna 1,Coluna do meio,Coluna 2,Coluna 1,Coluna 1,Coluna 2,Coluna do meio,Coluna 1,Coluna 1,Coluna do meio,Coluna 1,Coluna 1
1139,02/08/2024,Coluna 1,Coluna 1,Coluna 1,Coluna do meio,Coluna do meio,Coluna 1,Coluna do meio,Coluna 1,Coluna 2,Coluna 1,Coluna 1,Coluna do meio,Coluna do meio,Coluna 1
1138,29/07/2024,Coluna 2,Coluna 1,Coluna 1,Coluna 1,Coluna 2,Coluna 2,Coluna 1,Coluna 2,Coluna 1,Coluna 1,Coluna do meio,Coluna do meio,Coluna 1,Coluna 2
1137,26/07/2024,Coluna 1,Coluna do meio,Coluna do meio,Coluna do meio,Coluna 1,Coluna do meio,Coluna 1,Coluna do meio,Coluna 2,Coluna 1,Coluna do meio,Coluna 2,Coluna do meio,Coluna 1
1136,22/07/2024,Coluna 1,Coluna 1,Coluna 1,Coluna 1,Coluna 1,Coluna 1,Coluna 1,Coluna 2,Coluna 2,Coluna 1,Coluna do meio,Coluna 1,Coluna do meio,Coluna 2
1135,19/07/2024,Coluna 1,Coluna do meio,Coluna 1,Coluna 1,Coluna 2,Coluna 1,Coluna 1,Coluna 1,Coluna do meio,Coluna 1,Coluna do meio,Coluna do meio,Coluna 1,Coluna do meio
1134,15/07/2024,Coluna do meio,Coluna 2,Coluna 1,Coluna do meio,Coluna 1,Coluna 1,Coluna 1,Coluna 1,Coluna 1,Coluna 1,Coluna 2,Coluna do meio,Coluna 2,Coluna 1
1133,12/07/2024,Coluna 1,Coluna do meio,Coluna 1,Coluna 2,Coluna 2,Coluna 2,Coluna 1,Coluna 2,Coluna 1,Coluna do meio,Coluna 2,Coluna 1,Coluna 1,Coluna 2
1132,08/07/2024,Coluna 1,Coluna 2,Coluna do meio,Coluna 1,Coluna do meio,Coluna 1,Coluna 1,Coluna 1,Coluna 1,Coluna 2,Coluna 2,Coluna 1,Coluna 2,Coluna 1
1131,05/07/2024,Coluna do meio,Coluna 1,Coluna do meio,Coluna 1,Coluna 2,Coluna 1,Coluna 1,Coluna 1,Coluna 2,Coluna 2,Coluna 1,Coluna do meio,Coluna 1,Coluna do meio
1130,01/07/2024,Coluna do meio,Coluna do meio,Coluna do meio,Coluna do meio,Coluna 1,Coluna do meio,Coluna 1,Coluna 1,Coluna do meio,Coluna 1,Coluna 1,Coluna 2,Coluna do meio,Coluna do meio
1129,27/06/2024,Coluna 1,Coluna 2,Coluna do meio,Coluna do meio,Coluna 1,Coluna 1,Coluna 2,Coluna 1,Coluna do meio,Coluna do meio,Coluna 1,Coluna 1,Coluna 1,Coluna 2
1128,24/06/2024,Coluna 2,Coluna 1,Coluna 1,Coluna do meio,Coluna do meio,Coluna 1,Coluna do meio,Coluna 1,Coluna 2,Coluna 2,Coluna do meio,Coluna 1,Coluna 1,Coluna 1
1127,20/06/2024,Coluna do meio,Coluna do meio,Coluna do meio,Coluna do meio,Coluna 2,Coluna 1,Coluna 1,Coluna 1,Coluna 2,Coluna 1,Coluna 1,Coluna 1,Coluna do meio,Coluna 1
1126,17/06/2024,Coluna do meio,Coluna 1,Coluna 2,Coluna 1,Coluna 2,Coluna 1,Coluna do meio,Coluna 1,Coluna do meio,Coluna 1,Coluna 2,Coluna do meio,Coluna do meio,Coluna 1
1125,14/06/2024,Coluna do meio,Coluna do meio,Coluna do meio,Coluna 1,Coluna 1,Coluna 1,Coluna 2,Coluna 1,Coluna 1,Coluna 1,Coluna 1,Coluna do meio,Coluna 2,Coluna 1
1124,10/06/2024,Coluna 2,Coluna 1,Coluna 1,Coluna 2,Coluna 2,Coluna do meio,Coluna 1,Coluna 2,Coluna do meio,Coluna do meio,Coluna 1,Coluna 1,Coluna 1,Coluna 1
1123,06/06/2024,Coluna 1,Coluna 1,Coluna do meio,Coluna 1,Coluna 2,Coluna 2,Coluna 1,Coluna 1,Coluna 1,Coluna 1,Coluna 1,Coluna 1,Coluna do meio,Coluna 2
1122,03/06/2024,Coluna 2,Coluna 2,Coluna 2,Coluna do meio,Coluna 2,Coluna do meio,Coluna 2,Coluna do meio,Coluna 2,Coluna 2,Coluna do meio,Coluna 1,Coluna 1,Coluna 2
1121,31/05/2024,Coluna 1,Coluna 1,Coluna do meio,Coluna 1,Coluna 1,Coluna 1,Coluna do meio,Coluna 2,Coluna 1,Coluna 1,Coluna 1,Coluna do meio,Coluna 2,Coluna 1
1120,27/05/2024,Coluna 2,Coluna 1,Coluna do meio,Coluna 2,Coluna 1,Coluna 2,Coluna do meio,Coluna do meio,Coluna 1,Coluna do meio,Coluna do meio,Coluna 2,Coluna 1,Coluna do meio
1119,23/05/2024,Coluna do meio,Coluna do meio,Coluna 1,Coluna 1,Coluna do meio,Coluna 2,Coluna 1,Coluna 1,Coluna 1,Coluna 1,Coluna 2,Coluna 1,Coluna do meio,Coluna 2
1118,20/05/2024,Coluna 1,Coluna 2,Coluna 2,Coluna 1,Coluna do meio,Coluna 1,Coluna 2,Coluna do meio,Coluna 1,Coluna 1,Coluna do meio,Coluna 2,Coluna 1,Coluna do meio
1117,16/05/2024,Coluna 1,Coluna 1,Coluna 1,Coluna 1,Coluna 1,Coluna 2,Coluna do meio,Coluna 1,Coluna do meio,Coluna do meio,Coluna 1,Coluna do meio,Coluna 2,Coluna 1
1116,13/05/2024,Coluna 1,Coluna 1,Coluna 1,Coluna 1,Coluna 1,Coluna 2,Coluna 1,Coluna 2,Coluna do meio,Coluna 1,Coluna 2,Coluna 1,Coluna 1,Coluna 2
1115,09/05/2024,Coluna 1,Coluna 2,Coluna 2,Coluna 1,Coluna do meio,Coluna 1,Coluna do meio,Coluna 2,Coluna do meio,Coluna 1,Coluna 1,Coluna 1,Coluna 2,Coluna 2
1114,06/05/2024,Coluna do meio,Coluna do meio,Coluna do meio,Coluna 1,Coluna do meio,Coluna 2,Coluna 2,Coluna do meio,Coluna do meio,Coluna 2,Coluna 1,Coluna 2,Coluna 2,Coluna 2
1113,02/05/2024,Coluna do meio,Coluna 1,Coluna do meio,Coluna do meio,Coluna 1,Coluna 2,Coluna 2,Coluna 1,Coluna 2,Coluna do meio,Coluna 1,Coluna 2,Coluna 2,Coluna 1
1112,29/04/2024,Coluna 2,Coluna 2,Coluna do meio,Coluna 2,Coluna do meio,Coluna 1,Coluna 2,Coluna 1,Coluna 1,Coluna 1,Coluna 1,Coluna do meio,Coluna do meio,Coluna do meio
1111,25/04/2024,Coluna 1,Coluna 2,Coluna do meio,Coluna 1,Coluna do meio,Coluna 1,Coluna 1,Coluna 1,Coluna 1,Coluna 2,Coluna 1,Coluna 1,Coluna 2,Coluna 2
1110,22/04/2024,Coluna do meio,Coluna 1,Coluna 1,Coluna 1,Coluna 2,Coluna do meio,Coluna 1,Coluna 1,Coluna 1,Coluna 1,Coluna do meio,Coluna do meio,Coluna 2,Coluna 1
1109,18/04/2024,Coluna 1,Coluna 2,Coluna 1,Coluna 2,Coluna 1,Coluna 1,Coluna do meio,Coluna 1,Coluna 1,Coluna 1,Coluna do meio,Coluna do meio,Coluna 2,Coluna 1
1108,15/04/2024,Coluna do meio,Coluna do meio,Coluna 1,Coluna 2,Coluna do meio,Coluna 2,Coluna do meio,Coluna do meio,Coluna 1,Coluna 1,Coluna 1,Coluna 2,Coluna 1,Coluna 2
1107,11/04/2024,Coluna 2,Coluna 2,Coluna 1,Coluna do meio,Coluna 1,Coluna 1,Coluna 1,Coluna 1,Coluna do meio,Coluna 1,Coluna 1,Coluna 1,Coluna 1,Coluna 1
1106,08/04/2024,Coluna 1,Coluna 1,Coluna do meio,Coluna do meio,Coluna do meio,Coluna 1,Coluna 1,Coluna do meio,Coluna do meio,Coluna 2,Coluna do meio,Coluna 1,Coluna 1,Coluna 2
1105,04/04/2024,Coluna do meio,Coluna do meio,Coluna 1,Coluna do meio,Coluna 2,Coluna 1,Coluna 1,Coluna do meio,Coluna 2,Coluna do meio,Coluna 1,Coluna 2,Coluna do meio,Coluna do meio
1104,01/04/2024,Coluna do meio,Coluna 2,Coluna 2,Coluna 2,Coluna do meio,Coluna 2,Coluna 1,Coluna do meio,Coluna do meio,Coluna 1,Coluna 1,Coluna 1,Coluna 1,Coluna 1
1103,25/03/2024,Coluna 2,Coluna do meio,Coluna do meio,Coluna 2,Coluna do meio,Coluna 2,Coluna 2,Coluna 1,Coluna 2,Coluna 2,Coluna do meio,Coluna 1,Coluna do meio,Coluna do meio
1102,18/03/2024,Coluna do meio,Coluna 1,Coluna do meio,Coluna do meio,Coluna do meio,Coluna 1,Coluna 1,Coluna 2,Coluna 1,Coluna 1,Coluna do meio,Coluna do meio,Coluna 1,Coluna 1
1101,11/03/2024,Coluna 2,Coluna do meio,Coluna do meio,Coluna 2,Coluna do meio,Coluna do meio,Coluna 1,Coluna 2,Coluna 2,Coluna 1,Coluna 1,Coluna 2,Coluna do meio,Coluna 1
1100,04/03/2024,Coluna do meio,Coluna 2,Coluna 2,Coluna 2,Coluna 1,Coluna 1,Coluna 1,Coluna 2,Coluna 1,Coluna do meio,Coluna do meio,Coluna 1,Coluna 1,Coluna 2
1099,26/02/2024,Coluna 1,Coluna 2,Coluna 1,Coluna do meio,Coluna 1,Coluna 1,Coluna 1,Coluna 2,Coluna 2,Coluna do meio,Coluna 1,Coluna 1,Coluna do meio,Coluna 2
1098,19/02/2024,Coluna do meio,Coluna 2,Coluna 2,Coluna do meio,Coluna 1,Coluna do meio,Coluna 2,Coluna 2,Coluna 1,Coluna do meio,Coluna 1,Coluna do meio,Coluna 2,Coluna 1
1097,14/02/2024,Coluna 1,Coluna 1,Coluna 2,Coluna 1,Coluna 1,Coluna do meio,Coluna do meio,Coluna 2,Coluna 2,Coluna 2,Coluna 1,Coluna 1,Coluna 1,Coluna do meio
1096,05/02/2024,Coluna do meio,Coluna 2,Coluna 2,Coluna 2,Coluna do meio,Coluna 1,Coluna do meio,Coluna 1,Coluna do meio,Coluna 1,Coluna do meio,Coluna 1,Coluna do meio,Coluna do meio
1095,29/01/2024,Coluna 1,Coluna 2,Coluna 1,Coluna do meio,Coluna 1,Coluna do meio,Coluna 1,Coluna do meio,Coluna 2,Coluna 1,Coluna 1,Coluna 1,Coluna 1,Coluna do meio
1094,22/01/2024,Coluna 1,Coluna 1,Coluna 1,Coluna 1,Coluna 1,Coluna 2,Coluna 2,Coluna 1,Coluna do meio,Coluna 1,Coluna do meio,Coluna do meio,Coluna do meio,Coluna do meio
1093,15/01/2024,Coluna do meio,Coluna 2,Coluna 1,Coluna 1,Coluna do meio,Coluna 1,Coluna do meio,Coluna 1,Coluna 1,Coluna 2,Coluna 1,Coluna 1,Coluna 2,Coluna do meio
1092,08/01/2024,Coluna 2,Coluna do meio,Coluna do meio,Coluna 1,Coluna do meio,Coluna 2,Coluna do meio,Coluna 1,Coluna 2,Coluna do meio,Coluna 2,Coluna do meio,Coluna do meio,Coluna do meio
1091,18/12/2023,Coluna do meio,Coluna do meio,Coluna 1,Coluna 1,Coluna 1,Coluna 2,Coluna 1,Coluna 1,Coluna do meio,Coluna 1,Coluna 1,Coluna do meio,Coluna 2,Coluna 1
1090,11/12/2023,Coluna 1,Coluna 1,Coluna 1,Coluna 1,Coluna 1,Coluna 1,Coluna 1,Coluna 1,Coluna do meio,Coluna do meio,Coluna 1,Coluna do meio,Coluna do meio,Coluna 2
1089,04/12/2023,Coluna 1,Coluna 1,Coluna 2,Coluna 1,Coluna do meio,Coluna 1,Coluna 1,Coluna 2,Coluna 1,Coluna 1,Coluna 1,Coluna 1,Coluna 1,Coluna do meio
1088,27/11/2023,Coluna 1,Coluna 1,Coluna 1,Coluna 2,Coluna 1,Coluna 2,Coluna do meio,Coluna 1,Coluna do meio,Coluna do meio,Coluna 1,Coluna do meio,Coluna 2,Coluna do meio
1087,20/11/2023,Coluna 1,Coluna 1,Coluna 1,Coluna 1,Coluna do meio,Coluna 1,Coluna 2,Coluna do meio,Coluna 1,Coluna 2,Coluna do meio,Coluna 1,Coluna 1,Coluna 1
1086,13/11/2023,Coluna do meio,Coluna 1,Coluna 1,Coluna 1,Coluna 2,Coluna 1,Coluna do meio,Coluna 2,Coluna 2,Coluna do meio,Coluna 1,Coluna do meio,Coluna 1,Coluna 1
1085,06/11/2023,Coluna do meio,Coluna do meio,Coluna 2,Coluna 2,Coluna do meio,Coluna do meio,Coluna 2,Coluna 2,Coluna 1,Coluna 1,Coluna 2,Coluna 2,Coluna 2,Coluna 2
1084,30/10/2023,Coluna do meio,Coluna 1,Coluna do meio,Coluna 1,Coluna 1,Coluna 1,Coluna 2,Coluna do meio,Coluna do meio,Coluna do meio,Coluna 2,Coluna do meio,Coluna do meio,Coluna do meio
1083,23/10/2023,Coluna 2,Coluna 1,Coluna 2,Coluna 1,Coluna do meio,Coluna 1,Coluna do meio,Coluna 2,Coluna 2,Coluna 1,Coluna 1,Coluna 1,Coluna 2,Coluna 1
1082,16/10/2023,Coluna 1,Coluna 2,Coluna 1,Coluna 1,Coluna do meio,Coluna do meio,Coluna do meio,Coluna do meio,Coluna 2,Coluna 2,Coluna 1,Coluna 1,Coluna 1,Coluna do meio
1081,09/10/2023,Coluna do meio,Coluna do meio,Coluna 2,Coluna do meio,Coluna 1,Coluna do meio,Coluna 1,Coluna 2,Coluna 1,Coluna 2,Coluna 1,Coluna 1,Coluna do meio,Coluna 1
1080,02/10/2023,Coluna 1,Coluna 1,Coluna 1,Coluna do meio,Coluna 1,Coluna 1,Coluna do meio,Coluna 1,Coluna 2,Coluna do meio,Coluna 1,Coluna do meio,Coluna 2,Coluna 2
1079,25/09/2023,Coluna do meio,Coluna 2,Coluna 1,Coluna do meio,Coluna 1,Coluna do meio,Coluna 2,Coluna 2,Coluna 1,Coluna 1,Coluna do meio,Coluna 1,Coluna 1,Coluna 1
1078,18/09/2023,Coluna 2,Coluna 1,Coluna 1,Coluna 1,Coluna do meio,Coluna 1,Coluna 1,Coluna 1,Coluna 1,Coluna 1,Coluna 1,Coluna 1,Coluna 1,Coluna 1
1077,11/09/2023,Coluna do meio,Coluna do meio,Coluna 2,Coluna do meio,Coluna 2,Coluna 1,Coluna do meio,Coluna 1,Coluna 2,Coluna 2,Coluna 1,Coluna 1,Coluna 1,Coluna 1
1076,04/09/2023,Coluna 2,Coluna 2,Coluna do meio,Coluna do meio,Coluna 1,Coluna 1,Coluna 2,Coluna do meio,Coluna 1,Coluna do meio,Coluna 1,Coluna do meio,Coluna do meio,Coluna do meio
1075,28/08/2023,Coluna do meio,Coluna 1,Coluna 1,Coluna do meio,Coluna 1,Coluna do meio,Coluna 1,Coluna do meio,Coluna 1,Coluna 2,Coluna do meio,Coluna do meio,Coluna 1,Coluna 1
1074,21/08/2023,Coluna do meio,Coluna 2,Coluna 1,Coluna 2,Coluna 1,Coluna do meio,Coluna 1,Coluna 1,Coluna 2,Coluna 1,Coluna do meio,Coluna do meio,Coluna do meio,Coluna 1
1073,14/08/2023,Coluna do meio,Coluna do meio,Coluna do meio,Coluna 1,Coluna 1,Coluna 2,Coluna 2,Coluna 1,Coluna 1,Coluna do meio,Coluna 1,Coluna do meio,Coluna 2,Coluna 1
1072,07/08/2023,Coluna 1,Coluna do meio,Coluna do meio,Coluna 1,Coluna 1,Coluna do meio,Coluna 1,Coluna 2,Coluna 1,Coluna do meio,Coluna 1,Coluna 2,Coluna do meio,Coluna 1
1071,31/07/2023,Coluna 2,Coluna 1,Coluna 1,Coluna 2,Coluna 2,Coluna do meio,Coluna 1,Coluna 2,Coluna do meio,Coluna 1,Coluna 2,Coluna 1,Coluna do meio,Coluna do meio
1070,24/07/2023,Coluna 1,Coluna do meio,Coluna 1,Coluna 2,Coluna 2,Coluna do meio,Coluna 1,Coluna 1,Coluna 1,Coluna 2,Coluna do meio,Coluna do meio,Coluna 2,Coluna 1
1069,17/07/2023,Coluna do meio,Coluna 1,Coluna 1,Coluna 1,Coluna 2,Coluna 1,Coluna do meio,Coluna do meio,Coluna 2,Coluna 1,Coluna 1,Coluna 1,Coluna 1,Coluna do meio
1068,10/07/2023,Coluna do meio,Coluna do meio,Coluna 2,Coluna do meio,Coluna 2,Coluna 2,Coluna 1,Coluna 2,Coluna 1,Coluna 1,Coluna do meio,Coluna 1,Coluna 2,Coluna do meio
1067,03/07/2023,Coluna 1,Coluna 1,Coluna do meio,Coluna 2,Coluna 2,Coluna 1,Coluna do meio,Coluna 2,Coluna 1,Coluna do meio,Coluna do meio,Coluna 1,Coluna 1,Coluna 1
1066,29/06/2023,Coluna 1,Coluna 1,Coluna 1,Coluna do meio,Coluna 2,Coluna do meio,Coluna 2,Coluna 1,Coluna 1,Coluna 1,Coluna 1,Coluna 2,Coluna 1,Coluna 2
1065,26/06/2023,Coluna 2,Coluna 1,Coluna do meio,Coluna 1,Coluna 1,Coluna 1,Coluna do meio,Coluna 1,Coluna 1,Coluna 1,Coluna 2,Coluna 1,Coluna 2,Coluna do meio
1064,23/06/2023,Coluna do meio,Coluna 2,Coluna 1,Coluna do meio,Coluna 2,Coluna 1,Coluna 1,Coluna 1,Coluna 2,Coluna 2,Coluna 2,Coluna 2,Coluna 1,Coluna 1
1063,19/06/2023,Coluna 1,Coluna 2,Coluna 2,Coluna 2,Coluna 1,Coluna do meio,Coluna 2,Coluna 2,Coluna do meio,Coluna 1,Coluna 2,Coluna do meio,Coluna 1,Coluna 2
1062,15/06/2023,Coluna 1,Coluna do meio,Coluna 1,Coluna 1,Coluna 2,Coluna 1,Coluna do meio,Coluna 2,Coluna 1,Coluna 1,Coluna 2,Coluna do meio,Coluna 1,Coluna 1
1061,12/06/2023,Coluna 1,Coluna do meio,Coluna 2,Coluna do meio,Coluna do meio,Coluna 1,Coluna do meio,Coluna do meio,Coluna do meio,Coluna 2,Coluna 1,Coluna 2,Coluna 1,Coluna do meio
1060,09/06/2023,Coluna 1,Coluna 2,Coluna 2,Coluna 1,Coluna 2,Coluna 1,Coluna 2,Coluna do meio,Coluna 1,Coluna 1,Coluna do meio,Coluna do meio,Coluna 1,Coluna 1
1059,05/06/2023,Coluna 2,Coluna do meio,Coluna 1,Coluna 2,Coluna 1,Coluna 1,Coluna 1,Coluna 1,Coluna do meio,Coluna 1,Coluna 1,Coluna 2,Coluna 2,Coluna 1
1058,02/06/2023,Coluna 1,Coluna 2,Coluna do meio,Coluna do meio,Coluna 1,Coluna 2,Coluna 2,Coluna 2,Coluna 1,Coluna 1,Coluna 1,Coluna 1,Coluna 2,Coluna 1
1057,29/05/2023,Coluna do meio,Coluna 2,Coluna 1,Coluna do meio,Coluna do meio,Coluna do meio,Coluna 1,Coluna 1,Coluna 2,Coluna 1,Coluna 1,Coluna 1,Coluna 1,Coluna 1
1056,25/05/2023,Coluna 1,Coluna 1,Coluna 1,Coluna 2,Coluna 2,Coluna 2,Coluna 1,Coluna 1,Coluna 2,Coluna 1,Coluna do meio,Coluna do meio,Coluna do meio,Coluna do meio
1055,22/05/2023,Coluna 1,Coluna do meio,Coluna 1,Coluna 2,Coluna 1,Coluna 2,Coluna 1,Coluna 1,Coluna do meio,Coluna 2,Coluna 1,Coluna do meio,Coluna 2,Coluna 1
1054,18/05/2023,Coluna do meio,Coluna 1,Coluna 1,Coluna do meio,Coluna do meio,Coluna 2,Coluna do meio,Coluna 2,Coluna 1,Coluna 1,Coluna 1,Coluna 1,Coluna do meio,Coluna do meio
1053,15/05/2023,Coluna do meio,Coluna 2,Coluna 2,Coluna 1,Coluna 1,Coluna do meio,Coluna 1,Coluna 1,Coluna do meio,Coluna 2,Coluna 2,Coluna 2,Coluna 1,Coluna 1
1052,12/05/2023,Coluna 1,Coluna 2,Coluna 2,Coluna do meio,Coluna 1,Coluna 2,Coluna 2,Coluna 1,Coluna 2,Coluna 1,Coluna do meio,Coluna 1,Coluna do meio,Coluna do meio
1051,08/05/2023,Coluna do meio,Coluna 1,Coluna 2,Coluna do meio,Coluna do meio,Coluna 2,Coluna do meio,Coluna 1,Coluna 1,Coluna 1,Coluna 1,Coluna 2,Coluna do meio,Coluna 1
1050,04/05/2023,Coluna 1,Coluna 1,Coluna do meio,Coluna 2,Coluna do meio,Coluna 1,Coluna 1,Coluna 2,Coluna do meio,Coluna do meio,Coluna 1,Coluna 2,Coluna 1,Coluna 2
1049,02/05/2023,Coluna 1,Coluna do meio,Coluna 1,Coluna do meio,Coluna 2,Coluna 1,Coluna 1,Coluna do meio,Coluna 2,Coluna 2,Coluna 2,Coluna 1,Coluna do meio,Coluna 2
1048,27/04/2023,Coluna 1,Coluna 1,Coluna 2,Coluna 1,Coluna 2,Coluna 1,Coluna 1,Coluna 1,Coluna 2,Coluna do meio,Coluna do meio,Coluna 1,Coluna 1,Coluna 1
1047,24/04/2023,Coluna do meio,Coluna 1,Coluna 1,Coluna 1,Coluna 2,Coluna do meio,Coluna 1,Coluna 1,Coluna 1,Coluna 1,Coluna do meio,Coluna 2,Coluna 2,Coluna 1
1046,20/04/2023,Coluna do meio,Coluna 1,Coluna 1,Coluna 1,Coluna 1,Coluna 1,Coluna 1,Coluna do meio,Coluna 1,Coluna 1,Coluna 1,Coluna 2,Coluna 1,Coluna 1
1045,17/04/2023,Coluna 1,Coluna 2,Coluna 1,Coluna do meio,Coluna 1,Coluna 1,Coluna do meio,Coluna 1,Coluna 2,Coluna 1,Coluna 1,Coluna 1,Coluna 1,Coluna 1
1044,13/04/2023,Coluna 1,Coluna 2,Coluna 1,Coluna 1,Coluna do meio,Coluna 1,Coluna 2,Coluna do meio,Coluna 1,Coluna 1,Coluna 1,Coluna 1,Coluna 1,Coluna 2
1043,10/04/2023,Coluna 1,Coluna 1,Coluna 1,Coluna 2,Coluna 1,Coluna do meio,Coluna 1,Coluna 1,Coluna 2,Coluna do meio,Coluna 1,Coluna 1,Coluna 2,Coluna do meio
1042,06/04/2023,Coluna 2,Coluna do meio,Coluna 1,Coluna 1,Coluna do meio,Coluna do meio,Coluna 2,Coluna 1,Coluna 2,Coluna 1,Coluna 1,Coluna 1,Coluna 1,Coluna 2
1041,03/04/2023,Coluna 1,Coluna 1,Coluna 1,Coluna do meio,Coluna 1,Coluna 2,Coluna 2,Coluna 1,Coluna 1,Coluna 2,Coluna 1,Coluna 1,Coluna 1,Coluna 2
1040,27/03/2023,Coluna 1,Coluna 1,Coluna 1,Coluna do meio,Coluna 1,Coluna 1,Coluna 1,Coluna 1,Coluna 1,Coluna 2,Coluna 1,Coluna do meio,Coluna 2,Coluna do meio
1039,20/03/2023,Coluna 2,Coluna 1,Coluna 1,Coluna 1,Coluna do meio,Coluna do meio,Coluna do meio,Coluna 2,Coluna 1,Coluna 1,Coluna 1,Coluna 1,Coluna 1,Coluna 2
1038,13/03/2023,Coluna 1,Coluna 1,Coluna do meio,Coluna 1,Coluna 1,Coluna do meio,Coluna do meio,Coluna 1,Coluna 2,Coluna 1,Coluna do meio,Coluna 1,Coluna do meio,Coluna 1
1037,06/03/2023,Coluna 2,Coluna 2,Coluna do meio,Coluna do meio,Coluna 2,Coluna do meio,Coluna do meio,Coluna 2,Coluna 1,Coluna do meio,Coluna 1,Coluna 2,Coluna 1,Coluna 1
1036,27/02/2023,Coluna 2,Coluna 1,Coluna 1,Coluna 2,Coluna do meio,Coluna 1,Coluna 2,Coluna 2,Coluna 1,Coluna do meio,Coluna 1,Coluna 2,Coluna 1,Coluna 1
1035,22/02/2023,Coluna 1,Coluna do meio,Coluna 1,Coluna do meio,Coluna do meio,Coluna 2,Coluna 1,Coluna do meio,Coluna 1,Coluna 1,Coluna 1,Coluna 2,Coluna 2,Coluna 2
1034,13/02/2023,Coluna 1,Coluna do meio,Coluna 2,Coluna 1,Coluna 1,Coluna 2,Coluna do meio,Coluna do meio,Coluna 2,Coluna 1,Coluna 1,Coluna 2,Coluna 1,Coluna 2
1033,06/02/2023,Coluna 1,Coluna 2,Coluna 1,Coluna 1,Coluna 1,Coluna do meio,Coluna 2,Coluna 1,Coluna 1,Coluna 1,Coluna 1,Coluna 1,Coluna do meio,Coluna 2
1032,30/01/2023,Coluna 1,Coluna do meio,Coluna do meio,Coluna 2,Coluna 1,Coluna 1,Coluna 2,Coluna do meio,Coluna 1,Coluna 1,Coluna 1,Coluna do meio,Coluna 2,Coluna 2
1031,23/01/2023,Coluna do meio,Coluna 1,Coluna 2,Coluna do meio,Coluna do meio,Coluna do meio,Coluna 1,Coluna 2,Coluna 1,Coluna do meio,Coluna do meio,Coluna 2,Coluna 1,Coluna 1
1030,16/01/2023,Coluna 1,Coluna 2,Coluna 1,Coluna 1,Coluna do meio,Coluna 1,Coluna do meio,Coluna 1,Coluna do meio,Coluna 2,Coluna 1,Coluna 1,Coluna 1,Coluna do meio
1029,09/01/2023,Coluna 2,Coluna do meio,Coluna 1,Coluna do meio,Coluna 2,Coluna 2,Coluna 1,Coluna 2,Coluna 2,Coluna 1,Coluna do meio,Coluna 2,Coluna 2,Coluna 2
1028,02/12/2022,Coluna 1,Coluna 2,Coluna 1,Coluna 2,Coluna 2,Coluna 1,Coluna 2,Coluna 2,Coluna do meio,Coluna 2,Coluna 1,Coluna 2,Coluna 1,Coluna 2
1027,28/11/2022,Coluna 1,Coluna 2,Coluna do meio,Coluna do meio,Coluna 2,Coluna 1,Coluna 1,Coluna 1,Coluna 2,Coluna 1,Coluna do meio,Coluna do meio,Coluna 2,Coluna 1
1026,24/11/2022,Coluna 1,Coluna 1,Coluna 2,Coluna do meio,Coluna 2,Coluna do meio,Coluna do meio,Coluna 1,Coluna 2,Coluna 1,Coluna 1,Coluna 1,Coluna do meio,Coluna 1
1025,14/11/2022,Coluna 2,Coluna 1,Coluna 2,Coluna 2,Coluna do meio,Coluna 1,Coluna 1,Coluna 2,Coluna 2,Coluna 1,Coluna 2,Coluna 2,Coluna 2,Coluna 1
1024,07/11/2022,Coluna 1,Coluna 2,Coluna 1,Coluna 1,Coluna 2,Coluna 2,Coluna 2,Coluna 1,Coluna do meio,Coluna 1,Coluna 1,Coluna do meio,Coluna 1,Coluna 2
1023,31/10/2022,Coluna 1,Coluna 2,Coluna 1,Coluna do meio,Coluna 2,Coluna 1,Coluna 2,Coluna 1,Coluna 2,Coluna 1,Coluna 1,Coluna 1,Coluna 1,Coluna 2
1022,24/10/2022,Coluna 2,Coluna 1,Coluna 1,Coluna 1,Coluna 1,Coluna 2,Coluna 2,Coluna 2,Coluna 2,Coluna do meio,Coluna 2,Coluna 1,Coluna do meio,Coluna 2
1021,17/10/2022,Coluna do meio,Coluna 1,Coluna 2,Coluna 2,Coluna 1,Coluna 1,Coluna 1,Coluna do meio,Coluna do meio,Coluna do meio,Coluna 2,Coluna do meio,Coluna 1,Coluna 2
1020,10/10/2022,Coluna 1,Coluna do meio,Coluna 1,Coluna 2,Coluna 2,Coluna do meio,Coluna 1,Coluna 1,Coluna 1,Coluna 1,Coluna 2,Coluna do meio,Coluna 1,Coluna 2
1019,03/10/2022,Coluna 1,Coluna 1,Coluna 2,Coluna 2,Coluna 2,Coluna do meio,Coluna 1,Coluna 1,Coluna 2,Coluna 1,Coluna 2,Coluna 1,Coluna 1,Coluna do meio
1018,26/09/2022,Coluna 1,Coluna 1,Coluna 2,Coluna 1,Coluna 2,Coluna 1,Coluna do meio,Coluna 2,Coluna 1,Coluna 1,Coluna 2,Coluna 1,Coluna 1,Coluna 1
1017,19/09/2022,Coluna 2,Coluna 1,Coluna 1,Coluna 2,Coluna 1,Coluna do meio,Coluna do meio,Coluna 1,Coluna 2,Coluna 1,Coluna 1,Coluna do meio,Coluna 1,Coluna do meio
1016,12/09/2022,Coluna do meio,Coluna do meio,Coluna 1,Coluna 1,Coluna do meio,Coluna 1,Coluna 2,Coluna do meio,Coluna do meio,Coluna 1,Coluna 1,Coluna 1,Coluna 1,Coluna do meio
1015,05/09/2022,Coluna do meio,Coluna do meio,Coluna 1,Coluna 1,Coluna do meio,Coluna 1,Coluna 1,Coluna do meio,Coluna 1,Coluna 2,Coluna do meio,Coluna 2,Coluna do meio,Coluna 2
1014,29/08/2022,Coluna do meio,Coluna do meio,Coluna 1,Coluna 1,Coluna 2,Coluna do meio,Coluna 1,Coluna do meio,Coluna do meio,Coluna 2,Coluna 1,Coluna 1,Coluna 2,Coluna do meio
1013,22/08/2022,Coluna do meio,Coluna 2,Coluna 1,Coluna 1,Coluna 2,Coluna do meio,Coluna do meio,Coluna do meio,Coluna 2,Coluna do meio,Coluna do meio,Coluna 1,Coluna do meio,Coluna 1
1012,15/08/2022,Coluna 2,Coluna do meio,Coluna 1,Coluna 1,Coluna 1,Coluna do meio,Coluna 2,Coluna 1,Coluna do meio,Coluna 2,Coluna 1,Coluna 1,Coluna 1,Coluna 1
1011,08/08/2022,Coluna 2,Coluna do meio,Coluna 2,Coluna 1,Coluna 1,Coluna 1,Coluna do meio,Coluna 1,Coluna 2,Coluna 1,Coluna 1,Coluna do meio,Coluna 1,Coluna 2
1010,01/08/2022,Coluna 1,Coluna 1,Coluna 2,Coluna 1,Coluna 1,Coluna 2,Coluna 1,Coluna 1,Coluna 1,Coluna do meio,Coluna 1,Coluna 2,Coluna 1,Coluna 1
1009,25/07/2022,Coluna 2,Coluna 1,Coluna do meio,Coluna 2,Coluna 1,Coluna 1,Coluna 1,Coluna 2,Coluna do meio,Coluna 1,Coluna 1,Coluna 1,Coluna 2,Coluna do meio
1008,18/07/2022,Coluna do meio,Coluna 1,Coluna do meio,Coluna do meio,Coluna 1,Coluna 2,Coluna 1,Coluna 1,Coluna 1,Coluna do meio,Coluna 2,Coluna 2,Coluna 2,Coluna 1
1007,11/07/2022,Coluna 1,Coluna 1,Coluna 1,Coluna 2,Coluna 1,Coluna 1,Coluna 1,Coluna do meio,Coluna 1,Coluna do meio,Coluna do meio,Coluna 1,Coluna 1,Coluna 1
1006,04/07/2022,Coluna 1,Coluna do meio,Coluna 2,Coluna do meio,Coluna 2,Coluna 2,Coluna 2,Coluna 2,Coluna do meio,Coluna do meio,Coluna do meio,Coluna 1,Coluna 1,Coluna do meio
1005,30/06/2022,Coluna do meio,Coluna do meio,Coluna 1,Coluna 1,Coluna 1,Coluna 1,Coluna 2,Coluna do meio,Coluna 2,Coluna 2,Coluna 1,Coluna do meio,Coluna do meio,Coluna 1
1004,27/06/2022,Coluna do meio,Coluna 2,Coluna 1,Coluna do meio,Coluna 1,Coluna do meio,Coluna 1,Coluna do meio,Coluna 1,Coluna do meio,Coluna 2,Coluna do meio,Coluna 1,Coluna do meio
1003,20/06/2022,Coluna 1,Coluna 2,Coluna 2,Coluna do meio,Coluna do meio,Coluna do meio,Coluna do meio,Coluna 1,Coluna 2,Coluna 2,Coluna 1,Coluna 1,Coluna 2,Coluna 1
1002,17/06/2022,Coluna do meio,Coluna 1,Coluna 2,Coluna 2,Coluna do meio,Coluna 1,Coluna 1,Coluna 2,Coluna 1,Coluna do meio,Coluna 1,Coluna 1,Coluna 1,Coluna do meio
1001,13/06/2022,Coluna 1,Coluna 2,Coluna 1,Coluna 1,Coluna 2,Coluna do meio,Coluna 2,Coluna do meio,Coluna do meio,Coluna 1,Coluna 1,Coluna 2,Coluna do meio,Coluna 1
1000,09/06/2022,Coluna 1,Coluna 2,Coluna do meio,Coluna 1,Coluna 2,Coluna 1,Coluna do meio,Coluna 1,Coluna 2,Coluna 2,Coluna 1,Coluna 1,Coluna do meio,Coluna 1
999,06/06/2022,Coluna do meio,Coluna do meio,Coluna 1,Coluna do meio,Coluna do meio,Coluna do meio,Coluna do meio,Coluna 1,Coluna 2,Coluna 1,Coluna 2,Coluna 2,Coluna 2,Coluna 2
998,03/06/2022,Coluna 2,Coluna 2,Coluna 2,Coluna do meio,Coluna 2,Coluna do meio,Coluna do meio,Coluna 1,Coluna 2,Coluna 2,Coluna 2,Coluna do meio,Coluna do meio,Coluna 2
997,30/05/2022,Coluna 2,Coluna 1,Coluna do meio,Coluna do meio,Coluna 1,Coluna do meio,Coluna 1,Coluna 2,Coluna do meio,Coluna do meio,Coluna do meio,Coluna 2,Coluna 1,Coluna 2
996,26/05/2022,Coluna 1,Coluna 1,Coluna 2,Coluna do meio,Coluna do meio,Coluna 1,Coluna 2,Coluna 1,Coluna do meio,Coluna 2,Coluna 2,Coluna 1,Coluna 1,Coluna 2
995,23/05/2022,Coluna do meio,Coluna do meio,Coluna 1,Coluna 1,Coluna 1,Coluna 1,Coluna do meio,Coluna 2,Coluna do meio,Coluna do meio,Coluna 2,Coluna 2,Coluna 2,Coluna 1
994,19/05/2022,Coluna do meio,Coluna do meio,Coluna 2,Coluna 1,Coluna do meio,Coluna 1,Coluna do meio,Coluna do meio,Coluna 1,Coluna 1,Coluna 1,Coluna 1,Coluna 1,Coluna 1
993,16/05/2022,Coluna 1,Coluna 1,Coluna do meio,Coluna do meio,Coluna 1,Coluna 1,Coluna do meio,Coluna 2,Coluna 1,Coluna 2,Coluna 1,Coluna 1,Coluna 2,Coluna 1
992,12/05/2022,Coluna do meio,Coluna 1,Coluna do meio,Coluna 1,Coluna 2,Coluna do meio,Coluna 2,Coluna 2,Coluna 1,Coluna 2,Coluna 1,Coluna 1,Coluna 2,Coluna do meio
991,09/05/2022,Coluna 2,Coluna 2,Coluna 1,Coluna 1,Coluna do meio,Coluna 2,Coluna do meio,Coluna 1,Coluna do meio,Coluna 1,Coluna 2,Coluna 1,Coluna do meio,Coluna do meio
990,05/05/2022,Coluna 1,Coluna 1,Coluna 2,Coluna 2,Coluna do meio,Coluna 1,Coluna 1,Coluna 1,Coluna do meio,Coluna do meio,Coluna 2,Coluna 1,Coluna 1,Coluna 1
989,02/05/2022,Coluna 2,Coluna 1,Coluna 1,Coluna do meio,Coluna do meio,Coluna do meio,Coluna 2,Coluna 1,Coluna do meio,Coluna do meio,Coluna 1,Coluna 1,Coluna do meio,Coluna do meio
988,28/04/2022,Coluna 1,Coluna 1,Coluna 1,Coluna 2,Coluna 1,Coluna do meio,Coluna do meio,Coluna 2,Coluna 2,Coluna 1,Coluna 2,Coluna 2,Coluna 2,Coluna 1
987,25/04/2022,Coluna 1,Coluna 1,Coluna 1,Coluna do meio,Coluna 1,Coluna 2,Coluna 1,Coluna do meio,Coluna do meio,Coluna 2,Coluna 1,Coluna 1,Coluna 2,Coluna do meio
986,22/04/2022,Coluna do meio,Coluna 2,Coluna 1,Coluna 1,Coluna 1,Coluna 2,Coluna 2,Coluna 1,Coluna 1,Coluna 1,Coluna do meio,Coluna 2,Coluna 2,Coluna do meio
985,18/04/2022,Coluna 1,Coluna do meio,Coluna do meio,Coluna do meio,Coluna 1,Coluna do meio,Coluna 2,Coluna 1,Coluna 1,Coluna 2,Coluna 2,Coluna 1,Coluna 1,Coluna 2
984,14/04/2022,Coluna 1,Coluna do meio,Coluna 2,Coluna 1,Coluna 2,Coluna 1,Coluna do meio,Coluna 1,Coluna 1,Coluna 1,Coluna do meio,Coluna 1,Coluna 1,Coluna do meio
983,11/04/2022,Coluna do meio,Coluna do meio,Coluna do meio,Coluna 1,Coluna do meio,Coluna 2,Coluna do meio,Coluna 1,Coluna 1,Coluna 1,Coluna 2,Coluna 2,Coluna 1,Coluna 1
982,07/04/2022,Coluna 2,Coluna do meio,Coluna 1,Coluna 1,Coluna 2,Coluna 1,Coluna 1,Coluna 1,Coluna 2,Coluna 1,Coluna 1,Coluna 2,Coluna 2,Coluna do meio
981,04/04/2022,Coluna 1,Coluna do meio,Coluna 1,Coluna 1,Coluna 1,Coluna do meio,Coluna 2,Coluna do meio,Coluna 1,Coluna do meio,Coluna 1,Coluna 1,Coluna 1,Coluna 1
980,28/03/2022,Coluna 2,Coluna 2,Coluna 2,Coluna 1,Coluna 2,Coluna 1,Coluna 1,Coluna 2,Coluna do meio,Coluna 1,Coluna 1,Coluna 2,Coluna do meio,Coluna 1
979,21/03/2022,Coluna 1,Coluna 1,Coluna 1,Coluna 2,Coluna 1,Coluna do meio,Coluna 1,Coluna do meio,Coluna 1,Coluna 1,Coluna do meio,Coluna 1,Coluna 1,Coluna 2
978,14/03/2022,Coluna 1,Coluna 1,Coluna 1,Coluna 1,Coluna 2,Coluna 1,Coluna 1,Coluna 2,Coluna 2,Coluna 1,Coluna 2,Coluna 2,Coluna 1,Coluna 1
977,07/03/2022,Coluna 1,Coluna 1,Coluna 2,Coluna 2,Coluna 1,Coluna 1,Coluna 1,Coluna 1,Coluna 2,Coluna 2,Coluna 2,Coluna 2,Coluna 1,Coluna 1
976,02/03/2022,Coluna 1,Coluna do meio,Coluna 1,Coluna 2,Coluna 1,Coluna 1,Coluna 1,Coluna do meio,Coluna 2,Coluna 2,Coluna do meio,Coluna 2,Coluna 1,Coluna 1
975,21/02/2022,Coluna do meio,Coluna 2,Coluna 1,Coluna 1,Coluna 1,Coluna 1,Coluna 1,Coluna 1,Coluna do meio,Coluna 2,Coluna 2,Coluna 1,Coluna do meio,Coluna 1
974,14/02/2022,Coluna 2,Coluna do meio,Coluna 2,Coluna 2,Coluna 1,Coluna do meio,Coluna 2,Coluna 2,Coluna 1,Coluna do meio,Coluna do meio,Coluna 2,Coluna do meio,Coluna do meio
973,07/02/2022,Coluna 2,Coluna 1,Coluna 2,Coluna 2,Coluna 1,Coluna 1,Coluna do meio,Coluna 2,Coluna 2,Coluna 1,Coluna 1,Coluna 2,Coluna 2,Coluna 1
972,31/01/2022,Coluna 1,Coluna do meio,Coluna 1,Coluna 1,Coluna do meio,Coluna do meio,Coluna do meio,Coluna 2,Coluna 2,Coluna do meio,Coluna do meio,Coluna 1,Coluna 2,Coluna do meio
971,24/01/2022,Coluna do meio,Coluna do meio,Coluna 2,Coluna 2,Coluna 2,Coluna 1,Coluna 2,Coluna do meio,Coluna do meio,Coluna 1,Coluna 1,Coluna 2,Coluna 1,Coluna 2
970,17/01/2022,Coluna 2,Coluna 1,Coluna do meio,Coluna 2,Coluna 1,Coluna 1,Coluna 1,Coluna do meio,Coluna 2,Coluna do meio,Coluna 1,Coluna 1,Coluna do meio,Coluna do meio
969,10/01/2022,Coluna 2,Coluna do meio,Coluna 1,Coluna 1,Coluna 2,Coluna do meio,Coluna 2,Coluna 2,Coluna do meio,Coluna 1,Coluna 2,Coluna do meio,Coluna 1,Coluna do meio
968,20/12/2021,Coluna 2,Coluna 2,Coluna 1,Coluna do meio,Coluna do meio,Coluna 1,Coluna do meio,Coluna do meio,Coluna 2,Coluna 1,Coluna 1,Coluna do meio,Coluna 1,Coluna do meio
967,13/12/2021,Coluna 1,Coluna do meio,Coluna 1,Coluna 2,Coluna 2,Coluna 1,Coluna do meio,Coluna 2,Coluna 1,Coluna 1,Coluna 1,Coluna 1,Coluna 1,Coluna 1
966,06/12/2021,Coluna 1,Coluna 2,Coluna 1,Coluna 2,Coluna 2,Coluna 1,Coluna do meio,Coluna 1,Coluna 1,Coluna 2,Coluna 1,Coluna do meio,Coluna 1,Coluna do meio
965,29/11/2021,Coluna do meio,Coluna 2,Coluna do meio,Coluna 1,Coluna 1,Coluna 1,Coluna 2,Coluna do meio,Coluna 1,Coluna 1,Coluna do meio,Coluna 1,Coluna 1,Coluna do meio
964,22/11/2021,Coluna 1,Coluna 1,Coluna 1,Coluna 2,Coluna 1,Coluna do meio,Coluna 2,Coluna 1,Coluna 1,Coluna 1,Coluna do meio,Coluna 2,Coluna do meio,Coluna 2
963,16/11/2021,Coluna 2,Coluna 1,Coluna do meio,Coluna 1,Coluna 1,Coluna 1,Coluna 1,Coluna do meio,Coluna 1,Coluna 1,Coluna 2,Coluna 1,Coluna 1,Coluna do meio
962,08/11/2021,Coluna 1,Coluna 1,Coluna 1,Coluna 1,Coluna do meio,Coluna 1,Coluna 1,Coluna 1,Coluna 2,Coluna 2,Coluna 2,Coluna do meio,Coluna 1,Coluna 1
961,01/11/2021,Coluna 1,Coluna do meio,Coluna 2,Coluna 2,Coluna 2,Coluna do meio,Coluna 1,Coluna 1,Coluna 1,Coluna 2,Coluna do meio,Coluna 2,Coluna 1,Coluna 1
960,25/10/2021,Coluna 1,Coluna 2,Coluna do meio,Coluna 1,Coluna 2,Coluna 2,Coluna do meio,Coluna do meio,Coluna 1,Coluna do meio,Coluna do meio,Coluna do meio,Coluna 1,Coluna 1
959,18/10/2021,Coluna 1,Coluna 1,Coluna 1,Coluna 2,Coluna do meio,Coluna 2,Coluna 1,Coluna 2,Coluna 1,Coluna 1,Coluna do meio,Coluna 1,Coluna do meio,Coluna do meio
958,11/10/2021,Coluna do meio,Coluna 1,Coluna do meio,Coluna 1,Coluna 1,Coluna 2,Coluna 2,Coluna 1,Coluna do meio,Coluna 2,Coluna 1,Coluna 1,Coluna 1,Coluna 1
957,04/10/2021,Coluna 1,Coluna 1,Coluna 2,Coluna 2,Coluna do meio,Coluna 2,Coluna 2,Coluna do meio,Coluna 1,Coluna do meio,Coluna do meio,Coluna do meio,Coluna 2,Coluna 2
956,27/09/2021,Coluna 1,Coluna 1,Coluna 2,Coluna 1,Coluna do meio,Coluna do meio,Coluna 2,Coluna 1,Coluna 1,Coluna 1,Coluna 1,Coluna 1,Coluna 2,Coluna do meio
955,20/09/2021,Coluna 2,Coluna 1,Coluna 2,Coluna 1,Coluna 1,Coluna do meio,Coluna do meio,Coluna 1,Coluna 2,Coluna do meio,Coluna 1,Coluna 2,Coluna do meio,Coluna do meio
954,13/09/2021,Coluna 2,Coluna 2,Coluna 1,Coluna 2,Coluna do meio,Coluna do meio,Coluna 2,Coluna 2,Coluna do meio,Coluna 1,Coluna 1,Coluna 2,Coluna do meio,Coluna 1
953,06/09/2021,Coluna 2,Coluna 2,Coluna do meio,Coluna 2,Coluna 1,Coluna 1,Coluna 1,Coluna do meio,Coluna do meio,Coluna do meio,Coluna do meio,Coluna do meio,Coluna do meio,Coluna 1
952,30/08/2021,Coluna do meio,Coluna do meio,Coluna 2,Coluna 2,Coluna 1,Coluna 1,Coluna 1,Coluna 1,Coluna do meio,Coluna do meio,Coluna do meio,Coluna 1,Coluna do meio,Coluna do meio
951,23/08/2021,Coluna do meio,Coluna 1,Coluna 1,Coluna do meio,Coluna 2,Coluna 2,Coluna 1,Coluna 2,Coluna do meio,Coluna do meio,Coluna do meio,Coluna do meio,Coluna 1,Coluna 2
950,16/08/2021,Coluna do meio,Coluna 1,Coluna 2,Coluna 1,Coluna 1,Coluna 1,Coluna 1,Coluna 1,Coluna 1,Coluna 2,Coluna 1,Coluna do meio,Coluna 1,Coluna do meio
949,09/08/2021,Coluna do meio,Coluna 2,Coluna do meio,Coluna 2,Coluna do meio,Coluna 2,Coluna 2,Coluna 1,Coluna 2,Coluna 1,Coluna do meio,Coluna 1,Coluna do meio,Coluna 2
948,02/08/2021,Coluna do meio,Coluna 1,Coluna 2,Coluna do meio,Coluna do meio,Coluna do meio,Coluna 1,Coluna 1,Coluna 1,Coluna 2,Coluna 2,Coluna 1,Coluna do meio,Coluna 1
947,26/07/2021,Coluna do meio,Coluna do meio,Coluna 1,Coluna 1,Coluna 1,Coluna 1,Coluna 1,Coluna 1,Coluna 1,Coluna 1,Coluna 1,Coluna 2,Coluna 2,Coluna do meio
946,19/07/2021,Coluna 2,Coluna 1,Coluna do meio,Coluna 2,Coluna 2,Coluna 1,Coluna 2,Coluna 2,Coluna 2,Coluna 2,Coluna do meio,Coluna 2,Coluna do meio,Coluna 1
945,12/07/2021,Coluna 1,Coluna do meio,Coluna do meio,Coluna do meio,Coluna do meio,Coluna 1,Coluna 2,Coluna 2,Coluna 1,Coluna do meio,Coluna do meio,Coluna do meio,Coluna 2,Coluna 1
944,05/07/2021,Coluna do meio,Coluna 2,Coluna 1,Coluna do meio,Coluna do meio,Coluna 1,Coluna 2,Coluna 1,Coluna 2,Coluna 2,Coluna 1,Coluna 2,Coluna 2,Coluna 2
943,28/06/2021,Coluna 1,Coluna 1,Coluna 1,Coluna do meio,Coluna 1,Coluna do meio,Coluna 1,Coluna do meio,Coluna 1,Coluna 1,Coluna 1,Coluna do meio,Coluna do meio,Coluna do meio
942,21/06/2021,Coluna 1,Coluna do meio,Coluna 1,Coluna 1,Coluna 2,Coluna 2,Coluna 1,Coluna do meio,Coluna do meio,Coluna do meio,Coluna 1,Coluna 1,Coluna do meio,Coluna 1
941,14/06/2021,Coluna 1,Coluna do meio,Coluna do meio,Coluna 2,Coluna 1,Coluna 1,Coluna 2,Coluna do meio,Coluna 1,Coluna 2,Coluna 1,Coluna do meio,Coluna 2,Coluna do meio
940,07/06/2021,Coluna do meio,Coluna 1,Coluna 1,Coluna 1,Coluna do meio,Coluna 1,Coluna 1,Coluna 1,Coluna 2,Coluna do meio,Coluna 2,Coluna 2,Coluna 2,Coluna do meio
939,31/05/2021,Coluna 2,Coluna 1,Coluna 1,Coluna do meio,Coluna 1,Coluna do meio,Coluna 2,Coluna 1,Coluna 1,Coluna 1,Coluna 1,Coluna 2,Coluna 2,Coluna do meio
938,27/05/2021,Coluna 2,Coluna do meio,Coluna do meio,Coluna 1,Coluna 2,Coluna do meio,Coluna do meio,Coluna 1,Coluna do meio,Coluna 2,Coluna 1,Coluna 1,Coluna 1,Coluna 1
937,24/05/2021,Coluna 2,Coluna 1,Coluna do meio,Coluna do meio,Coluna 1,Coluna do meio,Coluna 2,Coluna 2,Coluna do meio,Coluna do meio,Coluna do meio,Coluna 1,Coluna 1,Coluna 1
936,20/05/2021,Coluna 1,Coluna 1,Coluna 2,Coluna 1,Coluna 2,Coluna 2,Coluna 2,Coluna 1,Coluna 2,Coluna do meio,Coluna do meio,Coluna 2,Coluna 1,Coluna 1
935,17/05/2021,Coluna 1,Coluna 2,Coluna do meio,Coluna 1,Coluna 2,Coluna 1,Coluna 2,Coluna 1,Coluna do meio,Coluna 2,Coluna do meio,Coluna do meio,Coluna 1,Coluna do meio
934,13/05/2021,Coluna 1,Coluna 2,Coluna do meio,Coluna 2,Coluna 1,Coluna 2,Coluna 1,Coluna 2,Coluna 2,Coluna do meio,Coluna do meio,Coluna 1,Coluna do meio,Coluna do meio
933,10/05/2021,Coluna 2,Coluna 1,Coluna do meio,Coluna 1,Coluna 1,Coluna 2,Coluna 2,Coluna 2,Coluna 1,Coluna do meio,Coluna 1,Coluna 1,Coluna 1,Coluna 2
932,06/05/2021,Coluna 1,Coluna 2,Coluna 1,Coluna do meio,Coluna 1,Coluna 2,Coluna 2,Coluna 1,Coluna 1,Coluna do meio,Coluna do meio,Coluna 1,Coluna 1,Coluna 2
931,03/05/2021,Coluna 1,Coluna 2,Coluna 2,Coluna do meio,Coluna 2,Coluna do meio,Coluna do meio,Coluna do meio,Coluna 2,Coluna 1,Coluna do meio,Coluna 2,Coluna do meio,Coluna do meio
930,26/04/2021,Coluna 1,Coluna 1,Coluna 1,Coluna 2,Coluna do meio,Coluna 2,Coluna 2,Coluna 1,Coluna 1,Coluna 1,Coluna 2,Coluna 1,Coluna 2,Coluna 2
929,19/04/2021,Coluna 1,Coluna 1,Coluna 2,Coluna 1,Coluna do meio,Coluna 1,Coluna 1,Coluna 1,Coluna do meio,Coluna do meio,Coluna 1,Coluna 1,Coluna 1,Coluna 2
928,12/04/2021,Coluna 1,Coluna do meio,Coluna 1,Coluna 1,Coluna 2,Coluna do meio,Coluna do meio,Coluna 2,Coluna 2,Coluna 1,Coluna 2,Coluna do meio,Coluna do meio,Coluna 1
927,05/04/2021,Coluna 1,Coluna do meio,Coluna 2,Coluna 1,Coluna do meio,Coluna 2,Coluna do meio,Coluna 1,Coluna 2,Coluna 1,Coluna 1,Coluna do meio,Coluna 1,Coluna 1
926,29/03/2021,Coluna 2,Coluna do meio,Coluna do meio,Coluna do meio,Coluna do meio,Coluna 1,Coluna do meio,Coluna 2,Coluna 2,Coluna 1,Coluna 1,Coluna 2,Coluna 1,Coluna 2
925,22/03/2021,Coluna do meio,Coluna 1,Coluna do meio,Coluna do meio,Coluna 2,Coluna do meio,Coluna 2,Coluna do meio,Coluna 1,Coluna 1,Coluna 1,Coluna 2,Coluna 2,Coluna 2
924,15/03/2021,Coluna 2,Coluna 1,Coluna 1,Coluna do meio,Coluna do meio,Coluna 1,Coluna do meio,Coluna 1,Coluna do meio,Coluna 1,Coluna 2,Coluna 1,Coluna do meio,Coluna 2
923,08/03/2021,Coluna 1,Coluna 1,Coluna 1,Coluna 1,Coluna do meio,Coluna 2,Coluna 1,Coluna do meio,Coluna 2,Coluna do meio,Coluna 2,Coluna do meio,Coluna 1,Coluna 1
922,01/03/2021,Coluna 1,Coluna do meio,Coluna do meio,Coluna do meio,Coluna do meio,Coluna do meio,Coluna do meio,Coluna 2,Coluna do meio,Coluna do meio,Coluna 2,Coluna 2,Coluna 1,Coluna do meio
921,22/02/2021,Coluna 2,Coluna 2,Coluna 2,Coluna do meio,Coluna 2,Coluna 2,Coluna 1,Coluna do meio,Coluna 1,Coluna do meio,Coluna 2,Coluna do meio,Coluna 1,Coluna do meio
920,17/02/2021,Coluna do meio,Coluna 2,Coluna 1,Coluna 1,Coluna 1,Coluna 2,Coluna 2,Coluna 1,Coluna 1,Coluna 2,Coluna 2,Coluna do meio,Coluna 2,Coluna 2
919,08/02/2021,Coluna 1,Coluna 1,Coluna do meio,Coluna do meio,Coluna do meio,Coluna do meio,Coluna do meio,Coluna 1,Coluna do meio,Coluna do meio,Coluna 2,Coluna 1,Coluna 2,Coluna do meio
918,01/02/2021,Coluna 1,Coluna 2,Coluna do meio,Coluna 2,Coluna 2,Coluna 2,Coluna do meio,Coluna do meio,Coluna 1,Coluna 1,Coluna 1,Coluna 2,Coluna 1,Coluna 2
917,25/01/2021,Coluna 1,Coluna do meio,Coluna 1,Coluna 1,Coluna 1,Coluna do meio,Coluna 1,Coluna 1,Coluna do meio,Coluna 1,Coluna 1,Coluna 1,Coluna 1,Coluna 1
916,18/01/2021,Coluna do meio,Coluna do meio,Coluna 2,Coluna 1,Coluna 1,Coluna 2,Coluna 2,Coluna do meio,Coluna 1,Coluna do meio,Coluna 1,Coluna 2,Coluna 1,Coluna 2
915,11/01/2021,Coluna 2,Coluna 1,Coluna 2,Coluna do meio,Coluna do meio,Coluna do meio,Coluna 2,Coluna 2,Coluna 1,Coluna 2,Coluna 2,Coluna do meio,Coluna do meio,Coluna 1
914,28/12/2020,Coluna 2,Coluna 1,Coluna 1,Coluna 1,Coluna 1,Coluna 2,Coluna do meio,Coluna 2,Coluna 2,Coluna do meio,Coluna 1,Coluna do meio,Coluna 1,Coluna 1
913,21/12/2020,Coluna 2,Coluna 2,Coluna 2,Coluna do meio,Coluna 1,Coluna 2,Coluna 2,Coluna 1,Coluna 2,Coluna do meio,Coluna 1,Coluna 1,Coluna 1,Coluna 2
912,14/12/2020,Coluna 1,Coluna 2,Coluna 1,Coluna 2,Coluna 1,Coluna 1,Coluna 1,Coluna 2,Coluna 2,Coluna 1,Coluna 1,Coluna do meio,Coluna 1,Coluna do meio
911,07/12/2020,Coluna do meio,Coluna do meio,Coluna do meio,Coluna 2,Coluna 2,Coluna 1,Coluna do meio,Coluna 1,Coluna do meio,Coluna do meio,Coluna 2,Coluna do meio,Coluna 1,Coluna 1
910,30/11/2020,Coluna 2,Coluna 1,Coluna 1,Coluna 2,Coluna 1,Coluna 2,Coluna 1,Coluna 1,Coluna 2,Coluna do meio,Coluna do meio,Coluna 1,Coluna do meio,Coluna 2
909,23/11/2020,Coluna 2,Coluna 1,Coluna 1,Coluna 1,Coluna 1,Coluna 1,Coluna do meio,Coluna do meio,Coluna do meio,Coluna do meio,Coluna 1,Coluna 2,Coluna 1,Coluna do meio
908,16/11/2020,Coluna 1,Coluna do meio,Coluna 1,Coluna 2,Coluna 2,Coluna do meio,Coluna 2,Coluna 1,Coluna 2,Coluna 1,Coluna 2,Coluna 2,Coluna do meio,Coluna do meio
907,09/11/2020,Coluna 1,Coluna 2,Coluna 1,Coluna do meio,Coluna 1,Coluna do meio,Coluna 1,Coluna 2,Coluna do meio,Coluna 2,Coluna 1,Coluna do meio,Coluna 2,Coluna do meio
906,03/11/2020,Coluna 2,Coluna 2,Coluna do meio,Coluna 1,Coluna do meio,Coluna 1,Coluna 2,Coluna 1,Coluna 1,Coluna 1,Coluna 1,Coluna do meio,Coluna 1,Coluna 1
905,26/10/2020,Coluna 2,Coluna 1,Coluna 1,Coluna do meio,Coluna 1,Coluna 2,Coluna do meio,Coluna 2,Coluna 1,Coluna 1,Coluna 1,Coluna do meio,Coluna 1,Coluna 1
904,19/10/2020,Coluna 2,Coluna do meio,Coluna 2,Coluna 1,Coluna do meio,Coluna do meio,Coluna do meio,Coluna do meio,Coluna 1,Coluna 1,Coluna 1,Coluna do meio,Coluna 1,Coluna 1
903,13/10/2020,Coluna 2,Coluna 1,Coluna 2,Coluna 1,Coluna do meio,Coluna 1,Coluna 1,Coluna 1,Coluna do meio,Coluna 1,Coluna 1,Coluna 2,Coluna 1,Coluna 1
902,05/10/2020,Coluna do meio,Coluna 1,Coluna 2,Coluna 2,Coluna do meio,Coluna do meio,Coluna 2,Coluna 1,Coluna do meio,Coluna 1,Coluna 2,Coluna do meio,Coluna 2,Coluna 1
901,28/09/2020,Coluna do meio,Coluna 1,Coluna 1,Coluna do meio,Coluna 1,Coluna do meio,Coluna 1,Coluna do meio,Coluna 1,Coluna 1,Coluna do meio,Coluna do meio,Coluna do meio,Coluna do meio
900,21/09/2020,Coluna do meio,Coluna do meio,Coluna 2,Coluna 1,Coluna 1,Coluna 1,Coluna do meio,Coluna 1,Coluna 2,Coluna 2,Coluna 1,Coluna 2,Coluna do meio,Coluna 1
899,14/09/2020,Coluna 1,Coluna do meio,Coluna 1,Coluna do meio,Coluna 1,Coluna 1,Coluna do meio,Coluna 1,Coluna 2,Coluna 1,Coluna 1,Coluna 1,Coluna do meio,Coluna 2
898,08/09/2020,Coluna 1,Coluna 1,Coluna do meio,Coluna 1,Coluna 1,Coluna 1,Coluna 2,Coluna 2,Coluna 1,Coluna do meio,Coluna 1,Coluna do meio,Coluna 1,Coluna do meio
897,31/08/2020,Coluna 1,Coluna 2,Coluna 1,Coluna 2,Coluna do meio,Coluna 2,Coluna do meio,Coluna 2,Coluna 1,Coluna 1,Coluna do meio,Coluna 2,Coluna 2,Coluna 1
896,24/08/2020,Coluna 2,Coluna 2,Coluna do meio,Coluna 1,Coluna do meio,Coluna 1,Coluna 2,Coluna do meio,Coluna do meio,Coluna 2,Coluna 1,Coluna do meio,Coluna 2,Coluna 1
895,17/08/2020,Coluna do meio,Coluna do meio,Coluna 1,Coluna do meio,Coluna 2,Coluna 1,Coluna 1,Coluna 1,Coluna do meio,Coluna 2,Coluna 1,Coluna do meio,Coluna 1,Coluna 1
894,10/08/2020,Coluna 2,Coluna 1,Coluna 1,Coluna do meio,Coluna 2,Coluna 2,Coluna 1,Coluna 1,Coluna do meio,Coluna 1,Coluna do meio,Coluna 1,Coluna 1,Coluna do meio
893,16/03/2020,Coluna 2,Coluna do meio,Coluna 2,Coluna 1,Coluna 2,Coluna do meio,Coluna 1,Coluna 1,Coluna do meio,Coluna 2,Coluna 1,Coluna 2,Coluna 2,Coluna do meio
892,09/03/2020,Coluna 1,Coluna 1,Coluna 1,Coluna do meio,Coluna 1,Coluna do meio,Coluna 1,Coluna do meio,Coluna do meio,Coluna 1,Coluna 1,Coluna do meio,Coluna do meio,Coluna 1
891,02/03/2020,Coluna do meio,Coluna 1,Coluna 2,Coluna 1,Coluna 1,Coluna 2,Coluna do meio,Coluna 2,Coluna do meio,Coluna 1,Coluna 1,Coluna do meio,Coluna do meio,Coluna 1
890,26/02/2020,Coluna 1,Coluna do meio,Coluna 1,Coluna 2,Coluna do meio,Coluna 1,Coluna 1,Coluna 1,Coluna 2,Coluna 1,Coluna do meio,Coluna 1,Coluna 1,Coluna 1
889,17/02/2020,Coluna do meio,Coluna 1,Coluna 1,Coluna do meio,Coluna do meio,Coluna 1,Coluna 1,Coluna do meio,Coluna 2,Coluna 1,Coluna 1,Coluna 2,Coluna 1,Coluna 1
888,10/02/2020,Coluna 1,Coluna 1,Coluna 1,Coluna 1,Coluna 2,Coluna do meio,Coluna do meio,Coluna 1,Coluna 2,Coluna 1,Coluna 2,Coluna 2,Coluna do meio,Coluna do meio
887,03/02/2020,Coluna 1,Coluna 1,Coluna 1,Coluna 1,Coluna do meio,Coluna do meio,Coluna 2,Coluna do meio,Coluna 2,Coluna do meio,Coluna 1,Coluna do meio,Coluna 2,Coluna 1
886,27/01/2020,Coluna do meio,Coluna do meio,Coluna do meio,Coluna 1,Coluna do meio,Coluna 2,Coluna do meio,Coluna 2,Coluna do meio,Coluna 2,Coluna 1,Coluna 2,Coluna 2,Coluna 1
885,20/01/2020,Coluna do meio,Coluna do meio,Coluna 1,Coluna do meio,Coluna 2,Coluna 1,Coluna 2,Coluna do meio,Coluna 2,Coluna 2,Coluna 1,Coluna 1,Coluna do meio,Coluna 1
884,13/01/2020,Coluna 1,Coluna do meio,Coluna 1,Coluna 2,Coluna do meio,Coluna 1,Coluna 1,Coluna 1,Coluna do meio,Coluna 1,Coluna 2,Coluna 2,Coluna 2,Coluna 2
883,06/01/2020,Coluna do meio,Coluna 2,Coluna 2,Coluna 1,Coluna 1,Coluna 2,Coluna do meio,Coluna 1,Coluna 2,Coluna 2,Coluna do meio,Coluna do meio,Coluna 2,Coluna 1
882,23/12/2019,Coluna do meio,Coluna 2,Coluna 2,Coluna do meio,Coluna 1,Coluna 1,Coluna 1,Coluna 1,Coluna 1,Coluna 1,Coluna 1,Coluna 2,Coluna 1,Coluna 2
881,16/12/2019,Coluna 1,Coluna 1,Coluna do meio,Coluna 2,Coluna 2,Coluna 2,Coluna 2,Coluna do meio,Coluna do meio,Coluna 2,Coluna do meio,Coluna do meio,Coluna 2,Coluna 2
880,09/12/2019,Coluna do meio,Coluna do meio,Coluna 2,Coluna 2,Coluna 2,Coluna 1,Coluna 1,Coluna 1,Coluna 1,Coluna do meio,Coluna 1,Coluna 2,Coluna 1,Coluna 1
879,02/12/2019,Coluna 2,Coluna do meio,Coluna 2,Coluna 2,Coluna 1,Coluna 2,Coluna 1,Coluna do meio,Coluna 2,Coluna 2,Coluna 1,Coluna do meio,Coluna 1,Coluna 1
878,25/11/2019,Coluna 1,Coluna 1,Coluna 2,Coluna 1,Coluna 1,Coluna 2,Coluna 2,Coluna do meio,Coluna do meio,Coluna do meio,Coluna 1,Coluna 2,Coluna do meio,Coluna 2
877,18/11/2019,Coluna do meio,Coluna do meio,Coluna 2,Coluna do meio,Coluna 1,Coluna 1,Coluna 1,Coluna do meio,Coluna 1,Coluna do meio,Coluna do meio,Coluna do meio,Coluna 1,Coluna 1
876,11/11/2019,Coluna do meio,Coluna do meio,Coluna 1,Coluna 2,Coluna 1,Coluna do meio,Coluna do meio,Coluna 1,Coluna 1,Coluna 2,Coluna 2,Coluna 1,Coluna 2,Coluna 1
875,04/11/2019,Coluna 1,Coluna do meio,Coluna 1,Coluna 1,Coluna do meio,Coluna do meio,Coluna do meio,Coluna do meio,Coluna do meio,Coluna do meio,Coluna 1,Coluna 2,Coluna 1,Coluna 1
874,28/10/2019,Coluna do meio,Coluna do meio,Coluna 1,Coluna 1,Coluna 1,Coluna do meio,Coluna do meio,Coluna do meio,Coluna 2,Coluna do meio,Coluna 2,Coluna do meio,Coluna 2,Coluna 1
873,21/10/2019,Coluna 1,Coluna do meio,Coluna 1,Coluna 2,Coluna 1,Coluna 2,Coluna 1,Coluna do meio,Coluna 2,Coluna do meio,Coluna 1,Coluna 2,Coluna do meio,Coluna do meio
872,14/10/2019,Coluna 1,Coluna 2,Coluna 1,Coluna do meio,Coluna 1,Coluna 1,Coluna 2,Coluna 1,Coluna 1,Coluna 1,Coluna 1,Coluna 2,Coluna 1,Coluna do meio
871,07/10/2019,Coluna 2,Coluna 1,Coluna do meio,Coluna 2,Coluna do meio,Coluna 2,Coluna 2,Coluna 1,Coluna 2,Coluna 1,Coluna 2,Coluna do meio,Coluna 2,Coluna do meio
870,30/09/2019,Coluna do meio,Coluna 1,Coluna 1,Coluna do meio,Coluna 1,Coluna 1,Coluna do meio,Coluna 1,Coluna 1,Coluna do meio,Coluna 1,Coluna 1,Coluna 1,Coluna do meio
869,23/09/2019,Coluna 2,Coluna 1,Coluna 2,Coluna 1,Coluna 2,Coluna 1,Coluna 2,Coluna do meio,Coluna 1,Coluna 1,Coluna 2,Coluna 1,Coluna 1,Coluna 1
868,16/09/2019,Coluna 1,Coluna 2,Coluna 1,Coluna do meio,Coluna 2,Coluna 2,Coluna do meio,Coluna 1,Coluna do meio,Coluna 1,Coluna 2,Coluna do meio,Coluna 2,Coluna 1
867,09/09/2019,Coluna 2,Coluna 2,Coluna 1,Coluna 2,Coluna 2,Coluna do meio,Coluna 1,Coluna 2,Coluna 1,Coluna 2,Coluna do meio,Coluna 1,Coluna do meio,Coluna 1
866,02/09/2019,Coluna 1,Coluna 1,Coluna 1,Coluna 1,Coluna 1,Coluna 2,Coluna 1,Coluna do meio,Coluna 1,Coluna 2,Coluna 1,Coluna 1,Coluna 2,Coluna 1
865,26/08/2019,Coluna 1,Coluna 1,Coluna 1,Coluna 2,Coluna do meio,Coluna do meio,Coluna do meio,Coluna do meio,Coluna do meio,Coluna 1,Coluna 1,Coluna do meio,Coluna do meio,Coluna do meio
864,19/08/2019,Coluna 2,Coluna do meio,Coluna 1,Coluna 1,Coluna 2,Coluna 1,Coluna do meio,Coluna 1,Coluna 1,Coluna 1,Coluna 1,Coluna 2,Coluna 2,Coluna 2
863,12/08/2019,Coluna 1,Coluna 1,Coluna do meio,Coluna do meio,Coluna 1,Coluna 1,Coluna do meio,Coluna 2,Coluna 1,Coluna 1,Coluna 1,Coluna 1,Coluna do meio,Coluna 1
862,05/08/2019,Coluna 1,Coluna do meio,Coluna 1,Coluna 1,Coluna 1,Coluna 1,Coluna 2,Coluna do meio,Coluna do meio,Coluna do meio,Coluna 2,Coluna 1,Coluna 1,Coluna do meio
861,29/07/2019,Coluna 1,Coluna 2,Coluna do meio,Coluna 2,Coluna 1,Coluna 1,Coluna do meio,Coluna do meio,Coluna 2,Coluna 1,Coluna 1,Coluna do meio,Coluna do meio,Coluna 2
860,22/07/2019,Coluna do meio,Coluna do meio,Coluna 1,Coluna 2,Coluna do meio,Coluna do meio,Coluna do meio,Coluna do meio,Coluna do meio,Coluna 1,Coluna do meio,Coluna 1,Coluna 1,Coluna 2
859,15/07/2019,Coluna do meio,Coluna 1,Coluna 2,Coluna 1,Coluna 1,Coluna 1,Coluna 1,Coluna 2,Coluna 2,Coluna 1,Coluna 1,Coluna do meio,Coluna do meio,Coluna do meio
858,25/06/2019,Coluna 2,Coluna 2,Coluna 1,Coluna 2,Coluna 2,Coluna do meio,Coluna 1,Coluna 1,Coluna 1,Coluna 1,Coluna do meio,Coluna 1,Coluna 1,Coluna 2
857,17/06/2019,Coluna 1,Coluna do meio,Coluna 2,Coluna do meio,Coluna 1,Coluna 2,Coluna 1,Coluna 2,Coluna 1,Coluna 1,Coluna 1,Coluna do meio,Coluna do meio,Coluna 1
856,10/06/2019,Coluna do meio,Coluna do meio,Coluna 1,Coluna 2,Coluna 1,Coluna do meio,Coluna do meio,Coluna 1,Coluna 2,Coluna 2,Coluna do meio,Coluna 1,Coluna 1,Coluna 1
855,03/06/2019,Coluna 1,Coluna do meio,Coluna 2,Coluna 1,Coluna 1,Coluna 1,Coluna 2,Coluna 2,Coluna 1,Coluna 1,Coluna 1,Coluna 2,Coluna 1,Coluna 1
854,27/05/2019,Coluna 1,Coluna 1,Coluna 1,Coluna do meio,Coluna 1,Coluna 1,Coluna do meio,Coluna 1,Coluna 1,Coluna 2,Coluna do meio,Coluna 1,Coluna do meio,Coluna 2
853,20/05/2019,Coluna 1,Coluna 1,Coluna 1,Coluna do meio,Coluna 2,Coluna do meio,Coluna 2,Coluna do meio,Coluna 2,Coluna 1,Coluna 1,Coluna do meio,Coluna 2,Coluna 1
852,13/05/2019,Coluna do meio,Coluna 1,Coluna 2,Coluna do meio,Coluna 1,Coluna 2,Coluna 2,Coluna 2,Coluna 1,Coluna 1,Coluna 2,Coluna 1,Coluna 1,Coluna do meio
851,06/05/2019,Coluna 2,Coluna do meio,Coluna do meio,Coluna 1,Coluna 2,Coluna 1,Coluna 1,Coluna do meio,Coluna do meio,Coluna do meio,Coluna 1,Coluna 1,Coluna do meio,Coluna 1
850,29/04/2019,Coluna 1,Coluna 1,Coluna 1,Coluna 2,Coluna 1,Coluna 1,Coluna 1,Coluna 1,Coluna 2,Coluna 2,Coluna do meio,Coluna do meio,Coluna 1,Coluna 1
849,22/04/2019,Coluna 1,Coluna 2,Coluna 1,Coluna 1,Coluna 2,Coluna 1,Coluna do meio,Coluna 1,Coluna do meio,Coluna 2,Coluna 2,Coluna 1,Coluna 2,Coluna 1
848,15/04/2019,Coluna do meio,Coluna 1,Coluna 2,Coluna 1,Coluna 2,Coluna do meio,Coluna 1,Coluna do meio,Coluna 1,Coluna 2,Coluna do meio,Coluna 1,Coluna 2,Coluna 1
847,08/04/2019,Coluna do meio,Coluna 1,Coluna 1,Coluna 1,Coluna 1,Coluna 2,Coluna 2,Coluna 1,Coluna 2,Coluna 1,Coluna 1,Coluna 1,Coluna 1,Coluna 1
846,01/04/2019,Coluna 1,Coluna do meio,Coluna 1,Coluna 1,Coluna 1,Coluna 1,Coluna 1,Coluna 2,Coluna 2,Coluna do meio,Coluna 1,Coluna 1,Coluna 2,Coluna 1
845,25/03/2019,Coluna 2,Coluna do meio,Coluna 2,Coluna do meio,Coluna 1,Coluna do meio,Coluna 2,Coluna 1,Coluna 1,Coluna 1,Coluna 2,Coluna 1,Coluna do meio,Coluna do meio
844,18/03/2019,Coluna 2,Coluna 1,Coluna 1,Coluna do meio,Coluna do meio,Coluna 1,Coluna do meio,Coluna 2,Coluna do meio,Coluna do meio,Coluna do meio,Coluna 1,Coluna 2,Coluna 2
843,11/03/2019,Coluna do meio,Coluna do meio,Coluna do meio,Coluna do meio,Coluna do meio,Coluna do meio,Coluna 2,Coluna 2,Coluna 1,Coluna 2,Coluna 1,Coluna do meio,Coluna do meio,Coluna 2
842,06/03/2019,Coluna 1,Coluna 1,Coluna 2,Coluna 1,Coluna do meio,Coluna 1,Coluna 2,Coluna 2,Coluna 1,Coluna 1,Coluna 2,Coluna 2,Coluna do meio,Coluna 2
841,25/02/2019,Coluna do meio,Coluna do meio,Coluna do meio,Coluna 1,Coluna 1,Coluna 2,Coluna 2,Coluna 1,Coluna 2,Coluna 1,Coluna 2,Coluna 2,Coluna do meio,Coluna 1
840,18/02/2019,Coluna 1,Coluna 1,Coluna 1,Coluna do meio,Coluna do meio,Coluna 1,Coluna 1,Coluna do meio,Coluna 2,Coluna do meio,Coluna 1,Coluna 1,Coluna do meio,Coluna do meio
839,11/02/2019,Coluna do meio,Coluna 1,Coluna 2,Coluna 2,Coluna do meio,Coluna 2,Coluna 1,Coluna do meio,Coluna 1,Coluna 2,Coluna 1,Coluna 2,Coluna 1,Coluna do meio
838,04/02/2019,Coluna 2,Coluna 2,Coluna do meio,Coluna 1,Coluna 1,Coluna do meio,Coluna 1,Coluna 2,Coluna 2,Coluna do meio,Coluna 1,Coluna 1,Coluna 1,Coluna 2
837,28/01/2019,Coluna do meio,Coluna 1,Coluna 2,Coluna 2,Coluna 1,Coluna 1,Coluna 1,Coluna 1,Coluna 1,Coluna 1,Coluna 2,Coluna do meio,Coluna 1,Coluna 1
836,21/01/2019,Coluna do meio,Coluna 1,Coluna 1,Coluna 1,Coluna 1,Coluna do meio,Coluna do meio,Coluna 2,Coluna 2,Coluna do meio,Coluna 1,Coluna do meio,Coluna 1,Coluna do meio
835,14/01/2019,Coluna 1,Coluna 1,Coluna 2,Coluna do meio,Coluna do meio,Coluna 2,Coluna 1,Coluna do meio,Coluna 2,Coluna 2,Coluna 1,Coluna 1,Coluna 1,Coluna 2
834,07/01/2019,Coluna 2,Coluna do meio,Coluna 1,Coluna 2,Coluna 1,Coluna 1,Coluna do meio,Coluna do meio,Coluna 2,Coluna do meio,Coluna 2,Coluna 1,Coluna 1,Coluna 2
833,31/12/2018,Coluna 1,Coluna 1,Coluna 1,Coluna 2,Coluna 1,Coluna 2,Coluna do meio,Coluna 1,Coluna 2,Coluna do meio,Coluna do meio,Coluna 2,Coluna 2,Coluna 1
832,24/12/2018,Coluna do meio,Coluna do meio,Coluna 1,Coluna 2,Coluna 2,Coluna 1,Coluna do meio,Coluna 1,Coluna do meio,Coluna 1,Coluna 2,Coluna 2,Coluna do meio,Coluna 1
831,17/12/2018,Coluna 1,Coluna 1,Coluna do meio,Coluna 2,Coluna 1,Coluna 1,Coluna do meio,Coluna 1,Coluna 2,Coluna 1,Coluna 1,Coluna 2,Coluna 2,Coluna 1
830,10/12/2018,Coluna 1,Coluna 2,Coluna 2,Coluna do meio,Coluna 2,Coluna 1,Coluna 1,Coluna 1,Coluna 2,Coluna 2,Coluna do meio,Coluna do meio,Coluna do meio,Coluna do meio
829,03/12/2018,Coluna 1,Coluna 1,Coluna 2,Coluna do meio,Coluna 1,Coluna 1,Coluna do meio,Coluna 1,Coluna do meio,Coluna 1,Coluna do meio,Coluna 1,Coluna 1,Coluna 1
828,27/11/2018,Coluna 2,Coluna 1,Coluna do meio,Coluna 1,Coluna 1,Coluna 1,Coluna 2,Coluna 1,Coluna 1,Coluna do meio,Coluna 2,Coluna do meio,Coluna 1,Coluna 1
827,19/11/2018,Coluna 1,Coluna do meio,Coluna 1,Coluna do meio,Coluna 2,Coluna 1,Coluna do meio,Coluna 2,Coluna 1,Coluna 2,Coluna 1,Coluna 1,Coluna 2,Coluna 1
826,12/11/2018,Coluna do meio,Coluna 1,Coluna do meio,Coluna 2,Coluna do meio,Coluna do meio,Coluna 1,Coluna 2,Coluna 1,Coluna 2,Coluna do meio,Coluna do meio,Coluna 1,Coluna do meio
825,05/11/2018,Coluna 2,Coluna 1,Coluna do meio,Coluna do meio,Coluna 2,Coluna 1,Coluna 2,Coluna 2,Coluna 2,Coluna 1,Coluna do meio,Coluna 1,Coluna 1,Coluna do meio
824,29/10/2018,Coluna do meio,Coluna 2,Coluna do meio,Coluna 1,Coluna 1,Coluna 2,Coluna 1,Coluna 1,Coluna 1,Coluna do meio,Coluna 1,Coluna 1,Coluna do meio,Coluna 2
823,22/10/2018,Coluna 2,Coluna do meio,Coluna 1,Coluna do meio,Coluna 1,Coluna 1,Coluna do meio,Coluna 1,Coluna 2,Coluna do meio,Coluna 1,Coluna 1,Coluna 1,Coluna 2
822,15/10/2018,Coluna do meio,Coluna 1,Coluna 1,Coluna 1,Coluna 1,Coluna 2,Coluna do meio,Coluna 1,Coluna do meio,Coluna 1,Coluna 1,Coluna 2,Coluna 1,Coluna 1
821,08/10/2018,Coluna 2,Coluna 2,Coluna 1,Coluna 1,Coluna do meio,Coluna 1,Coluna 1,Coluna 2,Coluna 1,Coluna do meio,Coluna 1,Coluna 2,Coluna 1,Coluna 1
820,01/10/2018,Coluna 1,Coluna 1,Coluna do meio,Coluna do meio,Coluna 1,Coluna do meio,Coluna do meio,Coluna 2,Coluna 2,Coluna do meio,Coluna do meio,Coluna 1,Coluna 1,Coluna 1
819,25/09/2018,Coluna 1,Coluna 1,Coluna 1,Coluna do meio,Coluna do meio,Coluna 2,Coluna do meio,Coluna 1,Coluna 1,Coluna 1,Coluna 2,Coluna 2,Coluna 2,Coluna 1
818,17/09/2018,Coluna do meio,Coluna do meio,Coluna do meio,Coluna 1,Coluna 1,Coluna do meio,Coluna 1,Coluna do meio,Coluna 1,Coluna 1,Coluna do meio,Coluna 1,Coluna 1,Coluna 1
817,10/09/2018,Coluna 1,Coluna 1,Coluna 1,Coluna 1,Coluna do meio,Coluna 2,Coluna 1,Coluna 1,Coluna do meio,Coluna 1,Coluna 1,Coluna do meio,Coluna 2,Coluna 1
816,03/09/2018,Coluna do meio,Coluna do meio,Coluna 1,Coluna 2,Coluna 1,Coluna 1,Coluna 1,Coluna 2,Coluna do meio,Coluna 2,Coluna 1,Coluna 1,Coluna 2,Coluna 2
815,27/08/2018,Coluna 1,Coluna 1,Coluna 1,Coluna do meio,Coluna 1,Coluna do meio,Coluna 1,Coluna 1,Coluna 1,Coluna 1,Coluna 1,Coluna do meio,Coluna do meio,Coluna 1
814,20/08/2018,Coluna 1,Coluna do meio,Coluna 1,Coluna 1,Coluna 2,Coluna 1,Coluna do meio,Coluna 1,Coluna 1,Coluna 1,Coluna 2,Coluna 2,Coluna do meio,Coluna 2
813,13/08/2018,Coluna do meio,Coluna 1,Coluna 2,Coluna do meio,Coluna 1,Coluna do meio,Coluna 2,Coluna do meio,Coluna 1,Coluna do meio,Coluna 1,Coluna 1,Coluna 1,Coluna 1
812,06/08/2018,Coluna 1,Coluna do meio,Coluna 2,Coluna do meio,Coluna do meio,Coluna 1,Coluna 1,Coluna do meio,Coluna 2,Coluna do meio,Coluna 1,Coluna do meio,Coluna do meio,Coluna 1
811,30/07/2018,Coluna 1,Coluna 1,Coluna 1,Coluna 1,Coluna 2,Coluna 2,Coluna do meio,Coluna 1,Coluna 1,Coluna 1,Coluna 2,Coluna 1,Coluna do meio,Coluna 2
810,23/07/2018,Coluna 1,Coluna 1,Coluna 1,Coluna do meio,Coluna 1,Coluna do meio,Coluna 1,Coluna 1,Coluna do meio,Coluna 1,Coluna 1,Coluna 1,Coluna 2,Coluna 1
809,16/07/2018,Coluna 2,Coluna 2,Coluna 1,Coluna 1,Coluna do meio,Coluna do meio,Coluna do meio,Coluna 2,Coluna 1,Coluna 2,Coluna do meio,Coluna 1,Coluna 1,Coluna 1
808,09/07/2018,Coluna 1,Coluna 2,Coluna 1,Coluna do meio,Coluna 2,Coluna 1,Coluna 2,Coluna do meio,Coluna 2,Coluna 1,Coluna 1,Coluna 1,Coluna 1,Coluna 2
807,02/07/2018,Coluna 1,Coluna 1,Coluna do meio,Coluna do meio,Coluna 2,Coluna 2,Coluna 1,Coluna do meio,Coluna 1,Coluna 1,Coluna 1,Coluna do meio,Coluna do meio,Coluna 2
806,28/06/2018,Coluna do meio,Coluna do meio,Coluna 2,Coluna do meio,Coluna 2,Coluna 2,Coluna 1,Coluna 2,Coluna 2,Coluna do meio,Coluna 2,Coluna 2,Coluna 2,Coluna 2
805,25/06/2018,Coluna do meio,Coluna 1,Coluna 2,Coluna 1,Coluna 1,Coluna 2,Coluna 1,Coluna 2,Coluna 1,Coluna 1,Coluna do meio,Coluna 2,Coluna 1,Coluna 1
804,18/06/2018,Coluna 1,Coluna 2,Coluna 2,Coluna do meio,Coluna 1,Coluna do meio,Coluna 2,Coluna 1,Coluna 2,Coluna 2,Coluna do meio,Coluna 1,Coluna 1,Coluna 2
803,11/06/2018,Coluna do meio,Coluna 1,Coluna 1,Coluna 1,Coluna 2,Coluna do meio,Coluna do meio,Coluna 1,Coluna 2,Coluna 2,Coluna do meio,Coluna 1,Coluna 1,Coluna do meio
802,04/06/2018,Coluna 2,Coluna 1,Coluna 1,Coluna 2,Coluna 2,Coluna 2,Coluna do meio,Coluna 1,Coluna do meio,Coluna do meio,Coluna 1,Coluna 2,Coluna 1,Coluna 2
801,28/05/2018,Coluna 2,Coluna 1,Coluna 2,Coluna 1,Coluna 2,Coluna do meio,Coluna 1,Coluna do meio,Coluna 1,Coluna 1,Coluna 2,Coluna 2,Coluna 2,Coluna do meio
800,21/05/2018,Coluna 1,Coluna 1,Coluna do meio,Coluna 2,Coluna 2,Coluna do meio,Coluna do meio,Coluna do meio,Coluna 1,Coluna 1,Coluna 1,Coluna 1,Coluna 1,Coluna 1
799,14/05/2018,Coluna do meio,Coluna 1,Coluna do meio,Coluna 2,Coluna 1,Coluna 1,Coluna 1,Coluna 2,Coluna 1,Coluna 1,Coluna 2,Coluna 1,Coluna do meio,Coluna 1
798,07/05/2018,Coluna 1,Coluna do meio,Coluna 1,Coluna 2,Coluna 2,Coluna do meio,Coluna 2,Coluna 1,Coluna 1,Coluna 2,Coluna do meio,Coluna 1,Coluna 1,Coluna do meio
797,30/04/2018,Coluna 2,Coluna do meio,Coluna do meio,Coluna 2,Coluna 2,Coluna do meio,Coluna 1,Coluna 2,Coluna do meio,Coluna 1,Coluna 2,Coluna 1,Coluna 2,Coluna do meio
796,23/04/2018,Coluna 1,Coluna do meio,Coluna 1,Coluna 2,Coluna 1,Coluna 2,Coluna do meio,Coluna 1,Coluna 1,Coluna 1,Coluna 2,Coluna do meio,Coluna 2,Coluna do meio
795,16/04/2018,Coluna 2,Coluna 1,Coluna 1,Coluna 2,Coluna 1,Coluna 1,Coluna 1,Coluna do meio,Coluna 1,Coluna 1,Coluna 1,Coluna 1,Coluna 1,Coluna 1
794,09/04/2018,Coluna 1,Coluna 2,Coluna 2,Coluna 1,Coluna 1,Coluna 1,Coluna do meio,Coluna 1,Coluna 1,Coluna do meio,Coluna 2,Coluna do meio,Coluna 1,Coluna do meio
793,02/04/2018,Coluna do meio,Coluna 1,Coluna 1,Coluna 1,Coluna 2,Coluna 2,Coluna 2,Coluna 1,Coluna do meio,Coluna 1,Coluna 1,Coluna 2,Coluna 1,Coluna 2
792,26/03/2018,Coluna 1,Coluna 1,Coluna 1,Coluna 2,Coluna 1,Coluna do meio,Coluna do meio,Coluna 1,Coluna 2,Coluna do meio,Coluna 1,Coluna 1,Coluna 1,Coluna 1
791,19/03/2018,Coluna 2,Coluna do meio,Coluna 2,Coluna 2,Coluna 2,Coluna 2,Coluna do meio,Coluna 1,Coluna 1,Coluna 1,Coluna 1,Coluna 1,Coluna 2,Coluna 2
790,12/03/2018,Coluna 2,Coluna 2,Coluna 1,Coluna do meio,Coluna 2,Coluna 2,Coluna do meio,Coluna 1,Coluna 2,Coluna do meio,Coluna 1,Coluna 2,Coluna do meio,Coluna do meio
789,05/03/2018,Coluna 1,Coluna 2,Coluna do meio,Coluna 1,Coluna 2,Coluna 2,Coluna 1,Coluna do meio,Coluna 2,Coluna 2,Coluna 1,Coluna 1,Coluna do meio,Coluna 1
788,26/02/2018,Coluna 1,Coluna 2,Coluna 1,Coluna 1,Coluna 1,Coluna do meio,Coluna do meio,Coluna do meio,Coluna 2,Coluna 1,Coluna 2,Coluna 1,Coluna 1,Coluna 2
787,20/02/2018,Coluna do meio,Coluna 2,Coluna 2,Coluna 1,Coluna do meio,Coluna do meio,Coluna 1,Coluna 1,Coluna do meio,Coluna 1,Coluna 2,Coluna do meio,Coluna 1,Coluna 2
786,14/02/2018,Coluna 2,Coluna 2,Coluna 2,Coluna 1,Coluna 2,Coluna 1,Coluna 1,Coluna 1,Coluna 1,Coluna 1,Coluna 1,Coluna 2,Coluna 1,Coluna 1
785,05/02/2018,Coluna 1,Coluna 1,Coluna 2,Coluna 2,Coluna do meio,Coluna 1,Coluna 1,Coluna 1,Coluna 1,Coluna 1,Coluna 2,Coluna 1,Coluna 1,Coluna do meio
784,29/01/2018,Coluna do meio,Coluna 1,Coluna do meio,Coluna 1,Coluna do meio,Coluna 1,Coluna do meio,Coluna 2,Coluna 2,Coluna 1,Coluna do meio,Coluna do meio,Coluna 1,Coluna 2
783,22/01/2018,Coluna do meio,Coluna 1,Coluna 2,Coluna 2,Coluna 2,Coluna do meio,Coluna 1,Coluna 2,Coluna do meio,Coluna 2,Coluna do meio,Coluna 1,Coluna 1,Coluna 2
782,15/01/2018,Coluna 1,Coluna 2,Coluna 2,Coluna 1,Coluna 1,Coluna do meio,Coluna 1,Coluna 2,Coluna do meio,Coluna 1,Coluna do meio,Coluna 1,Coluna 2,Coluna do meio
781,08/01/2018,Coluna 1,Coluna 2,Coluna 2,Coluna 2,Coluna 2,Coluna 2,Coluna 1,Coluna do meio,Coluna 1,Coluna 1,Coluna 2,Coluna do meio,Coluna do meio,Coluna 2
780,02/01/2018,Coluna 1,Coluna do meio,Coluna do meio,Coluna do meio,Coluna 2,Coluna do meio,Coluna do meio,Coluna 1,Coluna 1,Coluna 2,Coluna 2,Coluna do meio,Coluna do meio,Coluna 1
779,26/12/2017,Coluna 1,Coluna 1,Coluna 1,Coluna do meio,Coluna 1,Coluna 1,Coluna 1,Coluna do meio,Coluna 2,Coluna 1,Coluna 2,Coluna 2,Coluna do meio,Coluna 1
778,18/12/2017,Coluna 1,Coluna 1,Coluna 1,Coluna 2,Coluna 2,Coluna 1,Coluna 2,Coluna 1,Coluna 2,Coluna 1,Coluna 1,Coluna 1,Coluna 1,Coluna do meio
777,27/11/2017,Coluna 2,Coluna 2,Coluna 2,Coluna 2,Coluna 2,Coluna 1,Coluna 2,Coluna do meio,Coluna 2,Coluna 1,Coluna do meio,Coluna do meio,Coluna 2,Coluna 1
776,20/11/2017,Coluna 1,Coluna do meio,Coluna 1,Coluna 2,Coluna do meio,Coluna do meio,Coluna 1,Coluna do meio,Coluna 2,Coluna 1,Coluna 1,Coluna do meio,Coluna 1,Coluna 1
775,13/11/2017,Coluna 1,Coluna do meio,Coluna do meio,Coluna do meio,Coluna do meio,Coluna 2,Coluna do meio,Coluna 1,Coluna 1,Coluna 1,Coluna 2,Coluna 2,Coluna 1,Coluna do meio
774,06/11/2017,Coluna 2,Coluna 1,Coluna 1,Coluna 2,Coluna 2,Coluna do meio,Coluna 1,Coluna 1,Coluna 1,Coluna 2,Coluna 2,Coluna do meio,Coluna 1,Coluna 1
773,30/10/2017,Coluna 1,Coluna do meio,Coluna 2,Coluna 2,Coluna do meio,Coluna do meio,Coluna do meio,Coluna do meio,Coluna do meio,Coluna 1,Coluna do meio,Coluna do meio,Coluna do meio,Coluna 1
772,23/10/2017,Coluna 1,Coluna 2,Coluna 1,Coluna do meio,Coluna do meio,Coluna 1,Coluna 2,Coluna 2,Coluna 1,Coluna do meio,Coluna 2,Coluna 1,Coluna 1,Coluna do meio
771,16/10/2017,Coluna 1,Coluna 1,Coluna do meio,Coluna 1,Coluna do meio,Coluna 1,Coluna 2,Coluna 1,Coluna 2,Coluna 1,Coluna 1,Coluna 1,Coluna 2,Coluna 2
770,09/10/2017,Coluna 2,Coluna do meio,Coluna 1,Coluna 1,Coluna do meio,Coluna 1,Coluna 2,Coluna 1,Coluna 1,Coluna 1,Coluna 2,Coluna 1,Coluna 2,Coluna do meio
769,02/10/2017,Coluna do meio,Coluna 2,Coluna 1,Coluna 2,Coluna do meio,Coluna do meio,Coluna 2,Coluna 1,Coluna 2,Coluna do meio,Coluna 1,Coluna 1,Coluna do meio,Coluna 2
768,25/09/2017,Coluna do meio,Coluna 1,Coluna do meio,Coluna do meio,Coluna 1,Coluna 1,Coluna 2,Coluna 1,Coluna 1,Coluna 1,Coluna 2,Coluna 2,Coluna 2,Coluna do meio
767,18/09/2017,Coluna do meio,Coluna 1,Coluna 2,Coluna 1,Coluna 1,Coluna 1,Coluna 1,Coluna 2,Coluna 1,Coluna 1,Coluna 1,Coluna 2,Coluna 1,Coluna 1
766,11/09/2017,Coluna 1,Coluna 1,Coluna do meio,Coluna do meio,Coluna 1,Coluna 1,Coluna do meio,Coluna 2,Coluna do meio,Coluna do meio,Coluna 1,Coluna 1,Coluna 1,Coluna 2
765,04/09/2017,Coluna 1,Coluna 1,Coluna 2,Coluna 1,Coluna do meio,Coluna 1,Coluna 1,Coluna 2,Coluna 1,Coluna 1,Coluna 1,Coluna 2,Coluna 1,Coluna 1
764,28/08/2017,Coluna 1,Coluna 2,Coluna 1,Coluna do meio,Coluna 1,Coluna 1,Coluna do meio,Coluna 1,Coluna do meio,Coluna 2,Coluna 2,Coluna do meio,Coluna 2,Coluna 2
763,21/08/2017,Coluna 1,Coluna 1,Coluna do meio,Coluna 1,Coluna 2,Coluna 1,Coluna 1,Coluna 2,Coluna 1,Coluna 1,Coluna do meio,Coluna 1,Coluna 2,Coluna do meio
762,14/08/2017,Coluna 2,Coluna 1,Coluna 1,Coluna 1,Coluna 1,Coluna 2,Coluna do meio,Coluna 1,Coluna 1,Coluna do meio,Coluna 1,Coluna 1,Coluna do meio,Coluna 1
761,08/08/2017,Coluna do meio,Coluna 1,Coluna 1,Coluna 1,Coluna 2,Coluna 1,Coluna 2,Coluna 2,Coluna 2,Coluna 1,Coluna do meio,Coluna 1,Coluna do meio,Coluna do meio
760,31/07/2017,Coluna do meio,Coluna 2,Coluna do meio,Coluna 1,Coluna 1,Coluna 1,Coluna 1,Coluna 1,Coluna 2,Coluna 1,Coluna 2,Coluna 2,Coluna 1,Coluna 1
759,24/07/2017,Coluna 2,Coluna 1,Coluna 2,Coluna 1,Coluna do meio,Coluna do meio,Coluna 2,Coluna 1,Coluna do meio,Coluna 2,Coluna 2,Coluna 1,Coluna 2,Coluna do meio
758,17/07/2017,Coluna do meio,Coluna do meio,Coluna do meio,Coluna do meio,Coluna do meio,Coluna 1,Coluna 1,Coluna do meio,Coluna 1,Coluna do meio,Coluna do meio,Coluna 1,Coluna 2,Coluna 2
757,10/07/2017,Coluna 2,Coluna 1,Coluna 1,Coluna 1,Coluna do meio,Coluna do meio,Coluna do meio,Coluna do meio,Coluna 2,Coluna 1,Coluna do meio,Coluna do meio,Coluna do meio,Coluna do meio
756,03/07/2017,Coluna 1,Coluna 1,Coluna do meio,Coluna 1,Coluna 1,Coluna 2,Coluna 1,Coluna 2,Coluna 1,Coluna do meio,Coluna do meio,Coluna 1,Coluna 1,Coluna do meio
755,26/06/2017,Coluna 2,Coluna 2,Coluna 2,Coluna 2,Coluna do meio,Coluna 1,Coluna 2,Coluna 2,Coluna 1,Coluna 2,Coluna do meio,Coluna 1,Coluna 2,Coluna 1
754,19/06/2017,Coluna do meio,Coluna 2,Coluna do meio,Coluna do meio,Coluna do meio,Coluna 2,Coluna do meio,Coluna 1,Coluna 1,Coluna 2,Coluna 2,Coluna 1,Coluna 1,Coluna 2
753,12/06/2017,Coluna 1,Coluna 1,Coluna 1,Coluna do meio,Coluna 2,Coluna 2,Coluna 1,Coluna do meio,Coluna 1,Coluna do meio,Coluna 1,Coluna do meio,Coluna 1,Coluna 2
752,05/06/2017,Coluna do meio,Coluna 1,Coluna do meio,Coluna 1,Coluna 1,Coluna do meio,Coluna 1,Coluna 1,Coluna 1,Coluna 2,Coluna 1,Coluna 1,Coluna 1,Coluna 1
751,29/05/2017,Coluna 1,Coluna 2,Coluna 2,Coluna 1,Coluna 1,Coluna 1,Coluna 2,Coluna 1,Coluna 2,Coluna 1,Coluna 1,Coluna 1,Coluna do meio,Coluna do meio
750,22/05/2017,Coluna 2,Coluna 2,Coluna 1,Coluna 2,Coluna 1,Coluna 1,Coluna 1,Coluna do meio,Coluna 1,Coluna 1,Coluna 2,Coluna 1,Coluna do meio,Coluna 2
749,15/05/2017,Coluna do meio,Coluna 2,Coluna 1,Coluna 1,Coluna 1,Coluna 2,Coluna do meio,Coluna 2,Coluna 1,Coluna 1,Coluna 1,Coluna do meio,Coluna 1,Coluna 1
748,08/05/2017,Coluna 1,Coluna do meio,Coluna do meio,Coluna 1,Coluna do meio,Coluna 1,Coluna 2,Coluna 2,Coluna 2,Coluna do meio,Coluna 2,Coluna do meio,Coluna do meio,Coluna do meio
747,02/05/2017,Coluna 2,Coluna do meio,Coluna do meio,Coluna do meio,Coluna 1,Coluna 1,Coluna 2,Coluna 1,Coluna 2,Coluna do meio,Coluna do meio,Coluna 2,Coluna 2,Coluna 2
746,24/04/2017,Coluna do meio,Coluna do meio,Coluna 1,Coluna do meio,Coluna 1,Coluna 1,Coluna 1,Coluna 1,Coluna 2,Coluna 2,Coluna 1,Coluna 1,Coluna do meio,Coluna 1
745,18/04/2017,Coluna 1,Coluna 2,Coluna do meio,Coluna 1,Coluna 2,Coluna 1,Coluna 2,Coluna 1,Coluna 1,Coluna 1,Coluna 2,Coluna do meio,Coluna do meio,Coluna 2
744,11/04/2017,Coluna 2,Coluna 1,Coluna do meio,Coluna do meio,Coluna 2,Coluna 1,Coluna do meio,Coluna do meio,Coluna 2,Coluna do meio,Coluna 1,Coluna 2,Coluna 1,Coluna 1
743,03/04/2017,Coluna do meio,Coluna 2,Coluna do meio,Coluna do meio,Coluna 1,Coluna 1,Coluna 2,Coluna do meio,Coluna 1,Coluna 2,Coluna do meio,Coluna 1,Coluna 1,Coluna 1
742,27/03/2017,Coluna do meio,Coluna do meio,Coluna 1,Coluna do meio,Coluna do meio,Coluna 1,Coluna do meio,Coluna 1,Coluna do meio,Coluna 2,Coluna 1,Coluna do meio,Coluna 2,Coluna do meio
741,20/03/2017,Coluna do meio,Coluna 2,Coluna 2,Coluna do meio,Coluna 2,Coluna 2,Coluna 2,Coluna 2,Coluna 1,Coluna 1,Coluna 1,Coluna 1,Coluna do meio,Coluna do meio
740,13/03/2017,Coluna 1,Coluna 2,Coluna 2,Coluna 1,Coluna 1,Coluna do meio,Coluna 2,Coluna do meio,Coluna 2,Coluna 2,Coluna 1,Coluna 1,Coluna 2,Coluna 1
739,06/03/2017,Coluna 1,Coluna do meio,Coluna 1,Coluna 1,Coluna 1,Coluna 2,Coluna 1,Coluna 1,Coluna 2,Coluna 1,Coluna 1,Coluna 2,Coluna 2,Coluna 1
738,02/03/2017,Coluna 1,Coluna 1,Coluna 2,Coluna 2,Coluna 2,Coluna do meio,Coluna do meio,Coluna 2,Coluna do meio,Coluna 1,Coluna 1,Coluna 1,Coluna 1,Coluna 2
737,21/02/2017,Coluna 1,Coluna 2,Coluna 1,Coluna 2,Coluna 2,Coluna do meio,Coluna 2,Coluna 2,Coluna 1,Coluna do meio,Coluna 2,Coluna do meio,Coluna 1,Coluna do meio
736,13/02/2017,Coluna 2,Coluna 1,Coluna 1,Coluna do meio,Coluna 1,Coluna 1,Coluna 1,Coluna 1,Coluna 1,Coluna do meio,Coluna 1,Coluna 1,Coluna do meio,Coluna 1
735,06/02/2017,Coluna 1,Coluna 1,Coluna 1,Coluna 1,Coluna 1,Coluna 1,Coluna do meio,Coluna 2,Coluna 2,Coluna 1,Coluna do meio,Coluna 2,Coluna 1,Coluna 2
734,30/01/2017,Coluna 2,Coluna 2,Coluna 1,Coluna 2,Coluna 1,Coluna 1,Coluna 1,Coluna do meio,Coluna do meio,Coluna 2,Coluna 2,Coluna 1,Coluna 1,Coluna do meio
733,23/01/2017,Coluna 1,Coluna 2,Coluna do meio,Coluna 2,Coluna 1,Coluna 1,Coluna do meio,Coluna 1,Coluna 1,Coluna do meio,Coluna do meio,Coluna 1,Coluna 2,Coluna do meio
732,16/01/2017,Coluna do meio,Coluna do meio,Coluna 1,Coluna 1,Coluna 1,Coluna 1,Coluna do meio,Coluna 2,Coluna 1,Coluna 1,Coluna do meio,Coluna 2,Coluna do meio,Coluna 2
731,09/01/2017,Coluna do meio,Coluna 2,Coluna 2,Coluna do meio,Coluna 1,Coluna 1,Coluna 1,Coluna 2,Coluna 1,Coluna 1,Coluna do meio,Coluna 2,Coluna 2,Coluna 2
730,05/12/2016,Coluna do meio,Coluna 1,Coluna do meio,Coluna 1,Coluna 2,Coluna 2,Coluna 2,Coluna 2,Coluna 1,Coluna do meio,Coluna do meio,Coluna do meio,Coluna 2,Coluna 2
729,28/11/2016,Coluna 1,Coluna 1,Coluna 2,Coluna 1,Coluna do meio,Coluna 2,Coluna 1,Coluna do meio,Coluna do meio,Coluna 1,Coluna 1,Coluna 1,Coluna do meio,Coluna 1
728,21/11/2016,Coluna 1,Coluna do meio,Coluna 1,Coluna 1,Coluna 1,Coluna do meio,Coluna do meio,Coluna 1,Coluna 1,Coluna 2,Coluna 2,Coluna 1,Coluna do meio,Coluna do meio
727,14/11/2016,Coluna 2,Coluna 1,Coluna 2,Coluna do meio,Coluna 2,Coluna 1,Coluna do meio,Coluna do meio,Coluna 2,Coluna 2,Coluna 2,Coluna 1,Coluna 1,Coluna 1
726,07/11/2016,Coluna do meio,Coluna 1,Coluna 1,Coluna 1,Coluna 1,Coluna 2,Coluna 1,Coluna 1,Coluna 1,Coluna 1,Coluna 1,Coluna 1,Coluna 2,Coluna 1
725,31/10/2016,Coluna do meio,Coluna 1,Coluna 1,Coluna 1,Coluna 1,Coluna 1,Coluna 1,Coluna 1,Coluna 1,Coluna 2,Coluna do meio,Coluna do meio,Coluna do meio,Coluna do meio
724,24/10/2016,Coluna do meio,Coluna 2,Coluna 2,Coluna 2,Coluna do meio,Coluna do meio,Coluna do meio,Coluna 1,Coluna do meio,Coluna do meio,Coluna 2,Coluna 1,Coluna 1,Coluna 1
723,17/10/2016,Coluna do meio,Coluna 1,Coluna 1,Coluna 2,Coluna 1,Coluna 1,Coluna 1,Coluna 2,Coluna 1,Coluna 1,Coluna 1,Coluna 1,Coluna do meio,Coluna 2
722,10/10/2016,Coluna 1,Coluna 1,Coluna 1,Coluna do meio,Coluna 1,Coluna do meio,Coluna 1,Coluna 1,Coluna 1,Coluna do meio,Coluna 1,Coluna 1,Coluna 2,Coluna 2
721,03/10/2016,Coluna do meio,Coluna 1,Coluna 1,Coluna 1,Coluna 1,Coluna 1,Coluna 2,Coluna 1,Coluna 2,Coluna 1,Coluna 2,Coluna 2,Coluna 1,Coluna 1
720,26/09/2016,Coluna 2,Coluna do meio,Coluna 1,Coluna 1,Coluna 1,Coluna 2,Coluna 1,Coluna 1,Coluna 2,Coluna 1,Coluna 1,Coluna 1,Coluna 1,Coluna 1
719,19/09/2016,Coluna 2,Coluna 1,Coluna do meio,Coluna 2,Coluna do meio,Coluna 1,Coluna do meio,Coluna do meio,Coluna do meio,Coluna 2,Coluna 2,Coluna 2,Coluna 1,Coluna 1
718,12/09/2016,Coluna 1,Coluna 1,Coluna do meio,Coluna 2,Coluna 2,Coluna do meio,Coluna 1,Coluna 1,Coluna do meio,Coluna 1,Coluna 1,Coluna 1,Coluna 1,Coluna 2
717,05/09/2016,Coluna 1,Coluna do meio,Coluna do meio,Coluna do meio,Coluna 1,Coluna 2,Coluna do meio,Coluna do meio,Coluna 1,Coluna 2,Coluna 1,Coluna do meio,Coluna 1,Coluna 1
716,29/08/2016,Coluna 2,Coluna do meio,Coluna do meio,Coluna do meio,Coluna 1,Coluna 1,Coluna 2,Coluna 1,Coluna 1,Coluna 1,Coluna 2,Coluna 2,Coluna 2,Coluna do meio
715,22/08/2016,Coluna 1,Coluna do meio,Coluna 1,Coluna 2,Coluna 2,Coluna 2,Coluna 1,Coluna 1,Coluna do meio,Coluna 2,Coluna 1,Coluna 2,Coluna 1,Coluna do meio
714,15/08/2016,Coluna 1,Coluna 1,Coluna 1,Coluna do meio,Coluna 1,Coluna do meio,Coluna 1,Coluna 2,Coluna do meio,Coluna 1,Coluna 1,Coluna do meio,Coluna 2,Coluna 2
713,08/08/2016,Coluna 2,Coluna 1,Coluna 1,Coluna do meio,Coluna 1,Coluna 2,Coluna do meio,Coluna 1,Coluna 1,Coluna do meio,Coluna 1,Coluna 1,Coluna 1,Coluna do meio
712,01/08/2016,Coluna 2,Coluna 1,Coluna 2,Coluna 1,Coluna do meio,Coluna 1,Coluna do meio,Coluna 1,Coluna 1,Coluna 1,Coluna do meio,Coluna do meio,Coluna 1,Coluna 1
711,25/07/2016,Coluna 1,Coluna 1,Coluna do meio,Coluna do meio,Coluna 1,Coluna 2,Coluna 1,Coluna 1,Coluna 2,Coluna do meio,Coluna 1,Coluna 2,Coluna 2,Coluna do meio
710,18/07/2016,Coluna do meio,Coluna do meio,Coluna 2,Coluna do meio,Coluna 1,Coluna 1,Coluna 1,Coluna 1,Coluna 2,Coluna do meio,Coluna do meio,Coluna 1,Coluna 1,Coluna 1
709,11/07/2016,Coluna 1,Coluna 2,Coluna 1,Coluna 2,Coluna do meio,Coluna do meio,Coluna 1,Coluna 1,Coluna 1,Coluna do meio,Coluna 1,Coluna 1,Coluna do meio,Coluna 1
708,04/07/2016,Coluna 2,Coluna 1,Coluna do meio,Coluna 1,Coluna 1,Coluna 1,Coluna 1,Coluna do meio,Coluna 1,Coluna do meio,Coluna 1,Coluna do meio,Coluna do meio,Coluna 1
707,27/06/2016,Coluna 2,Coluna 1,Coluna 1,Coluna do meio,Coluna 1,Coluna do meio,Coluna 2,Coluna 2,Coluna do meio,Coluna 2,Coluna do meio,Coluna 1,Coluna 1,Coluna 1
706,20/06/2016,Coluna do meio,Coluna 1,Coluna 1,Coluna 2,Coluna 2,Coluna 1,Coluna 2,Coluna 1,Coluna 2,Coluna 1,Coluna 1,Coluna 1,Coluna 1,Coluna 1
705,13/06/2016,Coluna 1,Coluna 2,Coluna do meio,Coluna 2,Coluna 2,Coluna 1,Coluna do meio,Coluna 1,Coluna do meio,Coluna 1,Coluna 1,Coluna 2,Coluna do meio,Coluna 2
704,06/06/2016,Coluna do meio,Coluna 1,Coluna 1,Coluna 2,Coluna 2,Coluna 1,Coluna 1,Coluna do meio,Coluna do meio,Coluna 1,Coluna 1,Coluna 1,Coluna 1,Coluna 2
703,30/05/2016,Coluna 1,Coluna 1,Coluna 2,Coluna 1,Coluna 1,Coluna 1,Coluna 2,Coluna 1,Coluna do meio,Coluna 1,Coluna do meio,Coluna 2,Coluna 2,Coluna 2
702,23/05/2016,Coluna 1,Coluna 2,Coluna do meio,Coluna 1,Coluna 2,Coluna do meio,Coluna 1,Coluna do meio,Coluna 1,Coluna do meio,Coluna 1,Coluna 1,Coluna do meio,Coluna 1
701,16/05/2016,Coluna do meio,Coluna 2,Coluna 1,Coluna 2,Coluna 2,Coluna do meio,Coluna 1,Coluna do meio,Coluna 2,Coluna 1,Coluna do meio,Coluna 1,Coluna 1,Coluna 1
700,09/05/2016,Coluna do meio,Coluna 1,Coluna 1,Coluna 2,Coluna do meio,Coluna 2,Coluna 1,Coluna 1,Coluna 1,Coluna 1,Coluna do meio,Coluna do meio,Coluna do meio,Coluna 1
699,02/05/2016,Coluna 2,Coluna do meio,Coluna 1,Coluna 2,Coluna do meio,Coluna 2,Coluna 1,Coluna 1,Coluna 2,Coluna do meio,Coluna 1,Coluna 2,Coluna do meio,Coluna 1
698,25/04/2016,Coluna 1,Coluna do meio,Coluna 1,Coluna 1,Coluna do meio,Coluna 1,Coluna 2,Coluna do meio,Coluna 1,Coluna 2,Coluna 2,Coluna 1,Coluna do meio,Coluna 2
697,18/04/2016,Coluna 2,Coluna 2,Coluna 1,Coluna 2,Coluna 2,Coluna 1,Coluna 2,Coluna do meio,Coluna 2,Coluna 1,Coluna 1,Coluna 2,Coluna do meio,Coluna 2
696,11/04/2016,Coluna 1,Coluna 2,Coluna do meio,Coluna 1,Coluna 2,Coluna do meio,Coluna do meio,Coluna 1,Coluna 2,Coluna 2,Coluna 1,Coluna 2,Coluna 1,Coluna 1
695,04/04/2016,Coluna 1,Coluna do meio,Coluna do meio,Coluna do meio,Coluna 2,Coluna 1,Coluna do meio,Coluna 2,Coluna 1,Coluna 1,Coluna 1,Coluna 2,Coluna 2,Coluna do meio
694,28/03/2016,Coluna 2,Coluna 1,Coluna do meio,Coluna 2,Coluna 2,Coluna 1,Coluna 1,Coluna 1,Coluna 1,Coluna do meio,Coluna 1,Coluna 2,Coluna 1,Coluna 1
693,21/03/2016,Coluna do meio,Coluna do meio,Coluna do meio,Coluna 2,Coluna 1,Coluna 2,Coluna 1,Coluna 2,Coluna 2,Coluna 1,Coluna do meio,Coluna 1,Coluna 2,Coluna 1
692,14/03/2016,Coluna 2,Coluna 2,Coluna 2,Coluna do meio,Coluna 1,Coluna 1,Coluna do meio,Coluna 2,Coluna 1,Coluna 1,Coluna 1,Coluna 1,Coluna 2,Coluna 2
691,07/03/2016,Coluna 1,Coluna do meio,Coluna 1,Coluna 1,Coluna do meio,Coluna 1,Coluna do meio,Coluna 2,Coluna 1,Coluna 2,Coluna 2,Coluna 1,Coluna 2,Coluna 1
690,29/02/2016,Coluna do meio,Coluna 2,Coluna 1,Coluna do meio,Coluna 1,Coluna 1,Coluna do meio,Coluna do meio,Coluna 1,Coluna 1,Coluna 1,Coluna 2,Coluna 1,Coluna do meio
689,22/02/2016,Coluna 2,Coluna do meio,Coluna 1,Coluna 1,Coluna 1,Coluna 1,Coluna 2,Coluna 2,Coluna 1,Coluna 1,Coluna 1,Coluna 1,Coluna 1,Coluna 2
688,15/02/2016,Coluna 1,Coluna 1,Coluna do meio,Coluna 2,Coluna do meio,Coluna 2,Coluna 2,Coluna do meio,Coluna 1,Coluna 2,Coluna 2,Coluna 1,Coluna do meio,Coluna 2
687,11/02/2016,Coluna 1,Coluna 1,Coluna 2,Coluna 2,Coluna 1,Coluna 1,Coluna do meio,Coluna do meio,Coluna 1,Coluna do meio,Coluna 2,Coluna 1,Coluna 2,Coluna do meio
686,01/02/2016,Coluna 2,Coluna 1,Coluna do meio,Coluna 2,Coluna 2,Coluna 2,Coluna 1,Coluna do meio,Coluna 2,Coluna 1,Coluna 1,Coluna 1,Coluna do meio,Coluna 1
685,25/01/2016,Coluna 1,Coluna 2,Coluna 2,Coluna 2,Coluna 1,Coluna 1,Coluna 2,Coluna do meio,Coluna 1,Coluna 1,Coluna do meio,Coluna 2,Coluna 1,Coluna 2
684,08/01/2016,Coluna 2,Coluna 2,Coluna 1,Coluna 1,Coluna 1,Coluna 2,Coluna do meio,Coluna 1,Coluna do meio,Coluna 2,Coluna 2,Coluna 2,Coluna 1,Coluna 2
683,04/01/2016,Coluna 1,Coluna 1,Coluna do meio,Coluna 2,Coluna 2,Coluna 2,Coluna do meio,Coluna 1,Coluna 1,Coluna do meio,Coluna 2,Coluna 2,Coluna do meio,Coluna 1
682,07/12/2015,Coluna 1,Coluna 2,Coluna do meio,Coluna 2,Coluna 1,Coluna 2,Coluna 1,Coluna 1,Coluna 2,Coluna do meio,Coluna 1,Coluna 1,Coluna 1,Coluna 1
681,30/11/2015,Coluna 1,Coluna 1,Coluna 1,Coluna do meio,Coluna 1,Coluna 2,Coluna 1,Coluna 2,Coluna 1,Coluna 1,Coluna 1,Coluna 2,Coluna 1,Coluna do meio
680,23/11/2015,Coluna 1,Coluna 1,Coluna do meio,Coluna do meio,Coluna 1,Coluna 1,Coluna 1,Coluna do meio,Coluna do meio,Coluna 2,Coluna 1,Coluna 1,Coluna do meio,Coluna do meio
679,18/11/2015,Coluna 1,Coluna 2,Coluna 1,Coluna 1,Coluna 1,Coluna 2,Coluna do meio,Coluna 1,Coluna do meio,Coluna 2,Coluna 1,Coluna 2,Coluna 1,Coluna 1
678,09/11/2015,Coluna 2,Coluna 1,Coluna 1,Coluna 1,Coluna 2,Coluna 1,Coluna 1,Coluna 2,Coluna 1,Coluna 1,Coluna 2,Coluna do meio,Coluna 1,Coluna 1
677,03/11/2015,Coluna 2,Coluna 2,Coluna 1,Coluna 2,Coluna 1,Coluna 2,Coluna 1,Coluna 1,Coluna do meio,Coluna do meio,Coluna do meio,Coluna 1,Coluna 1,Coluna 1
676,26/10/2015,Coluna 1,Coluna do meio,Coluna 2,Coluna 1,Coluna 2,Coluna do meio,Coluna do meio,Coluna do meio,Coluna do meio,Coluna 1,Coluna 2,Coluna 2,Coluna 2,Coluna 1
675,19/10/2015,Coluna 2,Coluna 1,Coluna 2,Coluna 2,Coluna 1,Coluna 1,Coluna 1,Coluna 1,Coluna 1,Coluna 1,Coluna 2,Coluna 1,Coluna 2,Coluna do meio
674,14/10/2015,Coluna 1,Coluna do meio,Coluna 1,Coluna 2,Coluna 2,Coluna 2,Coluna 2,Coluna 1,Coluna 2,Coluna 1,Coluna 1,Coluna 2,Coluna 1,Coluna 2
673,05/10/2015,Coluna 1,Coluna do meio,Coluna do meio,Coluna 2,Coluna 1,Coluna 1,Coluna 1,Coluna do meio,Coluna 1,Coluna 2,Coluna 1,Coluna 2,Coluna 1,Coluna 1
672,28/09/2015,Coluna 2,Coluna do meio,Coluna 1,Coluna 1,Coluna do meio,Coluna 2,Coluna 1,Coluna 2,Coluna 1,Coluna 1,Coluna 1,Coluna do meio,Coluna 1,Coluna 2
671,21/09/2015,Coluna 1,Coluna 1,Coluna 1,Coluna do meio,Coluna 2,Coluna 1,Coluna do meio,Coluna 2,Coluna 1,Coluna do meio,Coluna 1,Coluna 1,Coluna 1,Coluna 1
670,14/09/2015,Coluna do meio,Coluna 2,Coluna 1,Coluna do meio,Coluna 1,Coluna 1,Coluna do meio,Coluna 1,Coluna 1,Coluna 1,Coluna 2,Coluna 1,Coluna 2,Coluna 1
669,08/09/2015,Coluna 1,Coluna do meio,Coluna 2,Coluna 1,Coluna 2,Coluna 2,Coluna do meio,Coluna do meio,Coluna do meio,Coluna 2,Coluna 1,Coluna 1,Coluna do meio,Coluna 2
668,31/08/2015,Coluna 2,Coluna 2,Coluna 2,Coluna 1,Coluna 1,Coluna do meio,Coluna 1,Coluna 2,Coluna 1,Coluna 1,Coluna 1,Coluna 1,Coluna do meio,Coluna 2
667,24/08/2015,Coluna 1,Coluna 1,Coluna 1,Coluna 2,Coluna 1,Coluna 1,Coluna 1,Coluna 1,Coluna 1,Coluna 1,Coluna 1,Coluna do meio,Coluna 1,Coluna 1
666,17/08/2015,Coluna 1,Coluna do meio,Coluna 2,Coluna 1,Coluna 2,Coluna 2,Coluna 1,Coluna 1,Coluna 1,Coluna do meio,Coluna 1,Coluna 2,Coluna 2,Coluna do meio
665,10/08/2015,Coluna do meio,Coluna 1,Coluna 1,Coluna 1,Coluna 2,Coluna 1,Coluna do meio,Coluna do meio,Coluna 1,Coluna do meio,Coluna do meio,Coluna 1,Coluna do meio,Coluna 1
664,03/08/2015,Coluna 1,Coluna do meio,Coluna do meio,Coluna do meio,Coluna 1,Coluna 1,Coluna do meio,Coluna 1,Coluna 1,Coluna 1,Coluna 1,Coluna do meio,Coluna do meio,Coluna 2
663,27/07/2015,Coluna 1,Coluna 2,Coluna 2,Coluna 1,Coluna do meio,Coluna do meio,Coluna 1,Coluna 1,Coluna 2,Coluna do meio,Coluna 2,Coluna 1,Coluna do meio,Coluna do meio
662,20/07/2015,Coluna 2,Coluna 1,Coluna 1,Coluna 1,Coluna 1,Coluna 1,Coluna do meio,Coluna do meio,Coluna do meio,Coluna 1,Coluna 1,Coluna do meio,Coluna 1,Coluna 1
661,13/07/2015,Coluna 2,Coluna 2,Coluna do meio,Coluna 1,Coluna 1,Coluna 2,Coluna 1,Coluna 1,Coluna 2,Coluna 1,Coluna 1,Coluna 1,Coluna 1,Coluna 2
660,06/07/2015,Coluna do meio,Coluna 2,Coluna do meio,Coluna 1,Coluna 1,Coluna 2,Coluna 1,Coluna do meio,Coluna do meio,Coluna 1,Coluna 2,Coluna 1,Coluna 2,Coluna 2
659,29/06/2015,Coluna 1,Coluna 1,Coluna 1,Coluna 2,Coluna 1,Coluna do meio,Coluna 2,Coluna do meio,Coluna 1,Coluna 1,Coluna 1,Coluna 2,Coluna 2,Coluna 1
658,22/06/2015,Coluna 1,Coluna 1,Coluna 2,Coluna do meio,Coluna 1,Coluna 1,Coluna 1,Coluna 1,Coluna do meio,Coluna 1,Coluna do meio,Coluna 2,Coluna 1,Coluna 1
657,15/06/2015,Coluna 1,Coluna 1,Coluna 2,Coluna 1,Coluna 1,Coluna 1,Coluna do meio,Coluna 1,Coluna 1,Coluna do meio,Coluna 2,Coluna do meio,Coluna 1,Coluna 2
656,08/06/2015,Coluna 1,Coluna 2,Coluna 1,Coluna 1,Coluna 1,Coluna 2,Coluna 2,Coluna 1,Coluna do meio,Coluna 1,Coluna 1,Coluna do meio,Coluna 2,Coluna 1
655,01/06/2015,Coluna 2,Coluna 2,Coluna do meio,Coluna 1,Coluna do meio,Coluna 1,Coluna 1,Coluna 2,Coluna 1,Coluna 2,Coluna 1,Coluna do meio,Coluna do meio,Coluna 1
654,25/05/2015,Coluna do meio,Coluna 2,Coluna 1,Coluna 1,Coluna 1,Coluna do meio,Coluna 2,Coluna 1,Coluna 1,Coluna 1,Coluna do meio,Coluna 1,Coluna 1,Coluna do meio
653,18/05/2015,Coluna 1,Coluna do meio,Coluna 1,Coluna 2,Coluna 1,Coluna 1,Coluna 1,Coluna 1,Coluna do meio,Coluna 1,Coluna 1,Coluna 1,Coluna do meio,Coluna 1
652,11/05/2015,Coluna 1,Coluna 2,Coluna 1,Coluna do meio,Coluna 2,Coluna 1,Coluna 2,Coluna 1,Coluna do meio,Coluna 1,Coluna 1,Coluna do meio,Coluna do meio,Coluna do meio
651,04/05/2015,Coluna 2,Coluna 1,Coluna 2,Coluna do meio,Coluna 2,Coluna do meio,Coluna 1,Coluna do meio,Coluna 2,Coluna 1,Coluna do meio,Coluna 2,Coluna do meio,Coluna 1
650,27/04/2015,Coluna 1,Coluna do meio,Coluna do meio,Coluna 1,Coluna do meio,Coluna do meio,Coluna 1,Coluna 2,Coluna 2,Coluna 2,Coluna 1,Coluna do meio,Coluna 2,Coluna 1
649,20/04/2015,Coluna 2,Coluna 1,Coluna 1,Coluna 1,Coluna do meio,Coluna 1,Coluna 2,Coluna 1,Coluna 1,Coluna do meio,Coluna 1,Coluna 2,Coluna 1,Coluna 2
648,13/04/2015,Coluna 1,Coluna do meio,Coluna 1,Coluna 1,Coluna 2,Coluna 1,Coluna 1,Coluna 2,Coluna 2,Coluna 1,Coluna do meio,Coluna 1,Coluna 2,Coluna 1
647,06/04/2015,Coluna 1,Coluna do meio,Coluna 1,Coluna do meio,Coluna 1,Coluna 2,Coluna 2,Coluna 1,Coluna 1,Coluna 2,Coluna 1,Coluna 2,Coluna 2,Coluna do meio
646,30/03/2015,Coluna do meio,Coluna 2,Coluna 1,Coluna do meio,Coluna do meio,Coluna 1,Coluna 1,Coluna do meio,Coluna do meio,Coluna 1,Coluna do meio,Coluna 2,Coluna 1,Coluna do meio
645,23/03/2015,Coluna 1,Coluna 2,Coluna do meio,Coluna 2,Coluna 2,Coluna 2,Coluna 2,Coluna 2,Coluna do meio,Coluna 2,Coluna 2,Coluna 1,Coluna do meio,Coluna 2
644,16/03/2015,Coluna 2,Coluna 1,Coluna do meio,Coluna 1,Coluna 1,Coluna 1,Coluna 2,Coluna 1,Coluna 2,Coluna 1,Coluna 2,Coluna 1,Coluna 2,Coluna do meio
643,09/03/2015,Coluna 1,Coluna 2,Coluna 2,Coluna 1,Coluna 1,Coluna 1,Coluna do meio,Coluna 1,Coluna 1,Coluna 1,Coluna do meio,Coluna 1,Coluna 2,Coluna do meio
642,02/03/2015,Coluna 1,Coluna do meio,Coluna do meio,Coluna 1,Coluna do meio,Coluna 1,Coluna 1,Coluna 1,Coluna 1,Coluna 1,Coluna 2,Coluna 1,Coluna do meio,Coluna do meio
641,23/02/2015,Coluna 2,Coluna 2,Coluna 1,Coluna 2,Coluna 1,Coluna 2,Coluna 1,Coluna 1,Coluna 2,Coluna do meio,Coluna do meio,Coluna 1,Coluna 2,Coluna 1
640,18/02/2015,Coluna 1,Coluna 2,Coluna 2,Coluna 2,Coluna 1,Coluna 2,Coluna 1,Coluna 1,Coluna 2,Coluna 2,Coluna do meio,Coluna do meio,Coluna 2,Coluna 2
639,09/02/2015,Coluna 2,Coluna do meio,Coluna 1,Coluna do meio,Coluna 1,Coluna 1,Coluna 1,Coluna 2,Coluna 1,Coluna 2,Coluna 1,Coluna do meio,Coluna 1,Coluna 2
638,02/02/2015,Coluna 1,Coluna 2,Coluna 1,Coluna do meio,Coluna do meio,Coluna 2,Coluna 2,Coluna 2,Coluna 1,Coluna 1,Coluna 1,Coluna 1,Coluna do meio,Coluna 2
637,26/01/2015,Coluna do meio,Coluna 1,Coluna do meio,Coluna 2,Coluna 2,Coluna 2,Coluna 2,Coluna 1,Coluna 2,Coluna do meio,Coluna 1,Coluna 1,Coluna do meio,Coluna 1
636,19/01/2015,Coluna 2,Coluna 1,Coluna 1,Coluna 1,Coluna 1,Coluna 1,Coluna 2,Coluna do meio,Coluna 2,Coluna 1,Coluna 1,Coluna 1,Coluna do meio,Coluna do meio
635,12/01/2015,Coluna do meio,Coluna 2,Coluna 2,Coluna 2,Coluna 1,Coluna 2,Coluna do meio,Coluna 1,Coluna do meio,Coluna 1,Coluna 2,Coluna 2,Coluna 1,Coluna 2
634,05/01/2015,Coluna 1,Coluna 2,Coluna do meio,Coluna do meio,Coluna 1,Coluna 1,Coluna 1,Coluna 1,Coluna do meio,Coluna do meio,Coluna do meio,Coluna 1,Coluna do meio,Coluna 1
633,08/12/2014,Coluna do meio,Coluna do meio,Coluna 2,Coluna do meio,Coluna do meio,Coluna do meio,Coluna 1,Coluna 1,Coluna do meio,Coluna do meio,Coluna 1,Coluna 1,Coluna 1,Coluna 1
632,01/12/2014,Coluna 1,Coluna 1,Coluna 1,Coluna do meio,Coluna 1,Coluna 2,Coluna 1,Coluna 1,Coluna do meio,Coluna do meio,Coluna 1,Coluna 1,Coluna do meio,Coluna 2
631,24/11/2014,Coluna 1,Coluna 1,Coluna 1,Coluna 2,Coluna 2,Coluna do meio,Coluna do meio,Coluna 1,Coluna do meio,Coluna do meio,Coluna 1,Coluna 2,Coluna 1,Coluna 2
630,17/11/2014,Coluna 1,Coluna do meio,Coluna 1,Coluna 1,Coluna 1,Coluna 1,Coluna 1,Coluna 2,Coluna 1,Coluna 2,Coluna 2,Coluna 2,Coluna 2,Coluna 1
629,10/11/2014,Coluna 1,Coluna 2,Coluna do meio,Coluna do meio,Coluna 2,Coluna 1,Coluna do meio,Coluna 1,Coluna 2,Coluna 1,Coluna 2,Coluna 1,Coluna 1,Coluna 1
628,03/11/2014,Coluna 1,Coluna 1,Coluna 2,Coluna 1,Coluna 1,Coluna 1,Coluna 2,Coluna 1,Coluna do meio,Coluna 1,Coluna 2,Coluna 2,Coluna 1,Coluna 2
627,27/10/2014,Coluna 1,Coluna 1,Coluna do meio,Coluna do meio,Coluna 1,Coluna 1,Coluna 2,Coluna 1,Coluna 1,Coluna do meio,Coluna do meio,Coluna do meio,Coluna 1,Coluna 1
626,20/10/2014,Coluna 2,Coluna do meio,Coluna 1,Coluna 1,Coluna 1,Coluna 1,Coluna do meio,Coluna 1,Coluna do meio,Coluna 1,Coluna 1,Coluna 1,Coluna 1,Coluna do meio
625,13/10/2014,Coluna 1,Coluna 1,Coluna 1,Coluna 1,Coluna do meio,Coluna do meio,Coluna 1,Coluna 2,Coluna 1,Coluna 1,Coluna 1,Coluna 2,Coluna 1,Coluna 1
624,06/10/2014,Coluna 2,Coluna 2,Coluna 1,Coluna 1,Coluna do meio,Coluna 1,Coluna do meio,Coluna 1,Coluna 1,Coluna 1,Coluna 1,Coluna 1,Coluna do meio,Coluna 2
623,29/09/2014,Coluna 2,Coluna 1,Coluna 1,Coluna 1,Coluna do meio,Coluna 1,Coluna 1,Coluna do meio,Coluna 1,Coluna 1,Coluna 1,Coluna 1,Coluna do meio,Coluna 1
622,22/09/2014,Coluna do meio,Coluna 1,Coluna 1,Coluna 1,Coluna 2,Coluna 1,Coluna 1,Coluna 1,Coluna 2,Coluna do meio,Coluna 1,Coluna 1,Coluna 1,Coluna 2
621,15/09/2014,Coluna 1,Coluna 1,Coluna do meio,Coluna 1,Coluna do meio,Coluna do meio,Coluna 1,Coluna 1,Coluna do meio,Coluna 1,Coluna 1,Coluna 1,Coluna 1,Coluna 1
620,08/09/2014,Coluna 2,Coluna 1,Coluna 1,Coluna 2,Coluna 1,Coluna do meio,Coluna 1,Coluna 1,Coluna do meio,Coluna do meio,Coluna do meio,Coluna 1,Coluna 2,Coluna do meio
619,01/09/2014,Coluna do meio,Coluna 2,Coluna 2,Coluna do meio,Coluna do meio,Coluna 1,Coluna 1,Coluna 1,Coluna do meio,Coluna 1,Coluna do meio,Coluna 1,Coluna 1,Coluna 1
618,25/08/2014,Coluna 1,Coluna 1,Coluna 1,Coluna 2,Coluna 2,Coluna do meio,Coluna 1,Coluna 1,Coluna 1,Coluna 2,Coluna do meio,Coluna 2,Coluna 2,Coluna 1
617,18/08/2014,Coluna 1,Coluna 1,Coluna do meio,Coluna 2,Coluna 1,Coluna 1,Coluna 1,Coluna 2,Coluna do meio,Coluna 2,Coluna do meio,Coluna 1,Coluna 2,Coluna 2
616,11/08/2014,Coluna 2,Coluna 1,Coluna 1,Coluna 2,Coluna 2,Coluna 1,Coluna 2,Coluna do meio,Coluna 1,Coluna 1,Coluna 1,Coluna 2,Coluna do meio,Coluna 1
615,04/08/2014,Coluna do meio,Coluna do meio,Coluna do meio,Coluna 1,Coluna 1,Coluna do meio,Coluna 2,Coluna do meio,Coluna 1,Coluna 1,Coluna 1,Coluna 1,Coluna 1,Coluna 1
614,28/07/2014,Coluna 1,Coluna 2,Coluna 2,Coluna do meio,Coluna 2,Coluna 1,Coluna 1,Coluna 2,Coluna 1,Coluna 2,Coluna 1,Coluna 1,Coluna 1,Coluna 1
613,21/07/2014,Coluna 1,Coluna 1,Coluna 1,Coluna 1,Coluna do meio,Coluna 2,Coluna do meio,Coluna do meio,Coluna do meio,Coluna do meio,Coluna 2,Coluna 2,Coluna 2,Coluna 1
612,26/06/2014,Coluna 2,Coluna 2,Coluna 1,Coluna 2,Coluna 2,Coluna do meio,Coluna 2,Coluna 1,Coluna 2,Coluna 1,Coluna 2,Coluna do meio,Coluna 2,Coluna 1
611,23/06/2014,Coluna do meio,Coluna 1,Coluna do meio,Coluna 2,Coluna 2,Coluna 2,Coluna 1,Coluna 1,Coluna do meio,Coluna 2,Coluna 2,Coluna 2,Coluna do meio,Coluna 1
610,16/06/2014,Coluna 1,Coluna 1,Coluna 2,Coluna 1,Coluna 1,Coluna 2,Coluna 2,Coluna 1,Coluna 1,Coluna 1,Coluna 1,Coluna 1,Coluna do meio,Coluna 2
609,02/06/2014,Coluna 1,Coluna do meio,Coluna 1,Coluna do meio,Coluna 2,Coluna 2,Coluna do meio,Coluna 1,Coluna 2,Coluna do meio,Coluna 1,Coluna 1,Coluna 2,Coluna do meio
608,26/05/2014,Coluna do meio,Coluna do meio,Coluna 1,Coluna do meio,Coluna 2,Coluna 1,Coluna do meio,Coluna 1,Coluna 2,Coluna 2,Coluna 1,Coluna do meio,Coluna 2,Coluna 2
607,19/05/2014,Coluna 2,Coluna 2,Coluna do meio,Coluna do meio,Coluna do meio,Coluna 1,Coluna 2,Coluna do meio,Coluna do meio,Coluna 1,Coluna 1,Coluna 2,Coluna 2,Coluna 1
606,12/05/2014,Coluna 1,Coluna do meio,Coluna do meio,Coluna 1,Coluna 2,Coluna 1,Coluna 1,Coluna 1,Coluna 1,Coluna 1,Coluna 2,Coluna 2,Coluna 2,Coluna 1
605,05/05/2014,Coluna 1,Coluna do meio,Coluna 1,Coluna 2,Coluna do meio,Coluna 1,Coluna do meio,Coluna 1,Coluna 2,Coluna 2,Coluna 1,Coluna 2,Coluna 2,Coluna do meio
604,28/04/2014,Coluna 1,Coluna do meio,Coluna do meio,Coluna do meio,Coluna 1,Coluna 1,Coluna 1,Coluna 2,Coluna do meio,Coluna do meio,Coluna 1,Coluna do meio,Coluna 2,Coluna 1
603,22/04/2014,Coluna do meio,Coluna 1,Coluna do meio,Coluna do meio,Coluna do meio,Coluna 1,Coluna 1,Coluna do meio,Coluna 1,Coluna 1,Coluna 1,Coluna 2,Coluna do meio,Coluna 2
602,14/04/2014,Coluna do meio,Coluna 2,Coluna 1,Coluna do meio,Coluna 1,Coluna do meio,Coluna 1,Coluna 1,Coluna 1,Coluna 1,Coluna 2,Coluna 1,Coluna do meio,Coluna 1
601,07/04/2014,Coluna do meio,Coluna 2,Coluna 2,Coluna do meio,Coluna 2,Coluna 1,Coluna do meio,Coluna 1,Coluna do meio,Coluna 1,Coluna 1,Coluna 2,Coluna 1,Coluna 1
600,31/03/2014,Coluna 2,Coluna do meio,Coluna do meio,Coluna 1,Coluna 2,Coluna 1,Coluna do meio,Coluna 1,Coluna 1,Coluna do meio,Coluna 1,Coluna 2,Coluna do meio,Coluna 2
599,24/03/2014,Coluna 1,Coluna 1,Coluna 1,Coluna 2,Coluna 1,Coluna 1,Coluna 1,Coluna 1,Coluna 1,Coluna do meio,Coluna 2,Coluna 1,Coluna 2,Coluna 1
598,17/03/2014,Coluna do meio,Coluna 1,Coluna 1,Coluna 1,Coluna 1,Coluna 1,Coluna 2,Coluna 2,Coluna do meio,Coluna 1,Coluna 1,Coluna 1,Coluna 1,Coluna 1
597,10/03/2014,Coluna 2,Coluna do meio,Coluna do meio,Coluna 1,Coluna do meio,Coluna 1,Coluna do meio,Coluna 1,Coluna do meio,Coluna 1,Coluna do meio,Coluna 2,Coluna 2,Coluna 2
596,06/03/2014,Coluna 2,Coluna do meio,Coluna do meio,Coluna 2,Coluna do meio,Coluna 2,Coluna 2,Coluna 1,Coluna 1,Coluna 2,Coluna 2,Coluna do meio,Coluna 1,Coluna do meio
595,24/02/2014,Coluna 2,Coluna do meio,Coluna 2,Coluna 1,Coluna do meio,Coluna 2,Coluna 2,Coluna 2,Coluna do meio,Coluna 1,Coluna 2,Coluna 1,Coluna 1,Coluna do meio
594,17/02/2014,Coluna 2,Coluna do meio,Coluna 2,Coluna do meio,Coluna 2,Coluna 1,Coluna 2,Coluna 1,Coluna 1,Coluna 1,Coluna 1,Coluna do meio,Coluna 1,Coluna do meio
593,10/02/2014,Coluna 2,Coluna do meio,Coluna 1,Coluna 1,Coluna 1,Coluna 2,Coluna 1,Coluna 2,Coluna 1,Coluna do meio,Coluna do meio,Coluna 2,Coluna 1,Coluna do meio
592,03/02/2014,Coluna 1,Coluna 1,Coluna 1,Coluna do meio,Coluna do meio,Coluna 1,Coluna 2,Coluna 1,Coluna 1,Coluna 1,Coluna do meio,Coluna 2,Coluna 1,Coluna 1
591,28/01/2014,Coluna 1,Coluna do meio,Coluna 2,Coluna do meio,Coluna do meio,Coluna do meio,Coluna 1,Coluna 1,Coluna 1,Coluna 1,Coluna 1,Coluna 1,Coluna 2,Coluna 1
590,20/01/2014,Coluna 2,Coluna 1,Coluna 1,Coluna 2,Coluna 2,Coluna 2,Coluna do meio,Coluna 1,Coluna do meio,Coluna do meio,Coluna 1,Coluna 1,Coluna do meio,Coluna 1
589,13/01/2014,Coluna 2,Coluna 1,Coluna do meio,Coluna 1,Coluna do meio,Coluna 2,Coluna 1,Coluna 2,Coluna do meio,Coluna do meio,Coluna 2,Coluna 2,Coluna 1,Coluna 2
588,06/01/2014,Coluna 2,Coluna 1,Coluna do meio,Coluna 1,Coluna 2,Coluna 1,Coluna 1,Coluna 1,Coluna 1,Coluna 1,Coluna 1,Coluna 2,Coluna do meio,Coluna do meio
587,09/12/2013,Coluna do meio,Coluna do meio,Coluna 1,Coluna 1,Coluna 1,Coluna 2,Coluna do meio,Coluna 1,Coluna do meio,Coluna 2,Coluna do meio,Coluna 1,Coluna 2,Coluna 2
586,02/12/2013,Coluna do meio,Coluna 1,Coluna 1,Coluna do meio,Coluna 2,Coluna do meio,Coluna 1,Coluna 1,Coluna 2,Coluna 1,Coluna 1,Coluna 1,Coluna 2,Coluna do meio
585,25/11/2013,Coluna 1,Coluna 1,Coluna do meio,Coluna 1,Coluna do meio,Coluna 2,Coluna 1,Coluna 1,Coluna do meio,Coluna 1,Coluna 1,Coluna do meio,Coluna do meio,Coluna 1
584,18/11/2013,Coluna 1,Coluna 1,Coluna do meio,Coluna 1,Coluna 1,Coluna 1,Coluna 1,Coluna 1,Coluna 2,Coluna do meio,Coluna 1,Coluna 2,Coluna 1,Coluna 1
583,11/11/2013,Coluna 1,Coluna 1,Coluna do meio,Coluna 1,Coluna 1,Coluna 1,Coluna 1,Coluna do meio,Coluna do meio,Coluna do meio,Coluna 2,Coluna 2,Coluna 1,Coluna 1
582,04/11/2013,Coluna 1,Coluna 2,Coluna 1,Coluna 2,Coluna do meio,Coluna do meio,Coluna 1,Coluna 1,Coluna 1,Coluna do meio,Coluna 1,Coluna 1,Coluna do meio,Coluna do meio
581,28/10/2013,Coluna do meio,Coluna 1,Coluna do meio,Coluna do meio,Coluna 1,Coluna 1,Coluna 1,Coluna 1,Coluna do meio,Coluna 1,Coluna 2,Coluna 2,Coluna 1,Coluna 2
580,21/10/2013,Coluna do meio,Coluna 1,Coluna 2,Coluna 2,Coluna 2,Coluna do meio,Coluna 1,Coluna 2,Coluna do meio,Coluna 1,Coluna do meio,Coluna 1,Coluna 1,Coluna do meio
579,14/10/2013,Coluna 1,Coluna do meio,Coluna do meio,Coluna do meio,Coluna 1,Coluna 1,Coluna 2,Coluna 1,Coluna 1,Coluna 1,Coluna 1,Coluna 1,Coluna 1,Coluna 1
578,07/10/2013,Coluna do meio,Coluna 1,Coluna 2,Coluna 1,Coluna 1,Coluna do meio,Coluna 1,Coluna 1,Coluna 1,Coluna do meio,Coluna 1,Coluna 2,Coluna do meio,Coluna do meio
577,30/09/2013,Coluna 2,Coluna do meio,Coluna 1,Coluna do meio,Coluna do meio,Coluna 2,Coluna do meio,Coluna 2,Coluna 1,Coluna 1,Coluna 2,Coluna 1,Coluna 2,Coluna 2
576,23/09/2013,Coluna do meio,Coluna do meio,Coluna 1,Coluna 1,Coluna 1,Coluna do meio,Coluna 1,Coluna do meio,Coluna do meio,Coluna 2,Coluna 1,Coluna 1,Coluna 2,Coluna 1
575,16/09/2013,Coluna 2,Coluna 2,Coluna 2,Coluna 1,Coluna do meio,Coluna 1,Coluna 1,Coluna 1,Coluna 2,Coluna do meio,Coluna 1,Coluna 1,Coluna do meio,Coluna 2
574,09/09/2013,Coluna 1,Coluna 1,Coluna 1,Coluna 2,Coluna 2,Coluna do meio,Coluna 1,Coluna 1,Coluna do meio,Coluna 1,Coluna do meio,Coluna 2,Coluna do meio,Coluna 1
573,02/09/2013,Coluna 1,Coluna 1,Coluna do meio,Coluna 1,Coluna 1,Coluna do meio,Coluna do meio,Coluna 1,Coluna 1,Coluna 2,Coluna 2,Coluna do meio,Coluna 2,Coluna do meio
572,26/08/2013,Coluna 2,Coluna do meio,Coluna do meio,Coluna 2,Coluna 1,Coluna 1,Coluna do meio,Coluna 1,Coluna 1,Coluna 2,Coluna 1,Coluna 1,Coluna 1,Coluna 1
571,19/08/2013,Coluna do meio,Coluna 1,Coluna 2,Coluna 1,Coluna 1,Coluna 1,Coluna do meio,Coluna do meio,Coluna 2,Coluna 2,Coluna 2,Coluna 1,Coluna 1,Coluna do meio
570,12/08/2013,Coluna 2,Coluna 2,Coluna 2,Coluna 1,Coluna 1,Coluna do meio,Coluna 2,Coluna 1,Coluna do meio,Coluna do meio,Coluna do meio,Coluna 1,Coluna 1,Coluna do meio
569,05/08/2013,Coluna 1,Coluna 2,Coluna 1,Coluna 1,Coluna 1,Coluna do meio,Coluna 1,Coluna 2,Coluna 2,Coluna 1,Coluna 1,Coluna 1,Coluna do meio,Coluna do meio
568,29/07/2013,Coluna do meio,Coluna 1,Coluna 1,Coluna 1,Coluna 1,Coluna 1,Coluna 1,Coluna 1,Coluna 1,Coluna do meio,Coluna 1,Coluna 1,Coluna 2,Coluna do meio
567,22/07/2013,Coluna 2,Coluna 1,Coluna 1,Coluna 2,Coluna 1,Coluna do meio,Coluna 2,Coluna do meio,Coluna do meio,Coluna 1,Coluna do meio,Coluna 1,Coluna do meio,Coluna 2
566,15/07/2013,Coluna 2,Coluna 2,Coluna 2,Coluna do meio,Coluna 2,Coluna do meio,Coluna 1,Coluna 1,Coluna do meio,Coluna 1,Coluna 1,Coluna do meio,Coluna 1,Coluna 1
565,08/07/2013,Coluna 2,Coluna 1,Coluna do meio,Coluna 1,Coluna 1,Coluna 2,Coluna do meio,Coluna do meio,Coluna 2,Coluna do meio,Coluna 2,Coluna 1,Coluna 1,Coluna 1
564,01/07/2013,Coluna do meio,Coluna 2,Coluna 1,Coluna do meio,Coluna 1,Coluna 2,Coluna 1,Coluna 1,Coluna do meio,Coluna 2,Coluna 2,Coluna 2,Coluna 1,Coluna 1
563,24/06/2013,Coluna 1,Coluna 2,Coluna 1,Coluna 2,Coluna 1,Coluna 2,Coluna 1,Coluna 1,Coluna 1,Coluna 2,Coluna 2,Coluna 2,Coluna 1,Coluna 2
562,10/06/2013,Coluna 1,Coluna 2,Coluna 1,Coluna 1,Coluna do meio,Coluna 1,Coluna 1,Coluna do meio,Coluna 2,Coluna do meio,Coluna 1,Coluna 1,Coluna do meio,Coluna do meio
561,03/06/2013,Coluna do meio,Coluna do meio,Coluna 1,Coluna 2,Coluna 2,Coluna do meio,Coluna 1,Coluna 1,Coluna do meio,Coluna do meio,Coluna do meio,Coluna do meio,Coluna 2,Coluna 1
560,27/05/2013,Coluna do meio,Coluna 1,Coluna 2,Coluna 1,Coluna 1,Coluna 1,Coluna 2,Coluna do meio,Coluna 1,Coluna 1,Coluna 1,Coluna 1,Coluna 1,Coluna do meio
559,20/05/2013,Coluna do meio,Coluna do meio,Coluna 1,Coluna do meio,Coluna 1,Coluna do meio,Coluna do meio,Coluna 2,Coluna 2,Coluna 2,Coluna 1,Coluna 1,Coluna 1,Coluna 1
558,13/05/2013,Coluna 1,Coluna 1,Coluna 2,Coluna 1,Coluna 2,Coluna 2,Coluna do meio,Coluna do meio,Coluna 2,Coluna 2,Coluna do meio,Coluna 1,Coluna 1,Coluna 1
557,06/05/2013,Coluna 1,Coluna do meio,Coluna do meio,Coluna 1,Coluna 2,Coluna 1,Coluna do meio,Coluna 1,Coluna 2,Coluna 1,Coluna 1,Coluna 2,Coluna 1,Coluna do meio
556,29/04/2013,Coluna do meio,Coluna 1,Coluna 2,Coluna 1,Coluna 1,Coluna 1,Coluna 1,Coluna 2,Coluna do meio,Coluna 1,Coluna 2,Coluna 1,Coluna 1,Coluna 1
555,22/04/2013,Coluna 1,Coluna 1,Coluna 2,Coluna do meio,Coluna do meio,Coluna 2,Coluna do meio,Coluna 1,Coluna 1,Coluna 1,Coluna 1,Coluna 2,Coluna 1,Coluna 1
554,15/04/2013,Coluna 1,Coluna 1,Coluna 2,Coluna 2,Coluna do meio,Coluna 1,Coluna 1,Coluna do meio,Coluna 1,Coluna 2,Coluna do meio,Coluna do meio,Coluna 1,Coluna 2
553,08/04/2013,Coluna 2,Coluna do meio,Coluna 1,Coluna do meio,Coluna 1,Coluna 2,Coluna 1,Coluna 1,Coluna do meio,Coluna 2,Coluna 1,Coluna 1,Coluna 2,Coluna 2
552,01/04/2013,Coluna 2,Coluna 2,Coluna 1,Coluna do meio,Coluna 1,Coluna 2,Coluna 1,Coluna 2,Coluna do meio,Coluna 1,Coluna do meio,Coluna 1,Coluna 2,Coluna 2
551,25/03/2013,Coluna do meio,Coluna do meio,Coluna 2,Coluna 1,Coluna 1,Coluna 1,Coluna do meio,Coluna do meio,Coluna 2,Coluna 1,Coluna 2,Coluna 2,Coluna do meio,Coluna 2
550,18/03/2013,Coluna 1,Coluna 1,Coluna 1,Coluna do meio,Coluna 1,Coluna 1,Coluna 2,Coluna 2,Coluna do meio,Coluna 1,Coluna do meio,Coluna do meio,Coluna 2,Coluna 1
549,12/03/2013,Coluna 2,Coluna 2,Coluna 2,Coluna 1,Coluna 2,Coluna 1,Coluna 1,Coluna 1,Coluna 1,Coluna 1,Coluna 1,Coluna 1,Coluna 1,Coluna do meio
548,04/03/2013,Coluna 2,Coluna 1,Coluna 1,Coluna 2,Coluna 1,Coluna 2,Coluna 2,Coluna do meio,Coluna 2,Coluna 1,Coluna 1,Coluna 1,Coluna 2,Coluna do meio
547,25/02/2013,Coluna 1,Coluna do meio,Coluna 1,Coluna 2,Coluna do meio,Coluna do meio,Coluna 1,Coluna 1,Coluna 2,Coluna 1,Coluna 2,Coluna do meio,Coluna 1,Coluna 1
546,18/02/2013,Coluna 1,Coluna do meio,Coluna do meio,Coluna 1,Coluna do meio,Coluna 1,Coluna 2,Coluna 2,Coluna do meio,Coluna 2,Coluna 1,Coluna 1,Coluna 2,Coluna 1
545,14/02/2013,Coluna do meio,Coluna do meio,Coluna 1,Coluna 1,Coluna 1,Coluna 1,Coluna do meio,Coluna 2,Coluna 1,Coluna do meio,Coluna do meio,Coluna do meio,Coluna 1,Coluna 2
544,04/02/2013,Coluna 1,Coluna 1,Coluna 1,Coluna 2,Coluna 2,Coluna 2,Coluna do meio,Coluna 2,Coluna 1,Coluna 2,Coluna do meio,Coluna 1,Coluna do meio,Coluna 1
543,28/01/2013,Coluna do meio,Coluna do meio,Coluna do meio,Coluna 2,Coluna 1,Coluna 1,Coluna 2,Coluna 1,Coluna do meio,Coluna do meio,Coluna 1,Coluna do meio,Coluna 1,Coluna 2
542,21/01/2013,Coluna 1,Coluna 1,Coluna 1,Coluna do meio,Coluna 1,Coluna 2,Coluna 2,Coluna do meio,Coluna 1,Coluna 1,Coluna 1,Coluna 2,Coluna 1,Coluna 2
541,14/01/2013,Coluna 2,Coluna do meio,Coluna 2,Coluna 1,Coluna do meio,Coluna 2,Coluna 2,Coluna 2,Coluna do meio,Coluna do meio,Coluna do meio,Coluna 2,Coluna 1,Coluna do meio
540,07/01/2013,Coluna 1,Coluna 1,Coluna 2,Coluna 1,Coluna 1,Coluna do meio,Coluna do meio,Coluna do meio,Coluna do meio,Coluna 1,Coluna 1,Coluna do meio,Coluna 1,Coluna 1
539,03/12/2012,Coluna 1,Coluna do meio,Coluna do meio,Coluna 1,Coluna 2,Coluna 1,Coluna 1,Coluna 2,Coluna 2,Coluna do meio,Coluna do meio,Coluna 1,Coluna 2,Coluna 1
538,26/11/2012,Coluna do meio,Coluna do meio,Coluna 1,Coluna do meio,Coluna 1,Coluna 2,Coluna do meio,Coluna do meio,Coluna do meio,Coluna 2,Coluna 2,Coluna 2,Coluna 2,Coluna do meio
537,19/11/2012,Coluna do meio,Coluna 2,Coluna 2,Coluna do meio,Coluna do meio,Coluna do meio,Coluna 1,Coluna 1,Coluna 1,Coluna do meio,Coluna 1,Coluna 1,Coluna 2,Coluna do meio
536,12/11/2012,Coluna 2,Coluna do meio,Coluna 1,Coluna 1,Coluna 2,Coluna 2,Coluna do meio,Coluna 1,Coluna 1,Coluna 2,Coluna do meio,Coluna 1,Coluna 1,Coluna 1
535,05/11/2012,Coluna do meio,Coluna 2,Coluna 1,Coluna 2,Coluna 2,Coluna do meio,Coluna 1,Coluna 1,Coluna 2,Coluna do meio,Coluna 1,Coluna 2,Coluna 2,Coluna 1
534,29/10/2012,Coluna 1,Coluna 1,Coluna 2,Coluna do meio,Coluna 1,Coluna 1,Coluna 1,Coluna 1,Coluna 1,Coluna 1,Coluna 2,Coluna do meio,Coluna do meio,Coluna 1
533,22/10/2012,Coluna 1,Coluna 1,Coluna 2,Coluna 2,Coluna 1,Coluna 1,Coluna do meio,Coluna 1,Coluna do meio,Coluna do meio,Coluna 2,Coluna do meio,Coluna 1,Coluna 1
532,15/10/2012,Coluna 1,Coluna do meio,Coluna 1,Coluna 1,Coluna 2,Coluna 2,Coluna 1,Coluna do meio,Coluna 1,Coluna 1,Coluna 1,Coluna 1,Coluna 1,Coluna do meio
531,08/10/2012,Coluna 1,Coluna 1,Coluna 1,Coluna 1,Coluna do meio,Coluna 1,Coluna do meio,Coluna 1,Coluna do meio,Coluna 1,Coluna 1,Coluna 2,Coluna do meio,Coluna 1
530,01/10/2012,Coluna 2,Coluna 1,Coluna do meio,Coluna 1,Coluna 1,Coluna do meio,Coluna do meio,Coluna 1,Coluna do meio,Coluna 1,Coluna 1,Coluna do meio,Coluna 1,Coluna do meio
529,24/09/2012,Coluna do meio,Coluna 1,Coluna 2,Coluna 1,Coluna 1,Coluna 2,Coluna 2,Coluna 2,Coluna 2,Coluna 1,Coluna 1,Coluna 1,Coluna do meio,Coluna do meio
528,17/09/2012,Coluna do meio,Coluna do meio,Coluna 2,Coluna 1,Coluna 1,Coluna do meio,Coluna do meio,Coluna 1,Coluna do meio,Coluna do meio,Coluna 2,Coluna 1,Coluna 2,Coluna 1
527,10/09/2012,Coluna do meio,Coluna 1,Coluna 1,Coluna 1,Coluna 2,Coluna do meio,Coluna 2,Coluna 1,Coluna do meio,Coluna 1,Coluna do meio,Coluna 1,Coluna 2,Coluna 2
526,03/09/2012,Coluna 1,Coluna 1,Coluna do meio,Coluna 2,Coluna do meio,Coluna 2,Coluna 1,Coluna 1,Coluna 1,Coluna 1,Coluna 1,Coluna 1,Coluna 1,Coluna do meio
525,27/08/2012,Coluna 2,Coluna 2,Coluna do meio,Coluna do meio,Coluna 1,Coluna 2,Coluna 1,Coluna 1,Coluna 1,Coluna do meio,Coluna do meio,Coluna 2,Coluna 2,Coluna do meio
524,20/08/2012,Coluna 1,Coluna 1,Coluna 1,Coluna 1,Coluna do meio,Coluna 2,Coluna 1,Coluna 1,Coluna 1,Coluna 1,Coluna do meio,Coluna 1,Coluna 1,Coluna 1
523,13/08/2012,Coluna 1,Coluna 2,Coluna 2,Coluna do meio,Coluna 1,Coluna 1,Coluna 2,Coluna 2,Coluna 1,Coluna do meio,Coluna do meio,Coluna 2,Coluna 1,Coluna 1
522,06/08/2012,Coluna do meio,Coluna 2,Coluna 1,Coluna 1,Coluna do meio,Coluna 1,Coluna 1,Coluna 1,Coluna 2,Coluna 2,Coluna 1,Coluna 1,Coluna 2,Coluna do meio
521,30/07/2012,Coluna do meio,Coluna 1,Coluna 1,Coluna 1,Coluna do meio,Coluna 1,Coluna 1,Coluna 1,Coluna do meio,Coluna do meio,Coluna do meio,Coluna 1,Coluna 1,Coluna 1
520,23/07/2012,Coluna 1,Coluna 2,Coluna 1,Coluna 1,Coluna 1,Coluna 2,Coluna 2,Coluna 1,Coluna do meio,Coluna do meio,Coluna 2,Coluna 1,Coluna 2,Coluna 2
519,16/07/2012,Coluna do meio,Coluna do meio,Coluna do meio,Coluna 1,Coluna do meio,Coluna do meio,Coluna 1,Coluna 1,Coluna 1,Coluna 1,Coluna 2,Coluna 2,Coluna 2,Coluna do meio
518,09/07/2012,Coluna 1,Coluna 1,Coluna 1,Coluna 1,Coluna 1,Coluna do meio,Coluna 2,Coluna 2,Coluna do meio,Coluna 1,Coluna 1,Coluna do meio,Coluna 1,Coluna 1
517,02/07/2012,Coluna 2,Coluna 1,Coluna 2,Coluna 1,Coluna do meio,Coluna 1,Coluna do meio,Coluna do meio,Coluna do meio,Coluna do meio,Coluna 2,Coluna 1,Coluna 1,Coluna 2
516,25/06/2012,Coluna 1,Coluna 1,Coluna 1,Coluna 1,Coluna do meio,Coluna 1,Coluna 1,Coluna 2,Coluna do meio,Coluna 2,Coluna 2,Coluna do meio,Coluna 1,Coluna 2
515,18/06/2012,Coluna 1,Coluna 2,Coluna 1,Coluna 1,Coluna do meio,Coluna do meio,Coluna 1,Coluna 1,Coluna 1,Coluna 1,Coluna 1,Coluna do meio,Coluna 1,Coluna 2
514,11/06/2012,Coluna 2,Coluna do meio,Coluna 1,Coluna 1,Coluna do meio,Coluna 1,Coluna 1,Coluna 1,Coluna 1,Coluna do meio,Coluna 2,Coluna 2,Coluna 1,Coluna 1
513,04/06/2012,Coluna 2,Coluna do meio,Coluna 2,Coluna 1,Coluna 2,Coluna 1,Coluna 1,Coluna 1,Coluna 1,Coluna 2,Coluna do meio,Coluna 1,Coluna do meio,Coluna 2
512,28/05/2012,Coluna 1,Coluna 2,Coluna 1,Coluna 2,Coluna 2,Coluna do meio,Coluna 1,Coluna 1,Coluna 2,Coluna do meio,Coluna do meio,Coluna 1,Coluna do meio,Coluna do meio
511,21/05/2012,Coluna 2,Coluna 1,Coluna 2,Coluna 2,Coluna do meio,Coluna do meio,Coluna 2,Coluna 2,Coluna do meio,Coluna do meio,Coluna 1,Coluna 1,Coluna do meio,Coluna 1
510,14/05/2012,Coluna 2,Coluna 1,Coluna do meio,Coluna do meio,Coluna do meio,Coluna 1,Coluna 2,Coluna do meio,Coluna 2,Coluna 1,Coluna do meio,Coluna do meio,Coluna 1,Coluna 1
509,08/05/2012,Coluna 1,Coluna 2,Coluna do meio,Coluna do meio,Coluna do meio,Coluna 1,Coluna 1,Coluna 2,Coluna do meio,Coluna 2,Coluna 2,Coluna do meio,Coluna do meio,Coluna do meio
508,02/05/2012,Coluna 1,Coluna 2,Coluna 2,Coluna 1,Coluna 2,Coluna 1,Coluna 1,Coluna 1,Coluna 1,Coluna 1,Coluna 1,Coluna 1,Coluna do meio,Coluna 1
507,23/04/2012,Coluna 2,Coluna 2,Coluna do meio,Coluna 2,Coluna 1,Coluna 2,Coluna 2,Coluna 1,Coluna 2,Coluna 1,Coluna 2,Coluna 1,Coluna 1,Coluna 1
506,16/04/2012,Coluna 1,Coluna 1,Coluna 1,Coluna 2,Coluna do meio,Coluna do meio,Coluna 1,Coluna 2,Coluna 1,Coluna 1,Coluna 2,Coluna 1,Coluna do meio,Coluna 1
505,09/04/2012,Coluna do meio,Coluna 1,Coluna 1,Coluna 2,Coluna 1,Coluna 2,Coluna 2,Coluna 1,Coluna 1,Coluna 1,Coluna 1,Coluna 1,Coluna 1,Coluna 2
504,02/04/2012,Coluna 2,Coluna do meio,Coluna 1,Coluna do meio,Coluna 1,Coluna 1,Coluna 2,Coluna 1,Coluna 2,Coluna 2,Coluna 1,Coluna 1,Coluna 2,Coluna do meio
503,26/03/2012,Coluna 1,Coluna 2,Coluna 2,Coluna 1,Coluna 1,Coluna 2,Coluna 1,Coluna 1,Coluna 1,Coluna 1,Coluna 1,Coluna 1,Coluna do meio,Coluna do meio
502,19/03/2012,Coluna 1,Coluna 1,Coluna 1,Coluna 1,Coluna do meio,Coluna 2,Coluna 1,Coluna 2,Coluna 1,Coluna 1,Coluna 2,Coluna 2,Coluna 2,Coluna 1
501,12/03/2012,Coluna 1,Coluna 1,Coluna do meio,Coluna do meio,Coluna 1,Coluna 1,Coluna 1,Coluna do meio,Coluna do meio,Coluna 2,Coluna 1,Coluna 1,Coluna do meio,Coluna 1
500,05/03/2012,Coluna 1,Coluna 1,Coluna 2,Coluna 1,Coluna do meio,Coluna 1,Coluna 1,Coluna 2,Coluna 1,Coluna 2,Coluna 2,Coluna 2,Coluna 2,Coluna 2
499,27/02/2012,Coluna do meio,Coluna 1,Coluna do meio,Coluna 1,Coluna 1,Coluna do meio,Coluna 2,Coluna do meio,Coluna 2,Coluna 1,Coluna do meio,Coluna 2,Coluna do meio,Coluna 1
498,23/02/2012,Coluna 2,Coluna 2,Coluna 2,Coluna 1,Coluna do meio,Coluna do meio,Coluna 1,Coluna 1,Coluna do meio,Coluna 1,Coluna do meio,Coluna 1,Coluna 2,Coluna 1
497,13/02/2012,Coluna 1,Coluna 2,Coluna do meio,Coluna 2,Coluna 2,Coluna 1,Coluna 2,Coluna 1,Coluna 2,Coluna 2,Coluna 1,Coluna 1,Coluna 1,Coluna 1
496,06/02/2012,Coluna 2,Coluna do meio,Coluna 1,Coluna do meio,Coluna 2,Coluna 2,Coluna do meio,Coluna do meio,Coluna 1,Coluna 1,Coluna 1,Coluna 2,Coluna do meio,Coluna do meio
495,30/01/2012,Coluna 1,Coluna 1,Coluna 1,Coluna 1,Coluna 2,Coluna 2,Coluna do meio,Coluna 2,Coluna 1,Coluna 2,Coluna do meio,Coluna 1,Coluna 1,Coluna do meio
494,23/01/2012,Coluna 1,Coluna 1,Coluna 1,Coluna 1,Coluna do meio,Coluna 1,Coluna 1,Coluna 1,Coluna 1,Coluna 1,Coluna 1,Coluna 2,Coluna 2,Coluna 2
493,16/01/2012,Coluna 2,Coluna 2,Coluna 1,Coluna 2,Coluna 1,Coluna 1,Coluna 1,Coluna do meio,Coluna 2,Coluna 1,Coluna 1,Coluna do meio,Coluna do meio,Coluna 2
492,09/01/2012,Coluna 2,Coluna 1,Coluna do meio,Coluna 2,Coluna 2,Coluna 1,Coluna 2,Coluna 2,Coluna 2,Coluna 1,Coluna do meio,Coluna 2,Coluna 2,Coluna 2
491,05/12/2011,Coluna do meio,Coluna do meio,Coluna 1,Coluna 1,Coluna do meio,Coluna 1,Coluna do meio,Coluna 1,Coluna 2,Coluna 1,Coluna 1,Coluna do meio,Coluna 1,Coluna 1
490,28/11/2011,Coluna 2,Coluna 1,Coluna 1,Coluna do meio,Coluna 2,Coluna 1,Coluna 1,Coluna 1,Coluna do meio,Coluna 1,Coluna do meio,Coluna do meio,Coluna 1,Coluna 2
489,21/11/2011,Coluna 2,Coluna 1,Coluna do meio,Coluna 1,Coluna 2,Coluna do meio,Coluna 1,Coluna 2,Coluna 2,Coluna 2,Coluna do meio,Coluna 1,Coluna 1,Coluna 1
488,14/11/2011,Coluna 1,Coluna 1,Coluna do meio,Coluna 1,Coluna 1,Coluna do meio,Coluna 2,Coluna 1,Coluna 2,Coluna 1,Coluna 2,Coluna 2,Coluna 1,Coluna 1
487,07/11/2011,Coluna 1,Coluna 2,Coluna 1,Coluna 2,Coluna 2,Coluna 1,Coluna 2,Coluna 1,Coluna 2,Coluna 2,Coluna 1,Coluna 1,Coluna 2,Coluna 1
486,31/10/2011,Coluna do meio,Coluna 1,Coluna 1,Coluna 1,Coluna do meio,Coluna do meio,Coluna do meio,Coluna 1,Coluna 1,Coluna 2,Coluna 2,Coluna 1,Coluna 1,Coluna 1
485,24/10/2011,Coluna do meio,Coluna do meio,Coluna 2,Coluna 2,Coluna 1,Coluna 1,Coluna 1,Coluna 1,Coluna 1,Coluna do meio,Coluna 2,Coluna 1,Coluna do meio,Coluna 2
484,17/10/2011,Coluna 2,Coluna 2,Coluna 2,Coluna 2,Coluna 2,Coluna do meio,Coluna 1,Coluna 1,Coluna do meio,Coluna 1,Coluna 1,Coluna 1,Coluna 2,Coluna 1
483,10/10/2011,Coluna 1,Coluna 1,Coluna 1,Coluna do meio,Coluna do meio,Coluna do meio,Coluna 1,Coluna 1,Coluna do meio,Coluna 1,Coluna 1,Coluna do meio,Coluna do meio,Coluna 1
482,03/10/2011,Coluna do meio,Coluna 2,Coluna 1,Coluna 1,Coluna 1,Coluna do meio,Coluna do meio,Coluna 1,Coluna 1,Coluna do meio,Coluna do meio,Coluna do meio,Coluna 1,Coluna 1
481,26/09/2011,Coluna do meio,Coluna 2,Coluna 1,Coluna 1,Coluna do meio,Coluna do meio,Coluna 1,Coluna do meio,Coluna 1,Coluna do meio,Coluna 2,Coluna 2,Coluna 1,Coluna 1
480,19/09/2011,Coluna 2,Coluna do meio,Coluna 1,Coluna do meio,Coluna 1,Coluna 2,Coluna 1,Coluna 1,Coluna do meio,Coluna do meio,Coluna do meio,Coluna do meio,Coluna 1,Coluna 1
479,12/09/2011,Coluna 1,Coluna 2,Coluna do meio,Coluna do meio,Coluna 1,Coluna 1,Coluna 2,Coluna do meio,Coluna 1,Coluna do meio,Coluna 1,Coluna 1,Coluna 1,Coluna 2
478,05/09/2011,Coluna 1,Coluna 1,Coluna do meio,Coluna do meio,Coluna 1,Coluna 2,Coluna 1,Coluna do meio,Coluna 1,Coluna 2,Coluna 1,Coluna 1,Coluna do meio,Coluna 2
477,29/08/2011,Coluna do meio,Coluna 1,Coluna 1,Coluna 1,Coluna do meio,Coluna 1,Coluna do meio,Coluna do meio,Coluna 2,Coluna 1,Coluna 2,Coluna 2,Coluna 2,Coluna do meio
476,22/08/2011,Coluna do meio,Coluna do meio,Coluna do meio,Coluna do meio,Coluna 2,Coluna 1,Coluna 2,Coluna do meio,Coluna do meio,Coluna 1,Coluna 1,Coluna 2,Coluna 2,Coluna 1
475,15/08/2011,Coluna 1,Coluna 1,Coluna 1,Coluna 2,Coluna do meio,Coluna 1,Coluna 1,Coluna 1,Coluna 1,Coluna 1,Coluna do meio,Coluna do meio,Coluna do meio,Coluna do meio
474,08/08/2011,Coluna 1,Coluna 1,Coluna do meio,Coluna do meio,Coluna 2,Coluna do meio,Coluna 1,Coluna 2,Coluna 1,Coluna 1,Coluna 1,Coluna 2,Coluna 1,Coluna do meio
473,01/08/2011,Coluna 2,Coluna 1,Coluna 1,Coluna do meio,Coluna 1,Coluna do meio,Coluna 1,Coluna 2,Coluna 1,Coluna 2,Coluna 1,Coluna 1,Coluna 1,Coluna 2
472,25/07/2011,Coluna 2,Coluna 2,Coluna 1,Coluna do meio,Coluna 2,Coluna 2,Coluna 2,Coluna 2,Coluna 1,Coluna 1,Coluna do meio,Coluna do meio,Coluna do meio,Coluna do meio
471,18/07/2011,Coluna 2,Coluna 1,Coluna 1,Coluna 1,Coluna 1,Coluna 2,Coluna 1,Coluna do meio,Coluna 1,Coluna 1,Coluna 1,Coluna 1,Coluna 1,Coluna 1
470,11/07/2011,Coluna do meio,Coluna 2,Coluna 1,Coluna 1,Coluna 2,Coluna 1,Coluna 1,Coluna do meio,Coluna do meio,Coluna 1,Coluna 1,Coluna do meio,Coluna 2,Coluna 1
469,07/07/2011,Coluna do meio,Coluna 1,Coluna 1,Coluna 1,Coluna 1,Coluna 1,Coluna do meio,Coluna do meio,Coluna 1,Coluna do meio,Coluna 1,Coluna do meio,Coluna do meio,Coluna do meio
468,27/06/2011,Coluna 1,Coluna 1,Coluna 1,Coluna do meio,Coluna 2,Coluna 1,Coluna 1,Coluna do meio,Coluna 2,Coluna 1,Coluna 2,Coluna 1,Coluna 2,Coluna 1
467,20/06/2011,Coluna do meio,Coluna 2,Coluna 1,Coluna 1,Coluna 1,Coluna 2,Coluna do meio,Coluna do meio,Coluna 1,Coluna do meio,Coluna do meio,Coluna 2,Coluna do meio,Coluna do meio
466,13/06/2011,Coluna 1,Coluna do meio,Coluna do meio,Coluna do meio,Coluna 1,Coluna do meio,Coluna do meio,Coluna do meio,Coluna do meio,Coluna 1,Coluna do meio,Coluna 1,Coluna do meio,Coluna 1
465,06/06/2011,Coluna do meio,Coluna 1,Coluna 2,Coluna do meio,Coluna do meio,Coluna 1,Coluna 1,Coluna 1,Coluna 1,Coluna do meio,Coluna 1,Coluna 1,Coluna 1,Coluna do meio
464,30/05/2011,Coluna do meio,Coluna 1,Coluna 2,Coluna 1,Coluna 1,Coluna do meio,Coluna 2,Coluna 2,Coluna do meio,Coluna 1,Coluna 2,Coluna 1,Coluna 2,Coluna 1
463,23/05/2011,Coluna 2,Coluna do meio,Coluna 1,Coluna 1,Coluna 1,Coluna do meio,Coluna 1,Coluna 1,Coluna 1,Coluna 2,Coluna 1,Coluna 2,Coluna 1,Coluna 2
462,16/05/2011,Coluna 1,Coluna 1,Coluna 2,Coluna do meio,Coluna do meio,Coluna 2,Coluna do meio,Coluna 2,Coluna 2,Coluna 2,Coluna 1,Coluna 2,Coluna 1,Coluna 2
461,09/05/2011,Coluna do meio,Coluna 1,Coluna 2,Coluna 2,Coluna do meio,Coluna do meio,Coluna 1,Coluna 1,Coluna 1,Coluna 1,Coluna do meio,Coluna 1,Coluna 1,Coluna do meio
460,02/05/2011,Coluna do meio,Coluna 2,Coluna do meio,Coluna 2,Coluna 1,Coluna do meio,Coluna do meio,Coluna 1,Coluna 2,Coluna 1,Coluna 1,Coluna do meio,Coluna 1,Coluna do meio
459,25/04/2011,Coluna do meio,Coluna 1,Coluna 2,Coluna 2,Coluna 1,Coluna 2,Coluna 2,Coluna 1,Coluna 1,Coluna 2,Coluna 1,Coluna 1,Coluna 1,Coluna 1
458,18/04/2011,Coluna 1,Coluna do meio,Coluna 2,Coluna 2,Coluna 1,Coluna 1,Coluna do meio,Coluna 1,Coluna 1,Coluna 1,Coluna do meio,Coluna 2,Coluna 2,Coluna 2
457,11/04/2011,Coluna 2,Coluna 2,Coluna 1,Coluna 2,Coluna 1,Coluna do meio,Coluna 1,Coluna do meio,Coluna 1,Coluna 2,Coluna 1,Coluna do meio,Coluna 2,Coluna 2
456,04/04/2011,Coluna 2,Coluna 2,Coluna 2,Coluna 2,Coluna 2,Coluna 1,Coluna do meio,Coluna 1,Coluna 1,Coluna 1,Coluna 1,Coluna do meio,Coluna do meio,Coluna 2
455,28/03/2011,Coluna 1,Coluna do meio,Coluna 1,Coluna 2,Coluna 2,Coluna 2,Coluna 2,Coluna 2,Coluna 1,Coluna 2,Coluna 1,Coluna 2,Coluna 1,Coluna do meio
454,21/03/2011,Coluna 1,Coluna do meio,Coluna do meio,Coluna 1,Coluna do meio,Coluna 1,Coluna 1,Coluna 1,Coluna 1,Coluna do meio,Coluna 2,Coluna 1,Coluna 1,Coluna 2
453,14/03/2011,Coluna do meio,Coluna 2,Coluna do meio,Coluna do meio,Coluna 1,Coluna 1,Coluna 1,Coluna 1,Coluna 2,Coluna 2,Coluna 2,Coluna do meio,Coluna 2,Coluna 1
452,10/03/2011,Coluna 1,Coluna 2,Coluna 1,Coluna 1,Coluna do meio,Coluna do meio,Coluna 1,Coluna 2,Coluna 2,Coluna 1,Coluna 2,Coluna 2,Coluna do meio,Coluna 1
451,28/02/2011,Coluna do meio,Coluna 1,Coluna 1,Coluna 2,Coluna 1,Coluna 2,Coluna 2,Coluna 1,Coluna 1,Coluna 2,Coluna 1,Coluna 1,Coluna do meio,Coluna 2
450,21/02/2011,Coluna do meio,Coluna 1,Coluna 1,Coluna 1,Coluna 2,Coluna 1,Coluna do meio,Coluna 2,Coluna 1,Coluna 1,Coluna 1,Coluna do meio,Coluna 1,Coluna do meio
449,14/02/2011,Coluna 2,Coluna 2,Coluna 1,Coluna 2,Coluna 1,Coluna 2,Coluna 1,Coluna 2,Coluna 1,Coluna 1,Coluna 1,Coluna do meio,Coluna 2,Coluna do meio
448,07/02/2011,Coluna 2,Coluna 2,Coluna 1,Coluna 2,Coluna 1,Coluna 1,Coluna 1,Coluna do meio,Coluna 1,Coluna do meio,Coluna 1,Coluna 1,Coluna do meio,Coluna 2
447,31/01/2011,Coluna 2,Coluna 1,Coluna 2,Coluna 1,Coluna 1,Coluna 1,Coluna 2,Coluna 2,Coluna 2,Coluna 1,Coluna 2,Coluna do meio,Coluna do meio,Coluna 2
446,24/01/2011,Coluna do meio,Coluna 2,Coluna do meio,Coluna 1,Coluna do meio,Coluna 1,Coluna do meio,Coluna 1,Coluna 1,Coluna 2,Coluna 2,Coluna 1,Coluna 2,Coluna 1
445,17/01/2011,Coluna 1,Coluna 2,Coluna 2,Coluna 2,Coluna 1,Coluna do meio,Coluna 2,Coluna 2,Coluna do meio,Coluna 1,Coluna 2,Coluna 2,Coluna 1,Coluna 2
444,10/01/2011,Coluna 2,Coluna 2,Coluna 1,Coluna do meio,Coluna 1,Coluna 2,Coluna 1,Coluna 1,Coluna 2,Coluna 2,Coluna 1,Coluna 1,Coluna 2,Coluna 2
443,06/12/2010,Coluna do meio,Coluna 1,Coluna 1,Coluna do meio,Coluna 1,Coluna 1,Coluna do meio,Coluna 1,Coluna 2,Coluna 1,Coluna 1,Coluna 1,Coluna do meio,Coluna 1
442,29/11/2010,Coluna 2,Coluna 1,Coluna 2,Coluna 2,Coluna 1,Coluna do meio,Coluna 1,Coluna do meio,Coluna 1,Coluna do meio,Coluna do meio,Coluna 2,Coluna 1,Coluna 1
441,22/11/2010,Coluna 2,Coluna 1,Coluna do meio,Coluna 1,Coluna do meio,Coluna 1,Coluna 1,Coluna 1,Coluna do meio,Coluna 2,Coluna 2,Coluna 1,Coluna 1,Coluna 2
440,16/11/2010,Coluna 1,Coluna do meio,Coluna 1,Coluna 1,Coluna 1,Coluna 2,Coluna 2,Coluna 2,Coluna 1,Coluna do meio,Coluna 1,Coluna 2,Coluna do meio,Coluna do meio
439,08/11/2010,Coluna 1,Coluna 2,Coluna do meio,Coluna 1,Coluna 1,Coluna 2,Coluna 1,Coluna 1,Coluna 1,Coluna do meio,Coluna 1,Coluna do meio,Coluna 2,Coluna 2
438,01/11/2010,Coluna do meio,Coluna 2,Coluna 1,Coluna do meio,Coluna 1,Coluna 2,Coluna 1,Coluna 2,Coluna do meio,Coluna 1,Coluna 2,Coluna 1,Coluna 1,Coluna 2
437,25/10/2010,Coluna do meio,Coluna 1,Coluna do meio,Coluna do meio,Coluna do meio,Coluna 1,Coluna 1,Coluna 2,Coluna 1,Coluna 1,Coluna 2,Coluna 1,Coluna do meio,Coluna 2
436,18/10/2010,Coluna do meio,Coluna 1,Coluna 1,Coluna 1,Coluna 2,Coluna 1,Coluna 1,Coluna 1,Coluna 1,Coluna 1,Coluna do meio,Coluna 1,Coluna do meio,Coluna 1
435,11/10/2010,Coluna 1,Coluna 1,Coluna 1,Coluna 2,Coluna 1,Coluna 1,Coluna 2,Coluna 1,Coluna do meio,Coluna 1,Coluna do meio,Coluna 2,Coluna do meio,Coluna 2
434,04/10/2010,Coluna do meio,Coluna 2,Coluna 2,Coluna 2,Coluna 2,Coluna do meio,Coluna 1,Coluna 1,Coluna do meio,Coluna 1,Coluna do meio,Coluna do meio,Coluna do meio,Coluna do meio
433,27/09/2010,Coluna 1,Coluna 2,Coluna 1,Coluna 1,Coluna 2,Coluna 1,Coluna 1,Coluna 1,Coluna do meio,Coluna 1,Coluna 1,Coluna 2,Coluna 2,Coluna 2
432,20/09/2010,Coluna do meio,Coluna 2,Coluna 2,Coluna 1,Coluna 1,Coluna 2,Coluna 1,Coluna 2,Coluna do meio,Coluna do meio,Coluna 1,Coluna 1,Coluna 2,Coluna do meio
431,13/09/2010,Coluna do meio,Coluna 1,Coluna 2,Coluna do meio,Coluna 1,Coluna 1,Coluna do meio,Coluna 1,Coluna 1,Coluna do meio,Coluna 1,Coluna 2,Coluna do meio,Coluna 1
430,06/09/2010,Coluna do meio,Coluna 1,Coluna do meio,Coluna 2,Coluna do meio,Coluna 1,Coluna 1,Coluna 2,Coluna 2,Coluna 2,Coluna 2,Coluna 1,Coluna 1,Coluna 1
429,30/08/2010,Coluna 1,Coluna 2,Coluna do meio,Coluna 1,Coluna 2,Coluna do meio,Coluna 1,Coluna do meio,Coluna do meio,Coluna do meio,Coluna 1,Coluna 1,Coluna 1,Coluna do meio
428,23/08/2010,Coluna do meio,Coluna 1,Coluna 1,Coluna do meio,Coluna 1,Coluna 2,Coluna do meio,Coluna do meio,Coluna do meio,Coluna 2,Coluna 2,Coluna 1,Coluna 1,Coluna 1
427,16/08/2010,Coluna 1,Coluna do meio,Coluna 1,Coluna 1,Coluna 1,Coluna 1,Coluna 2,Coluna 2,Coluna 1,Coluna 1,Coluna 2,Coluna 1,Coluna 1,Coluna 1
426,09/08/2010,Coluna 1,Coluna 1,Coluna 2,Coluna 2,Coluna do meio,Coluna 1,Coluna 2,Coluna 1,Coluna do meio,Coluna do meio,Coluna do meio,Coluna 1,Coluna do meio,Coluna 1
425,02/08/2010,Coluna do meio,Coluna do meio,Coluna do meio,Coluna do meio,Coluna 1,Coluna 1,Coluna 1,Coluna do meio,Coluna 2,Coluna 1,Coluna 1,Coluna 1,Coluna 2,Coluna 2
424,26/07/2010,Coluna 1,Coluna 1,Coluna 2,Coluna 1,Coluna 1,Coluna 1,Coluna do meio,Coluna do meio,Coluna do meio,Coluna 1,Coluna 1,Coluna do meio,Coluna do meio,Coluna do meio
423,19/07/2010,Coluna 2,Coluna 1,Coluna 2,Coluna 2,Coluna do meio,Coluna 1,Coluna do meio,Coluna 1,Coluna 1,Coluna do meio,Coluna 1,Coluna 1,Coluna 1,Coluna 1
422,15/07/2010,Coluna do meio,Coluna 2,Coluna 1,Coluna do meio,Coluna 2,Coluna do meio,Coluna 1,Coluna 2,Coluna 1,Coluna 1,Coluna 2,Coluna 2,Coluna do meio,Coluna do meio
421,05/07/2010,Coluna 1,Coluna 2,Coluna do meio,Coluna 2,Coluna do meio,Coluna 2,Coluna 2,Coluna 2,Coluna do meio,Coluna 2,Coluna 1,Coluna 1,Coluna 1,Coluna 2
420,28/06/2010,Coluna do meio,Coluna 2,Coluna do meio,Coluna 2,Coluna do meio,Coluna 1,Coluna 1,Coluna do meio,Coluna 1,Coluna 1,Coluna 1,Coluna do meio,Coluna 1,Coluna do meio
419,25/06/2010,Coluna 2,Coluna 2,Coluna 2,Coluna 2,Coluna 2,Coluna 1,Coluna 1,Coluna 2,Coluna 2,Coluna 2,Coluna do meio,Coluna 1,Coluna 1,Coluna 1
418,21/06/2010,Coluna 1,Coluna 2,Coluna 2,Coluna 2,Coluna 1,Coluna 1,Coluna 2,Coluna do meio,Coluna do meio,Coluna 2,Coluna 2,Coluna do meio,Coluna do meio,Coluna 1
417,16/06/2010,Coluna 1,Coluna do meio,Coluna 1,Coluna 1,Coluna do meio,Coluna 1,Coluna 2,Coluna 2,Coluna 1,Coluna do meio,Coluna do meio,Coluna do meio,Coluna 1,Coluna do meio
416,07/06/2010,Coluna do meio,Coluna 1,Coluna 1,Coluna 1,Coluna 2,Coluna 2,Coluna 2,Coluna 1,Coluna 1,Coluna 2,Coluna 2,Coluna 2,Coluna do meio,Coluna 1
415,31/05/2010,Coluna do meio,Coluna 1,Coluna 1,Coluna 1,Coluna do meio,Coluna 1,Coluna 1,Coluna 1,Coluna 2,Coluna do meio,Coluna do meio,Coluna do meio,Coluna do meio,Coluna 2
414,24/05/2010,Coluna 2,Coluna 1,Coluna 1,Coluna 1,Coluna 1,Coluna 1,Coluna do meio,Coluna 1,Coluna 1,Coluna 1,Coluna do meio,Coluna 2,Coluna 1,Coluna 1
413,17/05/2010,Coluna 2,Coluna do meio,Coluna 2,Coluna 2,Coluna 1,Coluna do meio,Coluna 2,Coluna 1,Coluna do meio,Coluna do meio,Coluna 1,Coluna do meio,Coluna 2,Coluna do meio
412,10/05/2010,Coluna do meio,Coluna 2,Coluna do meio,Coluna 1,Coluna 1,Coluna 1,Coluna 2,Coluna 1,Coluna 1,Coluna do meio,Coluna 1,Coluna 1,Coluna 1,Coluna 1
411,03/05/2010,Coluna 2,Coluna 1,Coluna 2,Coluna 1,Coluna 2,Coluna do meio,Coluna 1,Coluna 2,Coluna do meio,Coluna 2,Coluna do meio,Coluna do meio,Coluna 1,Coluna 2
410,26/04/2010,Coluna 2,Coluna 2,Coluna 2,Coluna 2,Coluna 1,Coluna 1,Coluna 1,Coluna 2,Coluna 1,Coluna 2,Coluna 2,Coluna 2,Coluna do meio,Coluna 1
409,19/04/2010,Coluna 2,Coluna 1,Coluna 1,Coluna do meio,Coluna 2,Coluna do meio,Coluna 1,Coluna 1,Coluna 2,Coluna 1,Coluna 1,Coluna 1,Coluna 2,Coluna 1
408,12/04/2010,Coluna 1,Coluna do meio,Coluna 1,Coluna 1,Coluna 1,Coluna 1,Coluna 2,Coluna do meio,Coluna do meio,Coluna 1,Coluna 2,Coluna 1,Coluna 2,Coluna 1
407,05/04/2010,Coluna 2,Coluna 2,Coluna 2,Coluna 1,Coluna 1,Coluna do meio,Coluna 2,Coluna do meio,Coluna 2,Coluna 2,Coluna 2,Coluna 2,Coluna 2,Coluna 1
406,30/03/2010,Coluna 1,Coluna 1,Coluna 1,Coluna 1,Coluna 1,Coluna 1,Coluna 2,Coluna do meio,Coluna 1,Coluna 1,Coluna 1,Coluna 1,Coluna 2,Coluna 1
405,22/03/2010,Coluna do meio,Coluna 2,Coluna 2,Coluna 1,Coluna 2,Coluna 1,Coluna 2,Coluna 2,Coluna 1,Coluna 2,Coluna 2,Coluna 1,Coluna 1,Coluna 1
404,15/03/2010,Coluna 1,Coluna 2,Coluna 1,Coluna 1,Coluna 1,Coluna 2,Coluna 1,Coluna do meio,Coluna do meio,Coluna do meio,Coluna do meio,Coluna do meio,Coluna 1,Coluna 1
403,09/03/2010,Coluna 1,Coluna 2,Coluna 1,Coluna 1,Coluna do meio,Coluna 1,Coluna 2,Coluna 1,Coluna 2,Coluna 1,Coluna 1,Coluna 1,Coluna 2,Coluna do meio
402,01/03/2010,Coluna 1,Coluna 1,Coluna 1,Coluna 1,Coluna 2,Coluna 2,Coluna do meio,Coluna 1,Coluna do meio,Coluna 2,Coluna 1,Coluna 1,Coluna 2,Coluna 2
401,22/02/2010,Coluna 2,Coluna 1,Coluna 2,Coluna 2,Coluna do meio,Coluna 2,Coluna do meio,Coluna do meio,Coluna 2,Coluna 1,Coluna 1,Coluna 2,Coluna do meio,Coluna do meio
400,18/02/2010,Coluna do meio,Coluna 2,Coluna do meio,Coluna do meio,Coluna 2,Coluna 2,Coluna do meio,Coluna 2,Coluna 2,Coluna do meio,Coluna 2,Coluna do meio,Coluna 2,Coluna do meio
399,08/02/2010,Coluna 2,Coluna 2,Coluna 2,Coluna 1,Coluna do meio,Coluna 1,Coluna 2,Coluna 2,Coluna 2,Coluna 2,Coluna 1,Coluna do meio,Coluna 2,Coluna 2
398,01/02/2010,Coluna 1,Coluna 2,Coluna do meio,Coluna 1,Coluna 1,Coluna do meio,Coluna do meio,Coluna 2,Coluna 1,Coluna 2,Coluna 1,Coluna 1,Coluna do meio,Coluna 1
397,25/01/2010,Coluna 1,Coluna do meio,Coluna 2,Coluna 1,Coluna 1,Coluna 1,Coluna 1,Coluna do meio,Coluna 2,Coluna do meio,Coluna 2,Coluna 1,Coluna do meio,Coluna 1
396,18/01/2010,Coluna 1,Coluna 2,Coluna 1,Coluna 1,Coluna 2,Coluna do meio,Coluna do meio,Coluna 2,Coluna 2,Coluna 2,Coluna 2,Coluna 2,Coluna 2,Coluna do meio
395,11/01/2010,Coluna do meio,Coluna 2,Coluna 1,Coluna 1,Coluna do meio,Coluna 1,Coluna 1,Coluna do meio,Coluna 2,Coluna 1,Coluna 2,Coluna 1,Coluna do meio,Coluna 2
394,04/01/2010,Coluna 1,Coluna do meio,Coluna do meio,Coluna do meio,Coluna do meio,Coluna 1,Coluna do meio,Coluna do meio,Coluna 1,Coluna do meio,Coluna 1,Coluna 1,Coluna 1,Coluna do meio
393,14/12/2009,Coluna do meio,Coluna do meio,Coluna 2,Coluna 1,Coluna 2,Coluna 2,Coluna 1,Coluna 2,Coluna 1,Coluna 2,Coluna 1,Coluna do meio,Coluna 2,Coluna 2
392,07/12/2009,Coluna 1,Coluna 1,Coluna 1,Coluna do meio,Coluna do meio,Coluna 2,Coluna 2,Coluna 1,Coluna 1,Coluna do meio,Coluna 2,Coluna 2,Coluna 1,Coluna 2
391,30/11/2009,Coluna 2,Coluna 1,Coluna 1,Coluna 1,Coluna do meio,Coluna 1,Coluna 2,Coluna 1,Coluna 1,Coluna 1,Coluna do meio,Coluna 1,Coluna 2,Coluna 1
390,23/11/2009,Coluna 1,Coluna 2,Coluna do meio,Coluna 2,Coluna 2,Coluna 1,Coluna 1,Coluna 2,Coluna 1,Coluna 1,Coluna 2,Coluna 2,Coluna 1,Coluna do meio
389,16/11/2009,Coluna do meio,Coluna 1,Coluna 2,Coluna do meio,Coluna 1,Coluna 2,Coluna 1,Coluna do meio,Coluna 1,Coluna 1,Coluna 1,Coluna 1,Coluna 1,Coluna 1
388,09/11/2009,Coluna 2,Coluna 1,Coluna 2,Coluna 1,Coluna 1,Coluna do meio,Coluna 1,Coluna do meio,Coluna 1,Coluna do meio,Coluna 1,Coluna 1,Coluna 2,Coluna 1
387,03/11/2009,Coluna do meio,Coluna 2,Coluna 1,Coluna 2,Coluna do meio,Coluna 2,Coluna do meio,Coluna 1,Coluna 1,Coluna 1,Coluna 1,Coluna 1,Coluna 2,Coluna 2
386,26/10/2009,Coluna 1,Coluna 2,Coluna 2,Coluna 2,Coluna 1,Coluna 2,Coluna 2,Coluna 2,Coluna do meio,Coluna 1,Coluna do meio,Coluna 1,Coluna 1,Coluna 2
385,19/10/2009,Coluna 2,Coluna 1,Coluna do meio,Coluna 2,Coluna 1,Coluna 1,Coluna do meio,Coluna 1,Coluna 1,Coluna 1,Coluna 1,Coluna do meio,Coluna 1,Coluna 2
384,13/10/2009,Coluna 2,Coluna 1,Coluna do meio,Coluna 1,Coluna 2,Coluna do meio,Coluna 2,Coluna do meio,Coluna 2,Coluna 2,Coluna do meio,Coluna 1,Coluna do meio,Coluna 1
383,05/10/2009,Coluna 1,Coluna 2,Coluna do meio,Coluna do meio,Coluna 1,Coluna 1,Coluna do meio,Coluna 1,Coluna do meio,Coluna 1,Coluna 1,Coluna 1,Coluna 2,Coluna 2
382,28/09/2009,Coluna do meio,Coluna 1,Coluna 2,Coluna 1,Coluna 1,Coluna 2,Coluna 1,Coluna 1,Coluna 1,Coluna 1,Coluna 1,Coluna 2,Coluna 1,Coluna do meio
381,21/09/2009,Coluna 1,Coluna do meio,Coluna 1,Coluna 1,Coluna 1,Coluna 2,Coluna 2,Coluna 1,Coluna 1,Coluna do meio,Coluna do meio,Coluna 1,Coluna 1,Coluna 2
380,14/09/2009,Coluna do meio,Coluna 2,Coluna 1,Coluna 1,Coluna do meio,Coluna 2,Coluna do meio,Coluna 2,Coluna do meio,Coluna 1,Coluna 1,Coluna 1,Coluna 1,Coluna 2
379,08/09/2009,Coluna 2,Coluna 2,Coluna 1,Coluna do meio,Coluna 1,Coluna 1,Coluna 1,Coluna 1,Coluna 2,Coluna do meio,Coluna do meio,Coluna do meio,Coluna 1,Coluna do meio
378,31/08/2009,Coluna do meio,Coluna do meio,Coluna 1,Coluna do meio,Coluna 1,Coluna do meio,Coluna 1,Coluna do meio,Coluna 2,Coluna 1,Coluna 1,Coluna do meio,Coluna 1,Coluna 1
377,24/08/2009,Coluna 1,Coluna 1,Coluna 1,Coluna 2,Coluna do meio,Coluna 1,Coluna do meio,Coluna 1,Coluna 1,Coluna do meio,Coluna 1,Coluna do meio,Coluna 1,Coluna 1
376,17/08/2009,Coluna 1,Coluna do meio,Coluna 1,Coluna 2,Coluna 2,Coluna 1,Coluna do meio,Coluna 2,Coluna 2,Coluna 1,Coluna 1,Coluna 2,Coluna 2,Coluna 1
375,10/08/2009,Coluna 1,Coluna 2,Coluna 2,Coluna 1,Coluna do meio,Coluna 1,Coluna do meio,Coluna 1,Coluna 2,Coluna 1,Coluna do meio,Coluna 1,Coluna do meio,Coluna 1
374,03/08/2009,Coluna 2,Coluna 2,Coluna 1,Coluna 1,Coluna 2,Coluna 1,Coluna 1,Coluna 1,Coluna 1,Coluna 2,Coluna 1,Coluna do meio,Coluna 1,Coluna 1
373,27/07/2009,Coluna do meio,Coluna 2,Coluna 1,Coluna 2,Coluna 1,Coluna 1,Coluna 1,Coluna 2,Coluna 1,Coluna 1,Coluna 2,Coluna 2,Coluna do meio,Coluna 2
372,20/07/2009,Coluna 1,Coluna do meio,Coluna do meio,Coluna 2,Coluna 1,Coluna do meio,Coluna 2,Coluna 1,Coluna do meio,Coluna do meio,Coluna 2,Coluna 2,Coluna 2,Coluna 1
371,13/07/2009,Coluna do meio,Coluna 2,Coluna 2,Coluna 1,Coluna 1,Coluna 1,Coluna 1,Coluna 1,Coluna 1,Coluna 1,Coluna 2,Coluna 1,Coluna 1,Coluna 1
370,06/07/2009,Coluna 1,Coluna 1,Coluna do meio,Coluna do meio,Coluna do meio,Coluna 2,Coluna 2,Coluna do meio,Coluna 2,Coluna do meio,Coluna 1,Coluna 1,Coluna 2,Coluna 1
369,29/06/2009,Coluna do meio,Coluna do meio,Coluna do meio,Coluna 2,Coluna 1,Coluna do meio,Coluna 1,Coluna 2,Coluna 1,Coluna 1,Coluna 2,Coluna 1,Coluna 1,Coluna 1
368,22/06/2009,Coluna 1,Coluna 2,Coluna 1,Coluna 2,Coluna 2,Coluna 2,Coluna 1,Coluna 1,Coluna 2,Coluna 2,Coluna 1,Coluna do meio,Coluna do meio,Coluna 1
367,15/06/2009,Coluna 1,Coluna do meio,Coluna do meio,Coluna do meio,Coluna 1,Coluna 1,Coluna 1,Coluna 1,Coluna do meio,Coluna 2,Coluna 1,Coluna 1,Coluna 1,Coluna do meio
366,08/06/2009,Coluna do meio,Coluna 2,Coluna do meio,Coluna 1,Coluna 1,Coluna 1,Coluna do meio,Coluna 2,Coluna 2,Coluna 1,Coluna do meio,Coluna 1,Coluna 1,Coluna 1
365,01/06/2009,Coluna 1,Coluna 2,Coluna 1,Coluna 1,Coluna 1,Coluna do meio,Coluna 1,Coluna 1,Coluna do meio,Coluna do meio,Coluna do meio,Coluna do meio,Coluna 1,Coluna 1
364,25/05/2009,Coluna do meio,Coluna 1,Coluna 2,Coluna 1,Coluna 1,Coluna 1,Coluna do meio,Coluna do meio,Coluna 2,Coluna 2,Coluna 1,Coluna 2,Coluna 1,Coluna 2
363,18/05/2009,Coluna 1,Coluna do meio,Coluna do meio,Coluna 2,Coluna 1,Coluna 1,Coluna 2,Coluna do meio,Coluna 2,Coluna 1,Coluna do meio,Coluna 1,Coluna do meio,Coluna 1
362,11/05/2009,Coluna 2,Coluna 1,Coluna 1,Coluna 1,Coluna 2,Coluna do meio,Coluna do meio,Coluna do meio,Coluna do meio,Coluna do meio,Coluna 2,Coluna do meio,Coluna 1,Coluna do meio
361,04/05/2009,Coluna do meio,Coluna do meio,Coluna 1,Coluna 1,Coluna 1,Coluna 1,Coluna do meio,Coluna do meio,Coluna 2,Coluna do meio,Coluna 1,Coluna 1,Coluna do meio,Coluna do meio
360,27/04/2009,Coluna do meio,Coluna 2,Coluna 1,Coluna 2,Coluna 2,Coluna do meio,Coluna 1,Coluna 2,Coluna 1,Coluna 1,Coluna 1,Coluna 1,Coluna 1,Coluna 2
359,20/04/2009,Coluna 2,Coluna 1,Coluna do meio,Coluna 1,Coluna 2,Coluna 1,Coluna 2,Coluna 2,Coluna 2,Coluna 2,Coluna do meio,Coluna do meio,Coluna 2,Coluna 1
358,13/04/2009,Coluna 1,Coluna 1,Coluna 2,Coluna 1,Coluna 1,Coluna 1,Coluna 1,Coluna 2,Coluna do meio,Coluna 1,Coluna 1,Coluna 1,Coluna 2,Coluna 1
357,06/04/2009,Coluna do meio,Coluna 2,Coluna do meio,Coluna 1,Coluna do meio,Coluna do meio,Coluna 1,Coluna 2,Coluna 1,Coluna 1,Coluna do meio,Coluna 1,Coluna do meio,Coluna 1
356,30/03/2009,Coluna 1,Coluna 1,Coluna do meio,Coluna do meio,Coluna 2,Coluna 1,Coluna 2,Coluna 1,Coluna 2,Coluna 1,Coluna 2,Coluna 1,Coluna do meio,Coluna do meio
355,23/03/2009,Coluna 1,Coluna 1,Coluna do meio,Coluna 1,Coluna do meio,Coluna 1,Coluna do meio,Coluna do meio,Coluna 2,Coluna 1,Coluna 2,Coluna 2,Coluna do meio,Coluna 1
354,16/03/2009,Coluna 2,Coluna do meio,Coluna do meio,Coluna 2,Coluna do meio,Coluna 1,Coluna 2,Coluna 2,Coluna do meio,Coluna 2,Coluna do meio,Coluna 2,Coluna 2,Coluna 1
353,09/03/2009,Coluna do meio,Coluna 1,Coluna 1,Coluna 1,Coluna 1,Coluna 1,Coluna 1,Coluna 2,Coluna do meio,Coluna 1,Coluna 2,Coluna 1,Coluna 1,Coluna 1
352,02/03/2009,Coluna 1,Coluna 1,Coluna 1,Coluna 1,Coluna 1,Coluna 2,Coluna 1,Coluna 2,Coluna 1,Coluna 1,Coluna do meio,Coluna 1,Coluna 1,Coluna do meio
351,25/02/2009,Coluna do meio,Coluna 2,Coluna 1,Coluna do meio,Coluna 2,Coluna do meio,Coluna do meio,Coluna do meio,Coluna 2,Coluna 2,Coluna 1,Coluna 1,Coluna 2,Coluna 1
350,16/02/2009,Coluna do meio,Coluna do meio,Coluna 1,Coluna 1,Coluna do meio,Coluna 1,Coluna 2,Coluna do meio,Coluna 1,Coluna do meio,Coluna 2,Coluna 2,Coluna 1,Coluna 1
349,09/02/2009,Coluna 1,Coluna do meio,Coluna 2,Coluna 2,Coluna 2,Coluna do meio,Coluna 2,Coluna do meio,Coluna do meio,Coluna do meio,Coluna do meio,Coluna 2,Coluna 2,Coluna 1
348,02/02/2009,Coluna do meio,Coluna 2,Coluna 2,Coluna 1,Coluna do meio,Coluna do meio,Coluna 1,Coluna 1,Coluna 2,Coluna 1,Coluna 1,Coluna do meio,Coluna do meio,Coluna 2
347,26/01/2009,Coluna 2,Coluna 1,Coluna 1,Coluna 1,Coluna 2,Coluna do meio,Coluna 2,Coluna 2,Coluna 1,Coluna 2,Coluna 2,Coluna 2,Coluna do meio,Coluna 2
346,19/01/2009,Coluna do meio,Coluna 2,Coluna do meio,Coluna 1,Coluna 1,Coluna 1,Coluna 1,Coluna 1,Coluna do meio,Coluna 1,Coluna 1,Coluna 1,Coluna 1,Coluna do meio
345,12/01/2009,Coluna 1,Coluna 1,Coluna 1,Coluna do meio,Coluna 2,Coluna 2,Coluna 2,Coluna 2,Coluna 2,Coluna 1,Coluna 2,Coluna 1,Coluna 2,Coluna 2
344,05/01/2009,Coluna 1,Coluna 1,Coluna 2,Coluna 1,Coluna 1,Coluna do meio,Coluna do meio,Coluna 1,Coluna 1,Coluna 2,Coluna 1,Coluna 1,Coluna 1,Coluna do meio
343,15/12/2008,Coluna 1,Coluna do meio,Coluna 1,Coluna do meio,Coluna do meio,Coluna 1,Coluna 1,Coluna do meio,Coluna 2,Coluna 1,Coluna 1,Coluna 2,Coluna do meio,Coluna 2
342,08/12/2008,Coluna 2,Coluna 2,Coluna 1,Coluna 1,Coluna do meio,Coluna 2,Coluna 2,Coluna 2,Coluna do meio,Coluna do meio,Coluna 1,Coluna 1,Coluna 1,Coluna 2
341,01/12/2008,Coluna do meio,Coluna 2,Coluna do meio,Coluna 1,Coluna 1,Coluna 1,Coluna 2,Coluna 1,Coluna do meio,Coluna 1,Coluna 2,Coluna do meio,Coluna 1,Coluna do meio
340,24/11/2008,Coluna 1,Coluna 2,Coluna 1,Coluna 1,Coluna do meio,Coluna do meio,Coluna 1,Coluna 1,Coluna 2,Coluna do meio,Coluna do meio,Coluna 1,Coluna 1,Coluna 2
339,17/11/2008,Coluna 1,Coluna 1,Coluna 1,Coluna 1,Coluna 1,Coluna do meio,Coluna 1,Coluna 1,Coluna do meio,Coluna 1,Coluna 1,Coluna 1,Coluna 1,Coluna 1
338,10/11/2008,Coluna 2,Coluna 2,Coluna 2,Coluna 1,Coluna 1,Coluna do meio,Coluna 2,Coluna 1,Coluna do meio,Coluna 1,Coluna do meio,Coluna 2,Coluna 2,Coluna 1
337,03/11/2008,Coluna 2,Coluna 1,Coluna 1,Coluna 1,Coluna 1,Coluna do meio,Coluna do meio,Coluna 1,Coluna 1,Coluna 1,Coluna do meio,Coluna do meio,Coluna 1,Coluna 2
336,27/10/2008,Coluna 1,Coluna do meio,Coluna 2,Coluna 1,Coluna do meio,Coluna 1,Coluna 1,Coluna 2,Coluna do meio,Coluna 2,Coluna do meio,Coluna do meio,Coluna 1,Coluna 1
335,20/10/2008,Coluna 2,Coluna 2,Coluna do meio,Coluna 2,Coluna 2,Coluna 1,Coluna 1,Coluna do meio,Coluna 1,Coluna do meio,Coluna do meio,Coluna 1,Coluna do meio,Coluna 2
334,13/10/2008,Coluna 2,Coluna do meio,Coluna 2,Coluna do meio,Coluna 1,Coluna do meio,Coluna do meio,Coluna 1,Coluna do meio,Coluna 1,Coluna 2,Coluna 1,Coluna do meio,Coluna do meio
333,06/10/2008,Coluna 1,Coluna 2,Coluna 1,Coluna 1,Coluna 1,Coluna 1,Coluna do meio,Coluna 1,Coluna 1,Coluna 1,Coluna 1,Coluna 2,Coluna 2,Coluna 1
332,29/09/2008,Coluna 1,Coluna 1,Coluna 1,Coluna 1,Coluna 1,Coluna 1,Coluna do meio,Coluna 1,Coluna do meio,Coluna do meio,Coluna 1,Coluna do meio,Coluna do meio,Coluna 1
331,22/09/2008,Coluna do meio,Coluna 2,Coluna 1,Coluna 1,Coluna 1,Coluna 1,Coluna 1,Coluna 2,Coluna 1,Coluna do meio,Coluna 1,Coluna 1,Coluna 1,Coluna 1
330,15/09/2008,Coluna 1,Coluna 2,Coluna 1,Coluna do meio,Coluna 1,Coluna 1,Coluna 1,Coluna 1,Coluna 1,Coluna 1,Coluna 1,Coluna 2,Coluna 2,Coluna 2
329,08/09/2008,Coluna do meio,Coluna 2,Coluna 1,Coluna 2,Coluna 1,Coluna 1,Coluna 1,Coluna do meio,Coluna 1,Coluna 1,Coluna 1,Coluna 1,Coluna 1,Coluna 1
328,01/09/2008,Coluna do meio,Coluna do meio,Coluna 1,Coluna 1,Coluna 1,Coluna 1,Coluna 1,Coluna do meio,Coluna 1,Coluna do meio,Coluna do meio,Coluna 1,Coluna 2,Coluna do meio
327,25/08/2008,Coluna do meio,Coluna 1,Coluna do meio,Coluna 2,Coluna 1,Coluna do meio,Coluna 1,Coluna 1,Coluna 2,Coluna 1,Coluna do meio,Coluna do meio,Coluna 1,Coluna do meio
326,18/08/2008,Coluna 1,Coluna do meio,Coluna 1,Coluna do meio,Coluna 2,Coluna 1,Coluna 1,Coluna 1,Coluna 1,Coluna 1,Coluna 2,Coluna 1,Coluna 1,Coluna 1
325,11/08/2008,Coluna 1,Coluna 2,Coluna 1,Coluna 1,Coluna 1,Coluna 2,Coluna 1,Coluna do meio,Coluna 1,Coluna 1,Coluna 1,Coluna do meio,Coluna 1,Coluna 1
324,04/08/2008,Coluna 2,Coluna 2,Coluna 2,Coluna 2,Coluna 2,Coluna 1,Coluna 1,Coluna do meio,Coluna 2,Coluna 1,Coluna 2,Coluna 1,Coluna 1,Coluna 1
323,28/07/2008,Coluna do meio,Coluna 1,Coluna 2,Coluna do meio,Coluna do meio,Coluna 2,Coluna do meio,Coluna 1,Coluna 2,Coluna do meio,Coluna 1,Coluna 1,Coluna 1,Coluna do meio
322,21/07/2008,Coluna 1,Coluna 1,Coluna 2,Coluna 1,Coluna 2,Coluna 2,Coluna 1,Coluna 1,Coluna 1,Coluna 1,Coluna do meio,Coluna 1,Coluna 1,Coluna 1
321,14/07/2008,Coluna 1,Coluna 1,Coluna 1,Coluna 1,Coluna do meio,Coluna do meio,Coluna 2,Coluna do meio,Coluna do meio,Coluna 2,Coluna 1,Coluna 1,Coluna do meio,Coluna do meio
320,07/07/2008,Coluna 1,Coluna do meio,Coluna 1,Coluna 1,Coluna do meio,Coluna 1,Coluna do meio,Coluna 2,Coluna 1,Coluna 1,Coluna 1,Coluna 1,Coluna 1,Coluna do meio
319,30/06/2008,Coluna do meio,Coluna 2,Coluna do meio,Coluna 2,Coluna 2,Coluna do meio,Coluna 1,Coluna 1,Coluna 1,Coluna 1,Coluna do meio,Coluna do meio,Coluna do meio,Coluna do meio
318,23/06/2008,Coluna 2,Coluna 1,Coluna 1,Coluna 1,Coluna do meio,Coluna do meio,Coluna 2,Coluna 1,Coluna 2,Coluna 1,Coluna 2,Coluna 2,Coluna 1,Coluna 1
317,16/06/2008,Coluna 1,Coluna 1,Coluna 1,Coluna 1,Coluna do meio,Coluna 1,Coluna do meio,Coluna do meio,Coluna do meio,Coluna do meio,Coluna 2,Coluna do meio,Coluna 1,Coluna 2
316,09/06/2008,Coluna 1,Coluna 1,Coluna 1,Coluna 2,Coluna do meio,Coluna 2,Coluna 1,Coluna 2,Coluna 1,Coluna 1,Coluna 1,Coluna 1,Coluna 1,Coluna 1
315,02/06/2008,Coluna do meio,Coluna 2,Coluna do meio,Coluna 2,Coluna 1,Coluna 2,Coluna do meio,Coluna 1,Coluna do meio,Coluna 1,Coluna 1,Coluna 1,Coluna do meio,Coluna 1
314,26/05/2008,Coluna 1,Coluna 1,Coluna do meio,Coluna 1,Coluna 2,Coluna 1,Coluna do meio,Coluna do meio,Coluna 1,Coluna 1,Coluna do meio,Coluna do meio,Coluna do meio,Coluna 1
313,19/05/2008,Coluna 1,Coluna do meio,Coluna 1,Coluna do meio,Coluna 2,Coluna 2,Coluna 2,Coluna 1,Coluna do meio,Coluna 1,Coluna do meio,Coluna 1,Coluna 1,Coluna do meio
312,12/05/2008,Coluna 2,Coluna 1,Coluna do meio,Coluna 1,Coluna 1,Coluna 1,Coluna do meio,Coluna 1,Coluna 2,Coluna do meio,Coluna 1,Coluna 2,Coluna 1,Coluna 1
311,05/05/2008,Coluna 1,Coluna 1,Coluna 1,Coluna 1,Coluna 2,Coluna 1,Coluna do meio,Coluna 2,Coluna 1,Coluna 1,Coluna 1,Coluna 2,Coluna 2,Coluna 1
310,28/04/2008,Coluna 1,Coluna 2,Coluna 2,Coluna 1,Coluna 1,Coluna 1,Coluna 2,Coluna 2,Coluna 2,Coluna 2,Coluna 2,Coluna 1,Coluna 1,Coluna 2
309,22/04/2008,Coluna 1,Coluna 2,Coluna 2,Coluna do meio,Coluna 1,Coluna do meio,Coluna 1,Coluna do meio,Coluna 2,Coluna do meio,Coluna 2,Coluna 1,Coluna 2,Coluna 1
308,14/04/2008,Coluna 1,Coluna 1,Coluna 2,Coluna do meio,Coluna 1,Coluna do meio,Coluna 1,Coluna do meio,Coluna 2,Coluna 1,Coluna 1,Coluna 2,Coluna 1,Coluna do meio
307,07/04/2008,Coluna do meio,Coluna do meio,Coluna 2,Coluna 2,Coluna 2,Coluna 1,Coluna 1,Coluna 2,Coluna do meio,Coluna 2,Coluna 2,Coluna 2,Coluna 1,Coluna 1
306,31/03/2008,Coluna 1,Coluna 1,Coluna 1,Coluna 2,Coluna 2,Coluna 1,Coluna do meio,Coluna 2,Coluna 2,Coluna do meio,Coluna 2,Coluna 1,Coluna do meio,Coluna 2
305,24/03/2008,Coluna 1,Coluna 2,Coluna 1,Coluna 2,Coluna 1,Coluna 1,Coluna 2,Coluna 2,Coluna 1,Coluna 1,Coluna 1,Coluna 1,Coluna 2,Coluna 2
304,17/03/2008,Coluna 2,Coluna 1,Coluna 2,Coluna 2,Coluna 2,Coluna do meio,Coluna 2,Coluna 1,Coluna do meio,Coluna 1,Coluna 2,Coluna 1,Coluna do meio,Coluna 1
303,10/03/2008,Coluna do meio,Coluna 1,Coluna 1,Coluna 2,Coluna 2,Coluna 1,Coluna 2,Coluna 2,Coluna 2,Coluna 1,Coluna 1,Coluna 1,Coluna 2,Coluna 1
302,03/03/2008,Coluna 2,Coluna 1,Coluna 2,Coluna 1,Coluna 1,Coluna 1,Coluna 1,Coluna 2,Coluna 1,Coluna do meio,Coluna 2,Coluna 1,Coluna 1,Coluna do meio
301,25/02/2008,Coluna 2,Coluna 2,Coluna 1,Coluna 2,Coluna 1,Coluna 2,Coluna 1,Coluna 1,Coluna 2,Coluna 1,Coluna 1,Coluna 2,Coluna do meio,Coluna do meio
300,18/02/2008,Coluna do meio,Coluna 1,Coluna 2,Coluna 1,Coluna 2,Coluna 2,Coluna 1,Coluna do meio,Coluna 1,Coluna 2,Coluna 1,Coluna 2,Coluna 1,Coluna 2
299,11/02/2008,Coluna 1,Coluna 2,Coluna 1,Coluna 2,Coluna 2,Coluna 1,Coluna 2,Coluna 1,Coluna 1,Coluna 1,Coluna 2,Coluna 1,Coluna 2,Coluna do meio
298,06/02/2008,Coluna 2,Coluna 1,Coluna do meio,Coluna 1,Coluna do meio,Coluna 1,Coluna 1,Coluna 2,Coluna 2,Coluna 1,Coluna 1,Coluna do meio,Coluna do meio,Coluna do meio
297,28/01/2008,Coluna do meio,Coluna 1,Coluna do meio,Coluna 1,Coluna 1,Coluna do meio,Coluna do meio,Coluna 1,Coluna 1,Coluna 1,Coluna do meio,Coluna do meio,Coluna 1,Coluna 1
296,21/01/2008,Coluna do meio,Coluna 1,Coluna 1,Coluna 1,Coluna 1,Coluna 2,Coluna 2,Coluna 1,Coluna do meio,Coluna do meio,Coluna 2,Coluna 2,Coluna 1,Coluna 2
295,14/01/2008,Coluna 2,Coluna 1,Coluna 2,Coluna 1,Coluna 2,Coluna 2,Coluna 1,Coluna 2,Coluna 1,Coluna 2,Coluna 2,Coluna 2,Coluna do meio,Coluna 2
294,07/01/2008,Coluna 1,Coluna 1,Coluna 1,Coluna 1,Coluna 1,Coluna 1,Coluna 1,Coluna 2,Coluna 2,Coluna 2,Coluna 1,Coluna 1,Coluna 2,Coluna 1
293,03/12/2007,Coluna do meio,Coluna 2,Coluna 1,Coluna 2,Coluna 1,Coluna 1,Coluna 1,Coluna 1,Coluna 2,Coluna 1,Coluna do meio,Coluna do meio,Coluna 1,Coluna 1
292,26/11/2007,Coluna do meio,Coluna 1,Coluna 1,Coluna 2,Coluna do meio,Coluna 2,Coluna 2,Coluna 1,Coluna 2,Coluna 2,Coluna 2,Coluna 1,Coluna 2,Coluna 1
291,19/11/2007,Coluna do meio,Coluna 1,Coluna do meio,Coluna do meio,Coluna 1,Coluna do meio,Coluna 2,Coluna 1,Coluna 1,Coluna 1,Coluna do meio,Coluna 2,Coluna 2,Coluna 1
290,12/11/2007,Coluna 1,Coluna 1,Coluna 1,Coluna do meio,Coluna 1,Coluna 1,Coluna 1,Coluna 1,Coluna 2,Coluna 1,Coluna 2,Coluna do meio,Coluna 1,Coluna do meio
289,05/11/2007,Coluna 1,Coluna do meio,Coluna 2,Coluna 1,Coluna do meio,Coluna do meio,Coluna 1,Coluna do meio,Coluna 1,Coluna 1,Coluna 2,Coluna 1,Coluna do meio,Coluna do meio
288,29/10/2007,Coluna do meio,Coluna do meio,Coluna 2,Coluna 1,Coluna do meio,Coluna 2,Coluna 1,Coluna do meio,Coluna 2,Coluna 1,Coluna do meio,Coluna do meio,Coluna 1,Coluna 1
287,22/10/2007,Coluna 1,Coluna 1,Coluna 1,Coluna 1,Coluna 1,Coluna 1,Coluna 1,Coluna do meio,Coluna 2,Coluna do meio,Coluna 1,Coluna 1,Coluna 1,Coluna 1
286,15/10/2007,Coluna do meio,Coluna do meio,Coluna 1,Coluna do meio,Coluna do meio,Coluna 2,Coluna 2,Coluna do meio,Coluna do meio,Coluna 2,Coluna 2,Coluna 2,Coluna 1,Coluna 2
285,08/10/2007,Coluna 2,Coluna 2,Coluna 1,Coluna 2,Coluna 2,Coluna 1,Coluna 1,Coluna 1,Coluna 1,Coluna 1,Coluna 1,Coluna do meio,Coluna 1,Coluna 1
284,01/10/2007,Coluna 2,Coluna 1,Coluna 1,Coluna 2,Coluna 2,Coluna 2,Coluna 2,Coluna do meio,Coluna 2,Coluna 1,Coluna 1,Coluna 1,Coluna do meio,Coluna 2
283,24/09/2007,Coluna 1,Coluna 2,Coluna 2,Coluna 1,Coluna 1,Coluna do meio,Coluna 1,Coluna do meio,Coluna 1,Coluna 1,Coluna 1,Coluna do meio,Coluna do meio,Coluna 1
282,17/09/2007,Coluna do meio,Coluna 1,Coluna 2,Coluna 1,Coluna 2,Coluna 2,Coluna 1,Coluna 2,Coluna do meio,Coluna 2,Coluna 1,Coluna 1,Coluna 1,Coluna 2
281,10/09/2007,Coluna 1,Coluna 2,Coluna 1,Coluna 1,Coluna 2,Coluna 1,Coluna do meio,Coluna 2,Coluna 1,Coluna 1,Coluna 1,Coluna 1,Coluna 1,Coluna 1
280,03/09/2007,Coluna 1,Coluna do meio,Coluna 1,Coluna 1,Coluna do meio,Coluna 1,Coluna 1,Coluna 1,Coluna do meio,Coluna 1,Coluna 2,Coluna do meio,Coluna do meio,Coluna 1
279,27/08/2007,Coluna do meio,Coluna 2,Coluna do meio,Coluna 2,Coluna 1,Coluna 1,Coluna 1,Coluna 1,Coluna 1,Coluna 1,Coluna 2,Coluna 2,Coluna 1,Coluna 1
278,20/08/2007,Coluna do meio,Coluna 1,Coluna 1,Coluna do meio,Coluna do meio,Coluna 1,Coluna 2,Coluna 1,Coluna 1,Coluna do meio,Coluna do meio,Coluna 1,Coluna 1,Coluna do meio
277,13/08/2007,Coluna 1,Coluna 1,Coluna 2,Coluna do meio,Coluna 2,Coluna 1,Coluna do meio,Coluna 2,Coluna 2,Coluna 1,Coluna 2,Coluna 1,Coluna 1,Coluna 1
276,06/08/2007,Coluna 2,Coluna 1,Coluna 1,Coluna 2,Coluna 1,Coluna 2,Coluna 2,Coluna 1,Coluna 1,Coluna 1,Coluna 1,Coluna do meio,Coluna 1,Coluna do meio
275,30/07/2007,Coluna do meio,Coluna 1,Coluna 2,Coluna 1,Coluna 1,Coluna do meio,Coluna do meio,Coluna 2,Coluna do meio,Coluna 1,Coluna 2,Coluna do meio,Coluna 2,Coluna 2
274,23/07/2007,Coluna 1,Coluna 2,Coluna 1,Coluna 1,Coluna 1,Coluna 1,Coluna 1,Coluna 1,Coluna do meio,Coluna do meio,Coluna 2,Coluna 1,Coluna 1,Coluna do meio
273,16/07/2007,Coluna do meio,Coluna 1,Coluna do meio,Coluna 1,Coluna 1,Coluna 1,Coluna do meio,Coluna do meio,Coluna 1,Coluna do meio,Coluna 2,Coluna 1,Coluna 2,Coluna 1
272,09/07/2007,Coluna do meio,Coluna do meio,Coluna 2,Coluna 1,Coluna do meio,Coluna 1,Coluna do meio,Coluna 2,Coluna do meio,Coluna 1,Coluna 1,Coluna 2,Coluna 1,Coluna 1
271,02/07/2007,Coluna 2,Coluna 2,Coluna 1,Coluna do meio,Coluna 1,Coluna 1,Coluna 2,Coluna 1,Coluna do meio,Coluna 1,Coluna 1,Coluna 2,Coluna do meio,Coluna do meio
270,25/06/2007,Coluna 2,Coluna 1,Coluna 2,Coluna 1,Coluna do meio,Coluna 2,Coluna 2,Coluna 2,Coluna 1,Coluna do meio,Coluna 1,Coluna do meio,Coluna 2,Coluna 2
269,18/06/2007,Coluna do meio,Coluna 1,Coluna 2,Coluna 1,Coluna 2,Coluna 1,Coluna 1,Coluna 2,Coluna 1,Coluna 1,Coluna do meio,Coluna do meio,Coluna 2,Coluna do meio
268,11/06/2007,Coluna 1,Coluna do meio,Coluna 1,Coluna 2,Coluna do meio,Coluna 1,Coluna do meio,Coluna 1,Coluna 1,Coluna 1,Coluna 2,Coluna 2,Coluna 2,Coluna 1
267,04/06/2007,Coluna do meio,Coluna do meio,Coluna 2,Coluna 1,Coluna 2,Coluna do meio,Coluna 1,Coluna 1,Coluna 2,Coluna 1,Coluna 2,Coluna 1,Coluna do meio,Coluna 2
266,28/05/2007,Coluna do meio,Coluna do meio,Coluna 1,Coluna do meio,Coluna 2,Coluna 1,Coluna 2,Coluna 1,Coluna 1,Coluna do meio,Coluna 2,Coluna 2,Coluna 1,Coluna do meio
265,21/05/2007,Coluna 1,Coluna 2,Coluna 2,Coluna 1,Coluna 1,Coluna 1,Coluna 1,Coluna 1,Coluna 1,Coluna 1,Coluna 2,Coluna 1,Coluna 1,Coluna 2
264,14/05/2007,Coluna 2,Coluna 2,Coluna do meio,Coluna 2,Coluna 1,Coluna 1,Coluna do meio,Coluna 1,Coluna 1,Coluna 1,Coluna 2,Coluna 1,Coluna 2,Coluna 1
263,07/05/2007,Coluna do meio,Coluna 1,Coluna 1,Coluna 1,Coluna 1,Coluna do meio,Coluna do meio,Coluna 2,Coluna do meio,Coluna do meio,Coluna 1,Coluna do meio,Coluna 1,Coluna do meio
262,02/05/2007,Coluna 1,Coluna 1,Coluna 2,Coluna 2,Coluna 1,Coluna do meio,Coluna 1,Coluna do meio,Coluna 2,Coluna 2,Coluna 1,Coluna 2,Coluna 1,Coluna 2
261,23/04/2007,Coluna 2,Coluna do meio,Coluna do meio,Coluna 1,Coluna do meio,Coluna 2,Coluna 1,Coluna 1,Coluna 1,Coluna 1,Coluna 1,Coluna do meio,Coluna do meio,Coluna do meio
260,16/04/2007,Coluna do meio,Coluna do meio,Coluna 1,Coluna do meio,Coluna 1,Coluna do meio,Coluna 1,Coluna do meio,Coluna 1,Coluna 1,Coluna do meio,Coluna 1,Coluna do meio,Coluna 1
259,09/04/2007,Coluna 1,Coluna 2,Coluna 1,Coluna 2,Coluna 1,Coluna 1,Coluna do meio,Coluna 1,Coluna do meio,Coluna 2,Coluna do meio,Coluna 2,Coluna 2,Coluna 1
258,02/04/2007,Coluna 1,Coluna 1,Coluna 1,Coluna 1,Coluna 2,Coluna 1,Coluna 1,Coluna 1,Coluna do meio,Coluna 2,Coluna do meio,Coluna 1,Coluna do meio,Coluna 2
257,26/03/2007,Coluna 1,Coluna 1,Coluna 1,Coluna 1,Coluna do meio,Coluna 2,Coluna 2,Coluna 2,Coluna 1,Coluna 1,Coluna 2,Coluna 1,Coluna do meio,Coluna 1
256,19/03/2007,Coluna 1,Coluna 1,Coluna 1,Coluna 1,Coluna 1,Coluna 2,Coluna 1,Coluna 1,Coluna 1,Coluna 2,Coluna 1,Coluna 2,Coluna 2,Coluna 1
255,12/03/2007,Coluna do meio,Coluna 2,Coluna 1,Coluna 1,Coluna 2,Coluna do meio,Coluna 2,Coluna 2,Coluna do meio,Coluna 2,Coluna 1,Coluna 1,Coluna 1,Coluna 1
254,05/03/2007,Coluna 2,Coluna 2,Coluna 2,Coluna 2,Coluna 2,Coluna 1,Coluna 1,Coluna do meio,Coluna 1,Coluna do meio,Coluna do meio,Coluna 2,Coluna 1,Coluna 1
253,26/02/2007,Coluna do meio,Coluna 2,Coluna 2,Coluna 2,Coluna do meio,Coluna 1,Coluna 1,Coluna do meio,Coluna 2,Coluna 1,Coluna 1,Coluna 2,Coluna 1,Coluna 1
252,21/02/2007,Coluna do meio,Coluna 1,Coluna 2,Coluna 1,Coluna 2,Coluna 1,Coluna 1,Coluna 2,Coluna 1,Coluna 2,Coluna 1,Coluna 1,Coluna do meio,Coluna 2
251,12/02/2007,Coluna 1,Coluna do meio,Coluna 2,Coluna 2,Coluna 1,Coluna do meio,Coluna 2,Coluna do meio,Coluna 1,Coluna do meio,Coluna do meio,Coluna do meio,Coluna 2,Coluna 2
250,05/02/2007,Coluna do meio,Coluna 1,Coluna 1,Coluna 1,Coluna 2,Coluna do meio,Coluna 1,Coluna 1,Coluna 1,Coluna 2,Coluna do meio,Coluna do meio,Coluna do meio,Coluna 1
249,29/01/2007,Coluna 2,Coluna 2,Coluna do meio,Coluna 2,Coluna 1,Coluna 1,Coluna 2,Coluna do meio,Coluna 2,Coluna 1,Coluna 1,Coluna 1,Coluna 1,Coluna 1
248,22/01/2007,Coluna 1,Coluna 2,Coluna do meio,Coluna 2,Coluna 2,Coluna 1,Coluna 2,Coluna 2,Coluna 1,Coluna 2,Coluna do meio,Coluna do meio,Coluna 2,Coluna 1
247,15/01/2007,Coluna 1,Coluna 1,Coluna do meio,Coluna 2,Coluna 2,Coluna 1,Coluna 2,Coluna do meio,Coluna 1,Coluna 1,Coluna 1,Coluna 2,Coluna 1,Coluna 2
246,08/01/2007,Coluna 1,Coluna 1,Coluna do meio,Coluna 1,Coluna 1,Coluna 1,Coluna 2,Coluna do meio,Coluna 1,Coluna 1,Coluna 2,Coluna 1,Coluna 2,Coluna 1
245,26/12/2006,Coluna 1,Coluna 1,Coluna do meio,Coluna 1,Coluna 2,Coluna 2,Coluna 1,Coluna 1,Coluna 1,Coluna 2,Coluna 1,Coluna do meio,Coluna 2,Coluna do meio
244,18/12/2006,Coluna 1,Coluna do meio,Coluna 1,Coluna 2,Coluna 1,Coluna 2,Coluna do meio,Coluna 1,Coluna 1,Coluna do meio,Coluna 1,Coluna 2,Coluna 2,Coluna 2
243,11/12/2006,Coluna 1,Coluna 1,Coluna 1,Coluna 2,Coluna 1,Coluna 1,Coluna 2,Coluna 1,Coluna do meio,Coluna 1,Coluna 2,Coluna 2,Coluna do meio,Coluna 1
242,04/12/2006,Coluna do meio,Coluna do meio,Coluna 1,Coluna 2,Coluna do meio,Coluna 1,Coluna do meio,Coluna 1,Coluna do meio,Coluna 1,Coluna 1,Coluna 1,Coluna 1,Coluna 1
241,27/11/2006,Coluna 1,Coluna 2,Coluna do meio,Coluna 1,Coluna do meio,Coluna 2,Coluna do meio,Coluna do meio,Coluna do meio,Coluna 2,Coluna 1,Coluna 1,Coluna 2,Coluna 2
240,20/11/2006,Coluna do meio,Coluna do meio,Coluna 1,Coluna do meio,Coluna do meio,Coluna 2,Coluna 1,Coluna do meio,Coluna 1,Coluna do meio,Coluna 2,Coluna 1,Coluna 1,Coluna 2
239,13/11/2006,Coluna 1,Coluna 1,Coluna 2,Coluna 2,Coluna 1,Coluna 1,Coluna 2,Coluna 2,Coluna 1,Coluna do meio,Coluna 2,Coluna do meio,Coluna 1,Coluna do meio
238,06/11/2006,Coluna 2,Coluna 2,Coluna 1,Coluna 1,Coluna 1,Coluna 2,Coluna 2,Coluna 1,Coluna 2,Coluna do meio,Coluna do meio,Coluna 1,Coluna 1,Coluna 1
237,30/10/2006,Coluna 2,Coluna 2,Coluna 1,Coluna 2,Coluna 1,Coluna 2,Coluna 2,Coluna do meio,Coluna do meio,Coluna 2,Coluna 1,Coluna 1,Coluna 1,Coluna 2
236,23/10/2006,Coluna do meio,Coluna 1,Coluna 2,Coluna 2,Coluna 1,Coluna 2,Coluna do meio,Coluna 1,Coluna 1,Coluna 1,Coluna 1,Coluna 1,Coluna do meio,Coluna 1
235,16/10/2006,Coluna 1,Coluna 1,Coluna 1,Coluna 1,Coluna 2,Coluna 1,Coluna 1,Coluna 2,Coluna do meio,Coluna 1,Coluna 1,Coluna do meio,Coluna 2,Coluna do meio
234,09/10/2006,Coluna 2,Coluna 1,Coluna 1,Coluna 1,Coluna do meio,Coluna 2,Coluna 1,Coluna 1,Coluna do meio,Coluna 1,Coluna 1,Coluna 1,Coluna 1,Coluna 1
233,05/10/2006,Coluna 1,Coluna 1,Coluna 1,Coluna 2,Coluna 1,Coluna 1,Coluna do meio,Coluna 1,Coluna 1,Coluna 2,Coluna 1,Coluna 1,Coluna do meio,Coluna 1
232,25/09/2006,Coluna do meio,Coluna 1,Coluna do meio,Coluna 1,Coluna 1,Coluna 1,Coluna 1,Coluna 1,Coluna 1,Coluna 2,Coluna 1,Coluna 2,Coluna 2,Coluna 2
231,18/09/2006,Coluna 1,Coluna 1,Coluna 1,Coluna 1,Coluna do meio,Coluna 1,Coluna 1,Coluna 1,Coluna 1,Coluna do meio,Coluna 1,Coluna 1,Coluna 2,Coluna 1
230,11/09/2006,Coluna do meio,Coluna 2,Coluna do meio,Coluna do meio,Coluna 1,Coluna do meio,Coluna 1,Coluna 1,Coluna do meio,Coluna do meio,Coluna 2,Coluna 1,Coluna 1,Coluna 1
229,04/09/2006,Coluna 1,Coluna 1,Coluna do meio,Coluna 2,Coluna 2,Coluna 2,Coluna do meio,Coluna 1,Coluna 2,Coluna 1,Coluna 1,Coluna 1,Coluna do meio,Coluna 1
228,28/08/2006,Coluna do meio,Coluna 2,Coluna 2,Coluna 1,Coluna do meio,Coluna 2,Coluna 1,Coluna 2,Coluna do meio,Coluna 1,Coluna 1,Coluna 2,Coluna 1,Coluna 2
227,21/08/2006,Coluna do meio,Coluna do meio,Coluna 1,Coluna 2,Coluna 1,Coluna 1,Coluna 1,Coluna 1,Coluna 2,Coluna do meio,Coluna 1,Coluna do meio,Coluna 1,Coluna do meio
226,14/08/2006,Coluna 2,Coluna 2,Coluna do meio,Coluna do meio,Coluna 1,Coluna do meio,Coluna 1,Coluna 1,Coluna 2,Coluna 1,Coluna 1,Coluna 2,Coluna 1,Coluna 2
225,07/08/2006,Coluna 1,Coluna do meio,Coluna 1,Coluna 1,Coluna 1,Coluna 1,Coluna do meio,Coluna do meio,Coluna 1,Coluna do meio,Coluna do meio,Coluna do meio,Coluna do meio,Coluna 1
224,31/07/2006,Coluna 2,Coluna do meio,Coluna do meio,Coluna 1,Coluna 1,Coluna do meio,Coluna 1,Coluna 2,Coluna do meio,Coluna do meio,Coluna 1,Coluna do meio,Coluna 1,Coluna 1
223,24/07/2006,Coluna do meio,Coluna 2,Coluna 2,Coluna 1,Coluna 1,Coluna do meio,Coluna 1,Coluna 1,Coluna 1,Coluna do meio,Coluna do meio,Coluna do meio,Coluna 1,Coluna 1
222,17/07/2006,Coluna 2,Coluna 1,Coluna 1,Coluna 1,Coluna do meio,Coluna 1,Coluna 2,Coluna do meio,Coluna 1,Coluna 1,Coluna 1,Coluna 1,Coluna 1,Coluna do meio
221,13/07/2006,Coluna 1,Coluna 1,Coluna do meio,Coluna 1,Coluna 1,Coluna do meio,Coluna 1,Coluna do meio,Coluna do meio,Coluna do meio,Coluna do meio,Coluna 1,Coluna do meio,Coluna 1
220,03/07/2006,Coluna 2,Coluna do meio,Coluna 1,Coluna do meio,Coluna do meio,Coluna 2,Coluna 1,Coluna 2,Coluna 2,Coluna 2,Coluna 1,Coluna 1,Coluna do meio,Coluna do meio
219,27/06/2006,Coluna 1,Coluna 1,Coluna 1,Coluna 1,Coluna do meio,Coluna 1,Coluna 2,Coluna 1,Coluna 2,Coluna 1,Coluna 1,Coluna 1,Coluna 1,Coluna do meio
218,22/06/2006,Coluna 1,Coluna do meio,Coluna 2,Coluna 2,Coluna 2,Coluna do meio,Coluna do meio,Coluna do meio,Coluna 1,Coluna 2,Coluna 1,Coluna do meio,Coluna 1,Coluna do meio
217,14/06/2006,Coluna 1,Coluna do meio,Coluna 1,Coluna 2,Coluna 1,Coluna 1,Coluna 2,Coluna 1,Coluna 2,Coluna 1,Coluna do meio,Coluna 1,Coluna do meio,Coluna 1
216,05/06/2006,Coluna 1,Coluna 2,Coluna 2,Coluna do meio,Coluna 2,Coluna 1,Coluna 2,Coluna 1,Coluna 1,Coluna 1,Coluna 1,Coluna do meio,Coluna 1,Coluna do meio
215,29/05/2006,Coluna 1,Coluna 1,Coluna do meio,Coluna do meio,Coluna 2,Coluna 2,Coluna do meio,Coluna do meio,Coluna 1,Coluna 1,Coluna 2,Coluna 1,Coluna 1,Coluna do meio
214,22/05/2006,Coluna 2,Coluna 1,Coluna 1,Coluna 2,Coluna 1,Coluna 2,Coluna do meio,Coluna 1,Coluna do meio,Coluna 1,Coluna 2,Coluna do meio,Coluna 1,Coluna 1
213,15/05/2006,Coluna 1,Coluna do meio,Coluna do meio,Coluna 2,Coluna 1,Coluna 2,Coluna 2,Coluna 1,Coluna do meio,Coluna 1,Coluna 1,Coluna 1,Coluna 1,Coluna do meio
212,08/05/2006,Coluna 2,Coluna 1,Coluna 2,Coluna 1,Coluna 1,Coluna 1,Coluna do meio,Coluna do meio,Coluna 1,Coluna do meio,Coluna 1,Coluna 1,Coluna 1,Coluna 2
211,02/05/2006,Coluna 2,Coluna do meio,Coluna 1,Coluna 1,Coluna 2,Coluna 1,Coluna do meio,Coluna do meio,Coluna 1,Coluna do meio,Coluna 1,Coluna 1,Coluna 2,Coluna 1
210,24/04/2006,Coluna 1,Coluna 1,Coluna 1,Coluna 1,Coluna 1,Coluna 1,Coluna 1,Coluna do meio,Coluna 2,Coluna do meio,Coluna 1,Coluna do meio,Coluna 2,Coluna 1
209,17/04/2006,Coluna 1,Coluna 1,Coluna do meio,Coluna do meio,Coluna 2,Coluna do meio,Coluna 1,Coluna 1,Coluna 2,Coluna do meio,Coluna 2,Coluna 1,Coluna 1,Coluna 2
208,10/04/2006,Coluna do meio,Coluna 1,Coluna 2,Coluna 2,Coluna 1,Coluna do meio,Coluna 1,Coluna 1,Coluna do meio,Coluna 2,Coluna 2,Coluna 1,Coluna 2,Coluna do meio
207,03/04/2006,Coluna 1,Coluna 2,Coluna do meio,Coluna do meio,Coluna do meio,Coluna 1,Coluna do meio,Coluna do meio,Coluna do meio,Coluna 1,Coluna 2,Coluna 1,Coluna 2,Coluna 2
206,27/03/2006,Coluna do meio,Coluna 1,Coluna do meio,Coluna 2,Coluna 1,Coluna do meio,Coluna 2,Coluna do meio,Coluna 1,Coluna 1,Coluna do meio,Coluna 1,Coluna 2,Coluna 2
205,20/03/2006,Coluna 2,Coluna 1,Coluna 1,Coluna 1,Coluna 1,Coluna 2,Coluna do meio,Coluna 2,Coluna 2,Coluna 1,Coluna 1,Coluna 1,Coluna 2,Coluna do meio
204,13/03/2006,Coluna 2,Coluna do meio,Coluna do meio,Coluna 1,Coluna 1,Coluna 2,Coluna do meio,Coluna 1,Coluna 2,Coluna 1,Coluna 2,Coluna do meio,Coluna 2,Coluna do meio
203,06/03/2006,Coluna 1,Coluna do meio,Coluna do meio,Coluna do meio,Coluna do meio,Coluna 1,Coluna 1,Coluna 1,Coluna 2,Coluna 1,Coluna do meio,Coluna 1,Coluna 1,Coluna do meio
202,01/03/2006,Coluna 1,Coluna 2,Coluna 1,Coluna 2,Coluna 2,Coluna 1,Coluna 2,Coluna do meio,Coluna do meio,Coluna 1,Coluna 2,Coluna 2,Coluna 1,Coluna 1
201,20/02/2006,Coluna 1,Coluna 1,Coluna do meio,Coluna 1,Coluna 1,Coluna 1,Coluna do meio,Coluna 2,Coluna do meio,Coluna do meio,Coluna do meio,Coluna do meio,Coluna 2,Coluna 1
200,13/02/2006,Coluna 2,Coluna do meio,Coluna 2,Coluna 1,Coluna 1,Coluna 1,Coluna 1,Coluna do meio,Coluna do meio,Coluna 1,Coluna 1,Coluna do meio,Coluna 2,Coluna 2
199,06/02/2006,Coluna 1,Coluna do meio,Coluna do meio,Coluna 1,Coluna do meio,Coluna 1,Coluna 1,Coluna 1,Coluna 1,Coluna 2,Coluna 1,Coluna do meio,Coluna 1,Coluna 1
198,30/01/2006,Coluna do meio,Coluna 2,Coluna do meio,Coluna 1,Coluna 2,Coluna 1,Coluna 1,Coluna 2,Coluna do meio,Coluna do meio,Coluna 1,Coluna 2,Coluna 1,Coluna do meio
197,23/01/2006,Coluna 1,Coluna 1,Coluna 1,Coluna 1,Coluna 1,Coluna do meio,Coluna do meio,Coluna 2,Coluna 2,Coluna do meio,Coluna 1,Coluna 2,Coluna 1,Coluna 1
196,16/01/2006,Coluna 1,Coluna 1,Coluna 2,Coluna 1,Coluna 1,Coluna 1,Coluna 2,Coluna 2,Coluna 2,Coluna 1,Coluna do meio,Coluna 2,Coluna 1,Coluna 2
195,09/01/2006,Coluna 1,Coluna 1,Coluna 1,Coluna 1,Coluna 1,Coluna 1,Coluna 1,Coluna 1,Coluna do meio,Coluna do meio,Coluna 2,Coluna 2,Coluna 1,Coluna do meio
194,19/12/2005,Coluna 2,Coluna 1,Coluna 2,Coluna 2,Coluna 2,Coluna 1,Coluna 1,Coluna 1,Coluna 2,Coluna do meio,Coluna 1,Coluna 2,Coluna do meio,Coluna do meio
193,12/12/2005,Coluna 1,Coluna 2,Coluna 2,Coluna 1,Coluna do meio,Coluna 1,Coluna 2,Coluna 1,Coluna 2,Coluna 2,Coluna 1,Coluna do meio,Coluna 2,Coluna 1
192,05/12/2005,Coluna 1,Coluna 1,Coluna 1,Coluna 2,Coluna 2,Coluna 1,Coluna 1,Coluna 1,Coluna 1,Coluna 1,Coluna 1,Coluna 2,Coluna 1,Coluna 1
191,28/11/2005,Coluna 1,Coluna 1,Coluna do meio,Coluna 1,Coluna do meio,Coluna 1,Coluna 1,Coluna 2,Coluna 1,Coluna 1,Coluna 2,Coluna do meio,Coluna 1,Coluna 2
190,21/11/2005,Coluna do meio,Coluna 1,Coluna 1,Coluna 2,Coluna 2,Coluna 1,Coluna do meio,Coluna 1,Coluna 2,Coluna 2,Coluna 1,Coluna 1,Coluna 1,Coluna 1
189,14/11/2005,Coluna 1,Coluna 1,Coluna 2,Coluna 1,Coluna 2,Coluna 2,Coluna 1,Coluna do meio,Coluna 1,Coluna do meio,Coluna 1,Coluna 1,Coluna 1,Coluna do meio
188,07/11/2005,Coluna 1,Coluna 1,Coluna 1,Coluna 1,Coluna 2,Coluna 2,Coluna 1,Coluna 2,Coluna do meio,Coluna 1,Coluna do meio,Coluna 1,Coluna 1,Coluna 1
187,31/10/2005,Coluna do meio,Coluna 2,Coluna 2,Coluna do meio,Coluna do meio,Coluna 1,Coluna 1,Coluna do meio,Coluna 1,Coluna 1,Coluna do meio,Coluna 1,Coluna 1,Coluna 2
186,24/10/2005,Coluna 1,Coluna 2,Coluna 1,Coluna 1,Coluna do meio,Coluna 1,Coluna do meio,Coluna 2,Coluna do meio,Coluna do meio,Coluna 1,Coluna 1,Coluna 1,Coluna 1
185,17/10/2005,Coluna do meio,Coluna 1,Coluna 2,Coluna 1,Coluna 2,Coluna 1,Coluna 1,Coluna do meio,Coluna 1,Coluna 2,Coluna 2,Coluna 2,Coluna 2,Coluna do meio
184,10/10/2005,Coluna 2,Coluna 1,Coluna 1,Coluna 1,Coluna 1,Coluna do meio,Coluna 2,Coluna do meio,Coluna 1,Coluna 1,Coluna 2,Coluna 1,Coluna 1,Coluna 1
183,03/10/2005,Coluna do meio,Coluna do meio,Coluna do meio,Coluna 1,Coluna 1,Coluna 1,Coluna 1,Coluna 2,Coluna 1,Coluna 2,Coluna 1,Coluna 1,Coluna 1,Coluna do meio
182,26/09/2005,Coluna 2,Coluna 1,Coluna do meio,Coluna 1,Coluna 1,Coluna 1,Coluna do meio,Coluna 1,Coluna 1,Coluna 1,Coluna do meio,Coluna 1,Coluna 2,Coluna do meio
181,19/09/2005,Coluna 1,Coluna 1,Coluna 1,Coluna 1,Coluna 1,Coluna 2,Coluna 2,Coluna do meio,Coluna 1,Coluna 1,Coluna 1,Coluna 1,Coluna do meio,Coluna 1
180,12/09/2005,Coluna do meio,Coluna 1,Coluna 1,Coluna 2,Coluna 2,Coluna 1,Coluna 1,Coluna do meio,Coluna 1,Coluna do meio,Coluna 2,Coluna 1,Coluna 2,Coluna 1
179,05/09/2005,Coluna 1,Coluna 1,Coluna 1,Coluna 1,Coluna 1,Coluna 1,Coluna do meio,Coluna 1,Coluna 2,Coluna 1,Coluna 1,Coluna 1,Coluna do meio,Coluna 1
178,29/08/2005,Coluna do meio,Coluna 1,Coluna 1,Coluna 2,Coluna 1,Coluna do meio,Coluna do meio,Coluna 2,Coluna 1,Coluna 1,Coluna 2,Coluna 1,Coluna 1,Coluna 1
177,22/08/2005,Coluna do meio,Coluna do meio,Coluna 1,Coluna 1,Coluna 2,Coluna 1,Coluna 1,Coluna 2,Coluna 1,Coluna 1,Coluna 1,Coluna do meio,Coluna 1,Coluna 1
176,15/08/2005,Coluna do meio,Coluna 1,Coluna 1,Coluna 2,Coluna 1,Coluna do meio,Coluna 1,Coluna 1,Coluna do meio,Coluna 1,Coluna do meio,Coluna 2,Coluna 1,Coluna 1
175,08/08/2005,Coluna 2,Coluna 2,Coluna 1,Coluna 2,Coluna do meio,Coluna 1,Coluna 1,Coluna do meio,Coluna 1,Coluna 1,Coluna 2,Coluna 1,Coluna do meio,Coluna 2
174,01/08/2005,Coluna 1,Coluna 2,Coluna do meio,Coluna 1,Coluna 1,Coluna do meio,Coluna do meio,Coluna 1,Coluna 2,Coluna 1,Coluna 2,Coluna 1,Coluna 1,Coluna do meio
173,25/07/2005,Coluna 2,Coluna 1,Coluna 1,Coluna 2,Coluna 1,Coluna do meio,Coluna 1,Coluna 1,Coluna 1,Coluna do meio,Coluna 2,Coluna 1,Coluna 2,Coluna 1
172,18/07/2005,Coluna 1,Coluna 1,Coluna 1,Coluna 2,Coluna 2,Coluna 2,Coluna 2,Coluna 2,Coluna do meio,Coluna 2,Coluna 1,Coluna 2,Coluna 2,Coluna 2
171,11/07/2005,Coluna 1,Coluna 2,Coluna 1,Coluna 1,Coluna 1,Coluna 1,Coluna 1,Coluna 2,Coluna 1,Coluna 2,Coluna 2,Coluna 1,Coluna 2,Coluna 2
170,04/07/2005,Coluna 1,Coluna 1,Coluna 1,Coluna 2,Coluna 1,Coluna 2,Coluna 1,Coluna do meio,Coluna do meio,Coluna 1,Coluna 1,Coluna do meio,Coluna 1,Coluna do meio
169,27/06/2005,Coluna 2,Coluna 2,Coluna do meio,Coluna 2,Coluna 1,Coluna 2,Coluna do meio,Coluna 1,Coluna 1,Coluna 2,Coluna 2,Coluna 1,Coluna 1,Coluna 2
168,20/06/2005,Coluna 1,Coluna 1,Coluna 2,Coluna 1,Coluna do meio,Coluna 2,Coluna do meio,Coluna 1,Coluna 1,Coluna 1,Coluna 1,Coluna 1,Coluna do meio,Coluna do meio
167,13/06/2005,Coluna 1,Coluna do meio,Coluna do meio,Coluna do meio,Coluna 1,Coluna do meio,Coluna do meio,Coluna 2,Coluna 1,Coluna 1,Coluna 1,Coluna 1,Coluna 2,Coluna 1
166,06/06/2005,Coluna do meio,Coluna do meio,Coluna 1,Coluna 1,Coluna 1,Coluna 1,Coluna do meio,Coluna 2,Coluna do meio,Coluna 2,Coluna do meio,Coluna do meio,Coluna 1,Coluna do meio
165,30/05/2005,Coluna do meio,Coluna 1,Coluna do meio,Coluna 1,Coluna 2,Coluna 2,Coluna 1,Coluna do meio,Coluna do meio,Coluna do meio,Coluna 1,Coluna 1,Coluna 1,Coluna 1
164,23/05/2005,Coluna 1,Coluna 1,Coluna 1,Coluna 1,Coluna 1,Coluna 1,Coluna 1,Coluna do meio,Coluna 1,Coluna 1,Coluna do meio,Coluna 2,Coluna 1,Coluna 2
163,16/05/2005,Coluna 1,Coluna 2,Coluna 1,Coluna 2,Coluna 1,Coluna 2,Coluna 1,Coluna 2,Coluna 1,Coluna 2,Coluna 1,Coluna 1,Coluna 2,Coluna 1
162,09/05/2005,Coluna 2,Coluna 2,Coluna 1,Coluna 1,Coluna 1,Coluna 1,Coluna do meio,Coluna 2,Coluna do meio,Coluna 1,Coluna 1,Coluna do meio,Coluna 2,Coluna 1
161,02/05/2005,Coluna 1,Coluna 1,Coluna do meio,Coluna 2,Coluna 2,Coluna do meio,Coluna do meio,Coluna 1,Coluna 2,Coluna do meio,Coluna 1,Coluna do meio,Coluna 1,Coluna 2
160,25/04/2005,Coluna 1,Coluna do meio,Coluna 2,Coluna do meio,Coluna 1,Coluna 2,Coluna 2,Coluna 1,Coluna 1,Coluna 1,Coluna 2,Coluna 1,Coluna do meio,Coluna do meio
159,18/04/2005,Coluna 2,Coluna 2,Coluna do meio,Coluna 2,Coluna 1,Coluna do meio,Coluna 1,Coluna do meio,Coluna 1,Coluna 2,Coluna do meio,Coluna 1,Coluna 2,Coluna do meio
158,11/04/2005,Coluna 2,Coluna do meio,Coluna 1,Coluna 1,Coluna 1,Coluna do meio,Coluna do meio,Coluna 1,Coluna 1,Coluna 1,Coluna 1,Coluna 1,Coluna 1,Coluna 1
157,04/04/2005,Coluna do meio,Coluna do meio,Coluna 1,Coluna 1,Coluna 2,Coluna 1,Coluna 2,Coluna 1,Coluna 2,Coluna 1,Coluna 1,Coluna 2,Coluna 1,Coluna do meio
156,28/03/2005,Coluna 1,Coluna 2,Coluna 2,Coluna 2,Coluna 1,Coluna 1,Coluna do meio,Coluna 2,Coluna 1,Coluna 2,Coluna do meio,Coluna 1,Coluna do meio,Coluna 1
155,21/03/2005,Coluna 1,Coluna do meio,Coluna 2,Coluna 1,Coluna 2,Coluna do meio,Coluna 1,Coluna do meio,Coluna 1,Coluna 1,Coluna 1,Coluna 2,Coluna 2,Coluna 2
154,14/03/2005,Coluna 1,Coluna 2,Coluna 1,Coluna 1,Coluna 1,Coluna 1,Coluna do meio,Coluna do meio,Coluna 1,Coluna 1,Coluna 2,Coluna 1,Coluna 2,Coluna 1
153,07/03/2005,Coluna do meio,Coluna 1,Coluna 2,Coluna do meio,Coluna 1,Coluna 2,Coluna 2,Coluna 1,Coluna 1,Coluna 1,Coluna do meio,Coluna 2,Coluna 1,Coluna 1
152,01/03/2005,Coluna 1,Coluna 1,Coluna 2,Coluna 1,Coluna 1,Coluna 1,Coluna do meio,Coluna 2,Coluna do meio,Coluna 1,Coluna 2,Coluna 2,Coluna 1,Coluna 2
151,21/02/2005,Coluna 2,Coluna 2,Coluna 1,Coluna 2,Coluna 1,Coluna 1,Coluna 1,Coluna 2,Coluna 1,Coluna 1,Coluna 1,Coluna 1,Coluna do meio,Coluna do meio
150,14/02/2005,Coluna 1,Coluna 1,Coluna 1,Coluna 2,Coluna do meio,Coluna do meio,Coluna 1,Coluna 1,Coluna 1,Coluna do meio,Coluna do meio,Coluna 1,Coluna 1,Coluna 1
149,09/02/2005,Coluna do meio,Coluna do meio,Coluna do meio,Coluna 2,Coluna 2,Coluna 1,Coluna 1,Coluna 1,Coluna 2,Coluna 2,Coluna 1,Coluna 1,Coluna 1,Coluna 2
148,31/01/2005,Coluna do meio,Coluna 1,Coluna 1,Coluna do meio,Coluna do meio,Coluna do meio,Coluna 1,Coluna 2,Coluna 1,Coluna 2,Coluna do meio,Coluna do meio,Coluna 1,Coluna 1
147,24/01/2005,Coluna 2,Coluna 2,Coluna do meio,Coluna 1,Coluna 1,Coluna 1,Coluna 1,Coluna 1,Coluna 1,Coluna 2,Coluna 1,Coluna 1,Coluna 1,Coluna 2
146,17/01/2005,Coluna 1,Coluna 2,Coluna 2,Coluna do meio,Coluna 2,Coluna 2,Coluna 2,Coluna 2,Coluna 2,Coluna do meio,Coluna 2,Coluna 1,Coluna 1,Coluna 2
145,10/01/2005,Coluna 2,Coluna 2,Coluna 1,Coluna do meio,Coluna 2,Coluna 2,Coluna 1,Coluna 2,Coluna 1,Coluna 1,Coluna 2,Coluna 2,Coluna 1,Coluna 2
144,20/12/2004,Coluna 1,Coluna do meio,Coluna do meio,Coluna 1,Coluna 1,Coluna 1,Coluna do meio,Coluna 1,Coluna 1,Coluna 2,Coluna 2,Coluna 1,Coluna 1,Coluna 1
143,13/12/2004,Coluna do meio,Coluna 2,Coluna 2,Coluna 2,Coluna 1,Coluna 2,Coluna 1,Coluna 2,Coluna 1,Coluna 1,Coluna 1,Coluna 2,Coluna 1,Coluna 1
142,06/12/2004,Coluna 1,Coluna 1,Coluna 1,Coluna 1,Coluna do meio,Coluna 1,Coluna 2,Coluna 1,Coluna 1,Coluna 1,Coluna 1,Coluna do meio,Coluna do meio,Coluna 2
141,29/11/2004,Coluna 2,Coluna 1,Coluna 2,Coluna do meio,Coluna 1,Coluna 1,Coluna 1,Coluna 1,Coluna do meio,Coluna 1,Coluna 1,Coluna 1,Coluna do meio,Coluna do meio
140,22/11/2004,Coluna do meio,Coluna 2,Coluna 1,Coluna 2,Coluna 1,Coluna 1,Coluna 1,Coluna 1,Coluna 1,Coluna 1,Coluna 2,Coluna 2,Coluna 1,Coluna 2
139,16/11/2004,Coluna do meio,Coluna do meio,Coluna 2,Coluna 1,Coluna 1,Coluna 1,Coluna 2,Coluna 1,Coluna do meio,Coluna do meio,Coluna do meio,Coluna 1,Coluna 1,Coluna 1
138,08/11/2004,Coluna 1,Coluna 1,Coluna 1,Coluna 1,Coluna do meio,Coluna 1,Coluna 1,Coluna 1,Coluna do meio,Coluna 2,Coluna do meio,Coluna 1,Coluna 1,Coluna 2
137,01/11/2004,Coluna 1,Coluna 2,Coluna 1,Coluna 1,Coluna 1,Coluna do meio,Coluna do meio,Coluna do meio,Coluna 1,Coluna do meio,Coluna 2,Coluna do meio,Coluna 1,Coluna 1
136,25/10/2004,Coluna 1,Coluna 1,Coluna 2,Coluna 2,Coluna 1,Coluna do meio,Coluna do meio,Coluna do meio,Coluna 1,Coluna 1,Coluna 2,Coluna 1,Coluna 1,Coluna 2
135,18/10/2004,Coluna 1,Coluna 2,Coluna 1,Coluna do meio,Coluna 2,Coluna do meio,Coluna 1,Coluna do meio,Coluna 1,Coluna 1,Coluna 2,Coluna 1,Coluna 1,Coluna 1
134,11/10/2004,Coluna 1,Coluna 1,Coluna 1,Coluna 1,Coluna 2,Coluna 1,Coluna 1,Coluna 2,Coluna 1,Coluna 2,Coluna 1,Coluna 2,Coluna 2,Coluna 1
133,04/10/2004,Coluna 1,Coluna 2,Coluna 1,Coluna 1,Coluna 1,Coluna 2,Coluna 1,Coluna 1,Coluna 1,Coluna 1,Coluna 1,Coluna 1,Coluna 1,Coluna 2
132,27/09/2004,Coluna 2,Coluna 1,Coluna 1,Coluna 1,Coluna do meio,Coluna do meio,Coluna 1,Coluna 1,Coluna 2,Coluna 1,Coluna 1,Coluna 1,Coluna 1,Coluna 1
131,20/09/2004,Coluna do meio,Coluna do meio,Coluna 1,Coluna 1,Coluna 1,Coluna 1,Coluna do meio,Coluna do meio,Coluna 2,Coluna 2,Coluna 1,Coluna 2,Coluna do meio,Coluna 2
130,13/09/2004,Coluna 2,Coluna 1,Coluna do meio,Coluna 1,Coluna 1,Coluna 1,Coluna 1,Coluna 1,Coluna 1,Coluna 1,Coluna 2,Coluna do meio,Coluna 1,Coluna 2
129,06/09/2004,Coluna 1,Coluna do meio,Coluna do meio,Coluna 1,Coluna 1,Coluna 2,Coluna 1,Coluna 1,Coluna do meio,Coluna 1,Coluna 2,Coluna do meio,Coluna 1,Coluna do meio
128,30/08/2004,Coluna 2,Coluna do meio,Coluna do meio,Coluna 2,Coluna do meio,Coluna 2,Coluna do meio,Coluna 1,Coluna 1,Coluna 2,Coluna 1,Coluna do meio,Coluna do meio,Coluna 1
127,23/08/2004,Coluna do meio,Coluna 1,Coluna do meio,Coluna do meio,Coluna do meio,Coluna 1,Coluna 1,Coluna 1,Coluna 1,Coluna do meio,Coluna 1,Coluna do meio,Coluna 2,Coluna 1
126,16/08/2004,Coluna 1,Coluna 2,Coluna 1,Coluna 1,Coluna 1,Coluna 1,Coluna 1,Coluna 2,Coluna do meio,Coluna do meio,Coluna 2,Coluna do meio,Coluna 1,Coluna 1
125,09/08/2004,Coluna 1,Coluna do meio,Coluna 1,Coluna 1,Coluna 2,Coluna 1,Coluna 2,Coluna 1,Coluna 2,Coluna do meio,Coluna do meio,Coluna 2,Coluna 1,Coluna 2
124,02/08/2004,Coluna 2,Coluna do meio,Coluna do meio,Coluna do meio,Coluna 1,Coluna 1,Coluna 2,Coluna 2,Coluna 2,Coluna 1,Coluna 1,Coluna do meio,Coluna 1,Coluna do meio
123,26/07/2004,Coluna 1,Coluna 1,Coluna 2,Coluna do meio,Coluna do meio,Coluna 1,Coluna do meio,Coluna 1,Coluna 2,Coluna 1,Coluna 1,Coluna 1,Coluna 1,Coluna 2
122,19/07/2004,Coluna 1,Coluna 1,Coluna 1,Coluna 1,Coluna do meio,Coluna 1,Coluna 1,Coluna 2,Coluna 1,Coluna do meio,Coluna 2,Coluna 1,Coluna 1,Coluna 2
121,12/07/2004,Coluna 2,Coluna 1,Coluna 1,Coluna do meio,Coluna 1,Coluna 1,Coluna 1,Coluna 1,Coluna do meio,Coluna 1,Coluna 1,Coluna 1,Coluna 1,Coluna 1
120,05/07/2004,Coluna 2,Coluna 1,Coluna 2,Coluna do meio,Coluna 2,Coluna 1,Coluna do meio,Coluna 1,Coluna 1,Coluna 1,Coluna do meio,Coluna 1,Coluna 2,Coluna 1
119,28/06/2004,Coluna do meio,Coluna 2,Coluna do meio,Coluna 1,Coluna 2,Coluna 2,Coluna 1,Coluna do meio,Coluna 1,Coluna 1,Coluna 1,Coluna 1,Coluna 1,Coluna 1
118,21/06/2004,Coluna do meio,Coluna 1,Coluna 1,Coluna 1,Coluna do meio,Coluna do meio,Coluna do meio,Coluna 1,Coluna do meio,Coluna 1,Coluna 2,Coluna 2,Coluna do meio,Coluna do meio
117,14/06/2004,Coluna do meio,Coluna 1,Coluna do meio,Coluna 1,Coluna 1,Coluna do meio,Coluna 1,Coluna 2,Coluna 1,Coluna 1,Coluna 2,Coluna do meio,Coluna 1,Coluna 2
116,07/06/2004,Coluna 1,Coluna 2,Coluna 1,Coluna 1,Coluna 1,Coluna 1,Coluna 2,Coluna 1,Coluna do meio,Coluna 1,Coluna 2,Coluna 1,Coluna 1,Coluna 2
115,31/05/2004,Coluna do meio,Coluna 1,Coluna do meio,Coluna 1,Coluna do meio,Coluna 1,Coluna 2,Coluna do meio,Coluna 2,Coluna 1,Coluna do meio,Coluna do meio,Coluna 1,Coluna 2
114,24/05/2004,Coluna 2,Coluna 2,Coluna 1,Coluna 2,Coluna 1,Coluna do meio,Coluna 1,Coluna do meio,Coluna 2,Coluna 2,Coluna 1,Coluna 2,Coluna 2,Coluna 1
113,17/05/2004,Coluna 2,Coluna 1,Coluna 1,Coluna do meio,Coluna 2,Coluna do meio,Coluna 1,Coluna 1,Coluna 1,Coluna 1,Coluna do meio,Coluna do meio,Coluna 1,Coluna 1
112,10/05/2004,Coluna do meio,Coluna do meio,Coluna do meio,Coluna 2,Coluna 1,Coluna 1,Coluna do meio,Coluna 1,Coluna do meio,Coluna 1,Coluna 1,Coluna 1,Coluna do meio,Coluna 1
111,03/05/2004,Coluna do meio,Coluna 2,Coluna 1,Coluna 2,Coluna do meio,Coluna 1,Coluna 2,Coluna 1,Coluna do meio,Coluna 1,Coluna 1,Coluna 2,Coluna 1,Coluna 1
110,26/04/2004,Coluna 1,Coluna do meio,Coluna do meio,Coluna 1,Coluna do meio,Coluna do meio,Coluna do meio,Coluna do meio,Coluna do meio,Coluna 1,Coluna 2,Coluna do meio,Coluna do meio,Coluna 1
109,19/04/2004,Coluna 2,Coluna 1,Coluna 1,Coluna 1,Coluna do meio,Coluna 1,Coluna do meio,Coluna do meio,Coluna 1,Coluna 1,Coluna do meio,Coluna do meio,Coluna 1,Coluna 1
108,12/04/2004,Coluna 1,Coluna 1,Coluna 1,Coluna do meio,Coluna 1,Coluna 1,Coluna 1,Coluna 1,Coluna 2,Coluna 1,Coluna 2,Coluna 1,Coluna 1,Coluna 1
107,05/04/2004,Coluna 1,Coluna 2,Coluna 2,Coluna do meio,Coluna 1,Coluna 2,Coluna 1,Coluna 2,Coluna 2,Coluna 2,Coluna 1,Coluna 1,Coluna do meio,Coluna 1
106,29/03/2004,Coluna 2,Coluna 1,Coluna 2,Coluna 2,Coluna 1,Coluna 2,Coluna 1,Coluna do meio,Coluna 1,Coluna 2,Coluna 1,Coluna 1,Coluna 1,Coluna 1
105,22/03/2004,Coluna 1,Coluna 2,Coluna do meio,Coluna do meio,Coluna 1,Coluna 1,Coluna 1,Coluna 2,Coluna 1,Coluna 1,Coluna do meio,Coluna do meio,Coluna 1,Coluna 2
104,15/03/2004,Coluna 2,Coluna do meio,Coluna do meio,Coluna do meio,Coluna do meio,Coluna 2,Coluna 1,Coluna 2,Coluna 1,Coluna 2,Coluna 2,Coluna 1,Coluna 2,Coluna 2
103,08/03/2004,Coluna 2,Coluna 2,Coluna 1,Coluna 1,Coluna 1,Coluna 1,Coluna 1,Coluna 1,Coluna 1,Coluna do meio,Coluna 2,Coluna 1,Coluna 1,Coluna 2
102,01/03/2004,Coluna do meio,Coluna 1,Coluna 1,Coluna do meio,Coluna 2,Coluna 1,Coluna 2,Coluna 2,Coluna 2,Coluna 1,Coluna do meio,Coluna 2,Coluna 2,Coluna 1
101,25/02/2004,Coluna 1,Coluna 1,Coluna 2,Coluna 1,Coluna 1,Coluna 1,Coluna 2,Coluna do meio,Coluna 1,Coluna 1,Coluna 2,Coluna 1,Coluna 1,Coluna 1
100,16/02/2004,Coluna 1,Coluna 1,Coluna 1,Coluna 1,Coluna do meio,Coluna 1,Coluna 2,Coluna 1,Coluna 1,Coluna 2,Coluna 1,Coluna 1,Coluna do meio,Coluna do meio
99,09/02/2004,Coluna do meio,Coluna 2,Coluna do meio,Coluna 1,Coluna 1,Coluna 2,Coluna 1,Coluna do meio,Coluna 2,Coluna 2,Coluna 1,Coluna 1,Coluna 2,Coluna 2
98,02/02/2004,Coluna 1,Coluna do meio,Coluna 2,Coluna 2,Coluna 1,Coluna 1,Coluna 2,Coluna 2,Coluna do meio,Coluna 2,Coluna 2,Coluna 2,Coluna do meio,Coluna do meio
97,26/01/2004,Coluna do meio,Coluna 2,Coluna 1,Coluna 2,Coluna 2,Coluna 1,Coluna 1,Coluna 1,Coluna 2,Coluna do meio,Coluna 1,Coluna do meio,Coluna do meio,Coluna 1
96,12/01/2004,Coluna 1,Coluna 2,Coluna 2,Coluna 2,Coluna 2,Coluna 2,Coluna do meio,Coluna 2,Coluna do meio,Coluna 1,Coluna 1,Coluna do meio,Coluna 2,Coluna 2
95,05/01/2004,Coluna do meio,Coluna 1,Coluna 1,Coluna do meio,Coluna 1,Coluna 1,Coluna do meio,Coluna do meio,Coluna do meio,Coluna 2,Coluna do meio,Coluna 2,Coluna 1,Coluna 1
94,15/12/2003,Coluna 2,Coluna 1,Coluna 1,Coluna do meio,Coluna 1,Coluna 1,Coluna 1,Coluna 1,Coluna 2,Coluna 1,Coluna 1,Coluna do meio,Coluna 1,Coluna 2
93,08/12/2003,Coluna 1,Coluna do meio,Coluna do meio,Coluna do meio,Coluna do meio,Coluna do meio,Coluna 1,Coluna do meio,Coluna 2,Coluna 1,Coluna 1,Coluna do meio,Coluna 2,Coluna 2
92,01/12/2003,Coluna 1,Coluna 1,Coluna 1,Coluna 1,Coluna 2,Coluna 2,Coluna 1,Coluna do meio,Coluna 1,Coluna 1,Coluna 1,Coluna 1,Coluna 1,Coluna 2
91,24/11/2003,Coluna 1,Coluna 1,Coluna 2,Coluna 1,Coluna 2,Coluna 1,Coluna 2,Coluna 2,Coluna 1,Coluna do meio,Coluna 1,Coluna 1,Coluna 1,Coluna 1
90,10/11/2003,Coluna 2,Coluna 2,Coluna 1,Coluna 1,Coluna 1,Coluna do meio,Coluna 2,Coluna 1,Coluna 2,Coluna 1,Coluna 1,Coluna 1,Coluna 1,Coluna 2
89,03/11/2003,Coluna 1,Coluna 2,Coluna 1,Coluna do meio,Coluna 2,Coluna 2,Coluna 1,Coluna do meio,Coluna do meio,Coluna 1,Coluna 1,Coluna do meio,Coluna 2,Coluna do meio
88,27/10/2003,Coluna 1,Coluna 2,Coluna 2,Coluna do meio,Coluna 1,Coluna 2,Coluna do meio,Coluna 1,Coluna 2,Coluna do meio,Coluna 1,Coluna do meio,Coluna 1,Coluna do meio
87,20/10/2003,Coluna do meio,Coluna 1,Coluna 1,Coluna 1,Coluna 1,Coluna 1,Coluna 1,Coluna 1,Coluna 2,Coluna 1,Coluna do meio,Coluna do meio,Coluna 1,Coluna 2
86,13/10/2003,Coluna 1,Coluna 1,Coluna 2,Coluna 2,Coluna 1,Coluna 1,Coluna 1,Coluna 2,Coluna 1,Coluna 2,Coluna do meio,Coluna 2,Coluna 1,Coluna do meio
85,06/10/2003,Coluna 2,Coluna 1,Coluna 2,Coluna do meio,Coluna 2,Coluna 1,Coluna do meio,Coluna 2,Coluna do meio,Coluna 1,Coluna do meio,Coluna 1,Coluna 1,Coluna 2
84,29/09/2003,Coluna 1,Coluna 2,Coluna 1,Coluna 1,Coluna 1,Coluna 1,Coluna 1,Coluna 2,Coluna 1,Coluna 1,Coluna do meio,Coluna 1,Coluna do meio,Coluna 1
83,22/09/2003,Coluna 1,Coluna do meio,Coluna 1,Coluna 1,Coluna 1,Coluna do meio,Coluna 1,Coluna 2,Coluna do meio,Coluna 1,Coluna 1,Coluna 2,Coluna 1,Coluna do meio
82,15/09/2003,Coluna 1,Coluna 1,Coluna 2,Coluna 1,Coluna do meio,Coluna 1,Coluna 2,Coluna do meio,Coluna 1,Coluna 1,Coluna 1,Coluna 1,Coluna do meio,Coluna 1
81,08/09/2003,Coluna 2,Coluna do meio,Coluna do meio,Coluna do meio,Coluna 2,Coluna 1,Coluna do meio,Coluna 1,Coluna 1,Coluna do meio,Coluna 2,Coluna do meio,Coluna 1,Coluna 1
80,01/09/2003,Coluna 1,Coluna 1,Coluna do meio,Coluna do meio,Coluna 1,Coluna 1,Coluna 2,Coluna do meio,Coluna do meio,Coluna do meio,Coluna 1,Coluna 1,Coluna 1,Coluna 2
79,25/08/2003,Coluna 1,Coluna 1,Coluna 1,Coluna 1,Coluna 1,Coluna 1,Coluna 1,Coluna 2,Coluna 1,Coluna 1,Coluna 2,Coluna 1,Coluna 1,Coluna do meio
78,18/08/2003,Coluna 2,Coluna 2,Coluna do meio,Coluna 1,Coluna 2,Coluna do meio,Coluna 1,Coluna do meio,Coluna 1,Coluna do meio,Coluna 1,Coluna 1,Coluna 2,Coluna 2
77,11/08/2003,Coluna 2,Coluna do meio,Coluna 1,Coluna 2,Coluna 1,Coluna do meio,Coluna 2,Coluna do meio,Coluna 1,Coluna do meio,Coluna 1,Coluna do meio,Coluna 2,Coluna 1
76,04/08/2003,Coluna 2,Coluna do meio,Coluna 1,Coluna 1,Coluna do meio,Coluna do meio,Coluna 2,Coluna 1,Coluna 1,Coluna 1,Coluna do meio,Coluna do meio,Coluna 1,Coluna do meio
75,28/07/2003,Coluna do meio,Coluna 1,Coluna 1,Coluna do meio,Coluna do meio,Coluna 1,Coluna 2,Coluna do meio,Coluna 1,Coluna 2,Coluna 2,Coluna 1,Coluna do meio,Coluna 1
74,21/07/2003,Coluna 1,Coluna 1,Coluna 2,Coluna 1,Coluna 2,Coluna 1,Coluna do meio,Coluna 1,Coluna 1,Coluna 1,Coluna 1,Coluna 1,Coluna 1,Coluna 1
73,14/07/2003,Coluna 2,Coluna 2,Coluna 1,Coluna 1,Coluna 2,Coluna do meio,Coluna 2,Coluna 2,Coluna 2,Coluna 1,Coluna 1,Coluna 1,Coluna 1,Coluna 2
72,07/07/2003,Coluna 1,Coluna 1,Coluna do meio,Coluna 1,Coluna do meio,Coluna 1,Coluna 1,Coluna 1,Coluna 1,Coluna 2,Coluna 2,Coluna 1,Coluna 2,Coluna 1
71,30/06/2003,Coluna 1,Coluna 1,Coluna 2,Coluna 2,Coluna 2,Coluna do meio,Coluna 1,Coluna 1,Coluna 2,Coluna do meio,Coluna do meio,Coluna 1,Coluna 1,Coluna 2
70,23/06/2003,Coluna 1,Coluna 1,Coluna do meio,Coluna do meio,Coluna do meio,Coluna 1,Coluna 1,Coluna 1,Coluna 1,Coluna do meio,Coluna 1,Coluna 2,Coluna 1,Coluna 2
69,16/06/2003,Coluna 2,Coluna 2,Coluna do meio,Coluna do meio,Coluna 1,Coluna 1,Coluna 1,Coluna 1,Coluna do meio,Coluna 2,Coluna 2,Coluna 2,Coluna 2,Coluna 2
68,09/06/2003,Coluna do meio,Coluna 1,Coluna do meio,Coluna 1,Coluna 2,Coluna do meio,Coluna 1,Coluna do meio,Coluna 2,Coluna 2,Coluna 1,Coluna 1,Coluna do meio,Coluna 1
67,02/06/2003,Coluna do meio,Coluna 1,Coluna 1,Coluna 1,Coluna 1,Coluna 1,Coluna do meio,Coluna 1,Coluna do meio,Coluna 1,Coluna 1,Coluna 1,Coluna 1,Coluna 1
66,26/05/2003,Coluna 1,Coluna 1,Coluna 2,Coluna 1,Coluna 1,Coluna 2,Coluna 1,Coluna 2,Coluna 2,Coluna 1,Coluna do meio,Coluna 2,Coluna 1,Coluna 1
65,19/05/2003,Coluna do meio,Coluna do meio,Coluna do meio,Coluna do meio,Coluna do meio,Coluna 1,Coluna 1,Coluna do meio,Coluna 1,Coluna 1,Coluna do meio,Coluna 1,Coluna 1,Coluna 1
64,12/05/2003,Coluna 1,Coluna do meio,Coluna do meio,Coluna do meio,Coluna 2,Coluna 1,Coluna 1,Coluna 1,Coluna 2,Coluna do meio,Coluna 1,Coluna 1,Coluna 1,Coluna 1
63,05/05/2003,Coluna do meio,Coluna 1,Coluna 2,Coluna 1,Coluna 1,Coluna 2,Coluna 1,Coluna 1,Coluna do meio,Coluna do meio,Coluna do meio,Coluna 1,Coluna 1,Coluna 1
62,28/04/2003,Coluna do meio,Coluna 2,Coluna do meio,Coluna 2,Coluna 1,Coluna 1,Coluna 1,Coluna 1,Coluna 1,Coluna do meio,Coluna 1,Coluna 1,Coluna 2,Coluna 1
61,22/04/2003,Coluna 1,Coluna 1,Coluna 2,Coluna 2,Coluna 1,Coluna do meio,Coluna do meio,Coluna 1,Coluna 1,Coluna do meio,Coluna 1,Coluna 1,Coluna do meio,Coluna do meio
60,14/04/2003,Coluna 1,Coluna 2,Coluna do meio,Coluna 1,Coluna 1,Coluna 1,Coluna 1,Coluna 1,Coluna do meio,Coluna 1,Coluna do meio,Coluna do meio,Coluna 1,Coluna 1
59,07/04/2003,Coluna 2,Coluna 2,Coluna do meio,Coluna 1,Coluna 1,Coluna 2,Coluna 2,Coluna do meio,Coluna 1,Coluna 1,Coluna 1,Coluna do meio,Coluna 1,Coluna do meio
58,31/03/2003,Coluna 1,Coluna 2,Coluna 1,Coluna 1,Coluna do meio,Coluna do meio,Coluna do meio,Coluna do meio,Coluna 2,Coluna 1,Coluna do meio,Coluna do meio,Coluna do meio,Coluna do meio
57,24/03/2003,Coluna 2,Coluna 1,Coluna 1,Coluna 1,Coluna 1,Coluna do meio,Coluna 1,Coluna do meio,Coluna 1,Coluna 1,Coluna 1,Coluna 1,Coluna 1,Coluna 1
56,17/03/2003,Coluna 2,Coluna 1,Coluna do meio,Coluna do meio,Coluna 2,Coluna do meio,Coluna 1,Coluna do meio,Coluna 1,Coluna 2,Coluna 1,Coluna 1,Coluna 1,Coluna do meio
55,10/03/2003,Coluna 1,Coluna 1,Coluna 2,Coluna 1,Coluna 1,Coluna 2,Coluna 1,Coluna 2,Coluna 2,Coluna 1,Coluna 1,Coluna do meio,Coluna 1,Coluna 2
54,06/03/2003,Coluna do meio,Coluna 1,Coluna 1,Coluna 1,Coluna do meio,Coluna do meio,Coluna 1,Coluna 1,Coluna 1,Coluna 1,Coluna 1,Coluna do meio,Coluna do meio,Coluna 2
53,24/02/2003,Coluna 1,Coluna 1,Coluna 1,Coluna 2,Coluna do meio,Coluna 2,Coluna do meio,Coluna do meio,Coluna 1,Coluna 1,Coluna 1,Coluna do meio,Coluna do meio,Coluna 2
52,17/02/2003,Coluna 1,Coluna 1,Coluna 1,Coluna 2,Coluna do meio,Coluna 1,Coluna 1,Coluna 2,Coluna 1,Coluna 1,Coluna 1,Coluna 1,Coluna do meio,Coluna 2
51,10/02/2003,Coluna 2,Coluna 2,Coluna 2,Coluna 2,Coluna 2,Coluna 1,Coluna 2,Coluna 1,Coluna do meio,Coluna 1,Coluna 1,Coluna 1,Coluna do meio,Coluna 2
50,03/02/2003,Coluna do meio,Coluna 1,Coluna 2,Coluna 2,Coluna 1,Coluna 2,Coluna 2,Coluna 2,Coluna 2,Coluna 1,Coluna 2,Coluna 1,Coluna 2,Coluna 1
49,27/01/2003,Coluna do meio,Coluna 1,Coluna 2,Coluna do meio,Coluna 2,Coluna 1,Coluna 1,Coluna 1,Coluna 1,Coluna 2,Coluna 1,Coluna 1,Coluna do meio,Coluna 2
48,20/01/2003,Coluna 1,Coluna do meio,Coluna 1,Coluna 1,Coluna 1,Coluna 1,Coluna 2,Coluna 1,Coluna 2,Coluna do meio,Coluna 1,Coluna 2,Coluna 1,Coluna 1
47,13/01/2003,Coluna 2,Coluna 1,Coluna 2,Coluna 2,Coluna 2,Coluna 1,Coluna do meio,Coluna 1,Coluna do meio,Coluna do meio,Coluna 2,Coluna do meio,Coluna do meio,Coluna 1
46,23/12/2002,Coluna 2,Coluna 2,Coluna 2,Coluna 2,Coluna 2,Coluna do meio,Coluna 2,Coluna do meio,Coluna 2,Coluna 2,Coluna 1,Coluna 2,Coluna 1,Coluna do meio
45,16/12/2002,Coluna 2,Coluna 1,Coluna 2,Coluna 1,Coluna 2,Coluna 2,Coluna 1,Coluna 1,Coluna 1,Coluna 1,Coluna 2,Coluna 1,Coluna 2,Coluna do meio
44,09/12/2002,Coluna 1,Coluna 1,Coluna 1,Coluna 1,Coluna 1,Coluna 1,Coluna 2,Coluna 2,Coluna do meio,Coluna 2,Coluna 1,Coluna 1,Coluna 1,Coluna do meio
43,02/12/2002,Coluna do meio,Coluna 1,Coluna do meio,Coluna do meio,Coluna 1,Coluna 2,Coluna do meio,Coluna 2,Coluna 2,Coluna do meio,Coluna 1,Coluna do meio,Coluna 1,Coluna 2
42,25/11/2002,Coluna 1,Coluna 2,Coluna do meio,Coluna 1,Coluna 1,Coluna 1,Coluna do meio,Coluna 1,Coluna 1,Coluna 1,Coluna 1,Coluna 1,Coluna do meio,Coluna 1
41,18/11/2002,Coluna do meio,Coluna 1,Coluna 2,Coluna 1,Coluna do meio,Coluna 1,Coluna 2,Coluna 2,Coluna 1,Coluna 1,Coluna do meio,Coluna 2,Coluna 1,Coluna 2
40,11/11/2002,Coluna 1,Coluna 1,Coluna 2,Coluna do meio,Coluna 1,Coluna 1,Coluna do meio,Coluna 1,Coluna do meio,Coluna 1,Coluna do meio,Coluna 1,Coluna 1,Coluna 2
39,04/11/2002,Coluna 1,Coluna 1,Coluna 2,Coluna 1,Coluna 1,Coluna 2,Coluna 2,Coluna 1,Coluna do meio,Coluna 1,Coluna 1,Coluna 1,Coluna do meio,Coluna 2
38,28/10/2002,Coluna 2,Coluna 1,Coluna 1,Coluna 2,Coluna 2,Coluna 1,Coluna do meio,Coluna 1,Coluna 1,Coluna 1,Coluna do meio,Coluna do meio,Coluna 2,Coluna 2
37,21/10/2002,Coluna 2,Coluna 2,Coluna 1,Coluna 2,Coluna 2,Coluna 1,Coluna 1,Coluna 1,Coluna 1,Coluna 1,Coluna 1,Coluna 1,Coluna 2,Coluna 1
36,14/10/2002,Coluna 2,Coluna 1,Coluna 1,Coluna do meio,Coluna 2,Coluna 2,Coluna 2,Coluna 2,Coluna 1,Coluna do meio,Coluna 2,Coluna 1,Coluna 1,Coluna do meio
35,07/10/2002,Coluna 2,Coluna do meio,Coluna 1,Coluna do meio,Coluna 1,Coluna 1,Coluna 1,Coluna 1,Coluna 2,Coluna 1,Coluna 1,Coluna 1,Coluna 1,Coluna 2
34,30/09/2002,Coluna do meio,Coluna 2,Coluna 1,Coluna 1,Coluna 1,Coluna 2,Coluna 1,Coluna 1,Coluna 2,Coluna 1,Coluna 1,Coluna 1,Coluna 1,Coluna do meio
33,23/09/2002,Coluna 2,Coluna do meio,Coluna do meio,Coluna 1,Coluna 2,Coluna 2,Coluna do meio,Coluna 1,Coluna do meio,Coluna 1,Coluna 1,Coluna do meio,Coluna 1,Coluna 1
32,16/09/2002,Coluna 1,Coluna do meio,Coluna do meio,Coluna 1,Coluna 2,Coluna 2,Coluna 1,Coluna 1,Coluna 1,Coluna 1,Coluna 1,Coluna 1,Coluna 1,Coluna do meio
31,09/09/2002,Coluna 1,Coluna 1,Coluna 1,Coluna 1,Coluna do meio,Coluna 1,Coluna 1,Coluna 1,Coluna do meio,Coluna do meio,Coluna 1,Coluna do meio,Coluna 1,Coluna 1
30,02/09/2002,Coluna do meio,Coluna 2,Coluna 1,Coluna 1,Coluna 1,Coluna 1,Coluna 1,Coluna 1,Coluna 1,Coluna 2,Coluna 1,Coluna 2,Coluna do meio,Coluna 1
29,26/08/2002,Coluna 2,Coluna do meio,Coluna do meio,Coluna do meio,Coluna 2,Coluna 1,Coluna do meio,Coluna 2,Coluna 2,Coluna 1,Coluna 2,Coluna 1,Coluna 1,Coluna 2
28,19/08/2002,Coluna 1,Coluna do meio,Coluna 1,Coluna do meio,Coluna 1,Coluna 1,Coluna 2,Coluna 2,Coluna 2,Coluna 1,Coluna do meio,Coluna 1,Coluna 2,Coluna 1
27,12/08/2002,Coluna 2,Coluna 2,Coluna do meio,Coluna 1,Coluna 1,Coluna 1,Coluna 1,Coluna 2,Coluna 1,Coluna 1,Coluna 1,Coluna 1,Coluna 1,Coluna 1
26,05/08/2002,Coluna 2,Coluna 1,Coluna 1,Coluna 1,Coluna do meio,Coluna 2,Coluna 1,Coluna 2,Coluna 1,Coluna do meio,Coluna 2,Coluna 1,Coluna do meio,Coluna 1
25,30/07/2002,Coluna 1,Coluna 1,Coluna do meio,Coluna 1,Coluna do meio,Coluna do meio,Coluna 1,Coluna 2,Coluna 2,Coluna 1,Coluna 1,Coluna 2,Coluna 1,Coluna 2
24,22/07/2002,Coluna do meio,Coluna 2,Coluna 2,Coluna 1,Coluna 1,Coluna 2,Coluna do meio,Coluna 1,Coluna 1,Coluna 1,Coluna 1,Coluna 1,Coluna 1,Coluna 1
23,15/07/2002,Coluna 2,Coluna 2,Coluna 1,Coluna 2,Coluna 1,Coluna 1,Coluna 2,Coluna 2,Coluna do meio,Coluna 1,Coluna 2,Coluna do meio,Coluna 1,Coluna do meio
22,11/07/2002,Coluna do meio,Coluna do meio,Coluna 2,Coluna 2,Coluna 1,Coluna do meio,Coluna do meio,Coluna do meio,Coluna do meio,Coluna 1,Coluna do meio,Coluna 1,Coluna 1,Coluna 1
21,01/07/2002,Coluna 1,Coluna 1,Coluna 1,Coluna do meio,Coluna do meio,Coluna 1,Coluna 1,Coluna 2,Coluna 2,Coluna 1,Coluna 2,Coluna do meio,Coluna 1,Coluna do meio
20,24/06/2002,Coluna 1,Coluna 1,Coluna 1,Coluna 1,Coluna do meio,Coluna 1,Coluna 1,Coluna 1,Coluna 2,Coluna 1,Coluna do meio,Coluna 2,Coluna 2,Coluna do meio
19,18/06/2002,Coluna 1,Coluna do meio,Coluna 2,Coluna 2,Coluna do meio,Coluna do meio,Coluna 1,Coluna 2,Coluna 1,Coluna 2,Coluna 1,Coluna 1,Coluna 1,Coluna 1
18,14/06/2002,Coluna 2,Coluna do meio,Coluna 2,Coluna 1,Coluna 1,Coluna 2,Coluna 2,Coluna do meio,Coluna do meio,Coluna 2,Coluna do meio,Coluna 2,Coluna 1,Coluna 1
17,11/06/2002,Coluna 1,Coluna do meio,Coluna 2,Coluna 1,Coluna 1,Coluna 1,Coluna 1,Coluna 1,Coluna 2,Coluna 1,Coluna do meio,Coluna do meio,Coluna 1,Coluna do meio
16,06/06/2002,Coluna 1,Coluna 1,Coluna do meio,Coluna 2,Coluna do meio,Coluna 1,Coluna do meio,Coluna 1,Coluna do meio,Coluna 1,Coluna 1,Coluna 2,Coluna 1,Coluna 2
15,27/05/2002,Coluna 2,Coluna do meio,Coluna 2,Coluna 1,Coluna 2,Coluna 1,Coluna 1,Coluna 2,Coluna 1,Coluna 2,Coluna 2,Coluna 2,Coluna do meio,Coluna 2
14,20/05/2002,Coluna 2,Coluna 1,Coluna 1,Coluna 1,Coluna 2,Coluna 1,Coluna do meio,Coluna 2,Coluna 2,Coluna do meio,Coluna 2,Coluna 2,Coluna 1,Coluna do meio
13,13/05/2002,Coluna do meio,Coluna do meio,Coluna 1,Coluna 1,Coluna 1,Coluna 1,Coluna do meio,Coluna 2,Coluna 1,Coluna 2,Coluna 1,Coluna 2,Coluna 1,Coluna 1
12,06/05/2002,Coluna 1,Coluna 2,Coluna 2,Coluna 2,Coluna 1,Coluna 2,Coluna 1,Coluna 2,Coluna 2,Coluna 2,Coluna 1,Coluna 1,Coluna 2,Coluna do meio
11,29/04/2002,Coluna do meio,Coluna 1,Coluna 1,Coluna 1,Coluna do meio,Coluna do meio,Coluna 1,Coluna do meio,Coluna 1,Coluna 1,Coluna do meio,Coluna 2,Coluna 1,Coluna 1
10,22/04/2002,Coluna do meio,Coluna do meio,Coluna 2,Coluna 1,Coluna 1,Coluna 1,Coluna do meio,Coluna 2,Coluna do meio,Coluna 1,Coluna 2,Coluna 1,Coluna 2,Coluna 2
9,18/04/2002,Coluna do meio,Coluna 2,Coluna do meio,Coluna 2,Coluna 1,Coluna 1,Coluna 1,Coluna 1,Coluna 2,Coluna 1,Coluna 2,Coluna 2,Coluna 1,Coluna 2
8,08/04/2002,Coluna 1,Coluna do meio,Coluna 1,Coluna 2,Coluna 1,Coluna do meio,Coluna 1,Coluna 1,Coluna 1,Coluna 1,Coluna do meio,Coluna 1,Coluna do meio,Coluna 1
7,01/04/2002,Coluna 1,Coluna 1,Coluna do meio,Coluna 2,Coluna do meio,Coluna 2,Coluna 1,Coluna do meio,Coluna 1,Coluna 2,Coluna 1,Coluna 2,Coluna 1,Coluna 1
6,25/03/2002,Coluna 2,Coluna 1,Coluna do meio,Coluna do meio,Coluna 1,Coluna 2,Coluna 2,Coluna 2,Coluna 1,Coluna do meio,Coluna do meio,Coluna 2,Coluna 1,Coluna 1
5,18/03/2002,Coluna do meio,Coluna 1,Coluna do meio,Coluna 2,Coluna 1,Coluna 1,Coluna do meio,Coluna 1,Coluna do meio,Coluna do meio,Coluna 2,Coluna 1,Coluna 2,Coluna 2
4,11/03/2002,Coluna 1,Coluna 1,Coluna 1,Coluna do meio,Coluna do meio,Coluna 2,Coluna 2,Coluna 2,Coluna 1,Coluna 1,Coluna 1,Coluna 2,Coluna 2,Coluna 1
3,04/03/2002,Coluna 1,Coluna 2,Coluna do meio,Coluna 1,Coluna 1,Coluna 1,Coluna 1,Coluna 2,Coluna do meio,Coluna 1,Coluna 1,Coluna do meio,Coluna 1,Coluna 1
2,25/02/2002,Coluna do meio,Coluna 1,Coluna 1,Coluna 1,Coluna 1,Coluna do meio,Coluna 1,Coluna 2,Coluna 1,Coluna 1,Coluna 1,Coluna 1,Coluna 2,Coluna 1
1,18/02/2002,Coluna 2,Coluna 1,Coluna 1,Coluna 2,Coluna 1,Coluna 2,Coluna do meio,Coluna 1,Coluna do meio,Coluna 1,Coluna 1,Coluna 2,Coluna 1,Coluna 1
