Concurso,Data,bola 1,bola 2,bola 3,bola 4,bola 5,bola 6,bola 7,Time Coracao
2450,03/10/2026,76,13,42,5,1,30,16,ANAPOLIS /GO
2449,01/10/2026,20,15,31,57,2,56,24,PORTO VELHO /RO
2448,29/09/2026,45,60,73,62,51,32,75,INTERNACIONAL /RS
2447,27/09/2026,10,25,20,30,34,1,33,SAO PAULO /SP
2446,24/09/2026,44,14,39,30,76,52,18,CRB /AL
2445,22/09/2026,57,76,40,62,18,46,7,VOLTA REDONDA /RJ
2444,20/09/2026,21,62,44,74,11,69,64,SAO BERNARDO /SP
2443,17/09/2026,54,10,49,5,23,40,17,CORINTHIANS /SP
2442,15/09/2026,58,80,42,75,47,40,26,BRASILIENSE /DF
2441,13/09/2026,8,10,56,2,1,70,80,CSA /AL
2440,10/09/2026,51,68,45,20,77,65,80,VOLTA REDONDA /RJ
2439,08/09/2026,54,53,1,18,57,50,38,ALTOS /PI
2438,06/09/2026,27,66,7,80,36,31,73,VASCO DA GAMA /RJ
2437,03/09/2026,10,33,30,26,51,21,66,ABC /RN
2436,01/09/2026,73,19,67,27,49,22,28,JUVENTUDE /RS
2435,30/08/2026,80,7,53,42,15,26,78,CRUZEIRO /MG
2434,27/08/2026,79,7,50,42,38,52,9,ATHLETICO /PR
2433,25/08/2026,29,80,28,49,12,25,6,BAHIA /BA
2432,23/08/2026,43,64,60,45,72,78,13,VITORIA /BA
2431,20/08/2026,55,65,18,63,22,72,58,CONFIANCA /SE
2430,18/08/2026,35,64,50,48,34,38,21,BARRA FC /SC
2429,16/08/2026,42,9,47,64,75,18,23,ATLETICO /MG
2428,13/08/2026,27,15,76,49,80,51,70,BOTAFOGO /SP
2427,11/08/2026,37,71,9,31,24,6,3,VILA NOVA /GO
2426,09/08/2026,73,59,9,44,16,25,24,JUVENTUDE /RS
2425,06/08/2026,67,41,52,62,8,22,60,TOCANTINOPOLIS /TO
2424,04/08/2026,11,30,60,32,41,18,36,TOMBENSE /MG
2423,02/08/2026,80,26,77,25,50,8,28,TOMBENSE /MG
2422,30/07/2026,11,34,68,21,19,24,78,TOMBENSE /MG
2421,28/07/2026,52,56,7,34,65,37,23,CAXIAS /RS
2420,26/07/2026,78,72,77,2,76,14,21,CAXIAS /RS
2419,23/07/2026,26,52,9,5,12,59,48,CHAPECOENSE /SC
2418,21/07/2026,74,19,67,76,12,71,45,ATLETICO /MG
2417,19/07/2026,56,72,51,80,12,8,75,APARECIDENSE /GO
2416,16/07/2026,70,74,17,50,30,77,36,CORITIBA /PR
2415,14/07/2026,10,4,44,69,42,11,21,VOLTA REDONDA /RJ
2414,11/07/2026,71,19,36,18,67,63,64,BRUSQUE /SC
2413,09/07/2026,56,76,26,60,35,49,23,BRASILIENSE /DF
2412,07/07/2026,49,25,66,9,73,16,47,FLAMENGO /RJ
2411,04/07/2026,59,56,20,51,35,79,31,FLORESTA /CE
2410,02/07/2026,56,25,53,80,46,12,22,GOIAS /GO
2409,27/06/2026,6,5,20,71,29,10,67,CUIABA /MT
2408,25/06/2026,73,32,36,8,79,43,16,ATLETICO /MG
2407,23/06/2026,4,57,79,31,14,7,52,SAORAIMUNDO /RR
2406,20/06/2026,59,75,80,7,20,53,1,NOVA IGUACU /RJ
2405,18/06/2026,15,80,26,58,52,56,9,FLORESTA /CE
2404,16/06/2026,42,17,23,4,63,15,11,BOTAFOGO /PB
2403,14/06/2026,36,51,43,65,13,16,66,AMERICA /RN
2402,11/06/2026,78,72,42,63,43,77,38,CAMPINENSE /PB
2401,09/06/2026,1,40,8,10,50,63,38,SAMP CORREA /MA
2400,06/06/2026,51,58,22,73,64,57,47,YPIRANGA /RS
2399,02/06/2026,37,62,33,2,10,57,14,YPIRANGA /RS
2398,30/05/2026,40,29,53,70,48,47,11,GREMIO /RS
2397,28/05/2026,53,12,26,70,1,15,64,AMAZONAS /AM
2396,26/05/2026,62,27,68,37,1,52,30,BOTAFOGO /SP
2395,23/05/2026,26,52,22,32,35,10,4,FLORESTA /CE
2394,21/05/2026,73,52,26,8,3,47,15,ATLETICO /MG
2393,19/05/2026,34,50,73,60,14,46,27,CRB /AL
2392,16/05/2026,17,59,12,78,23,4,75,TOMBENSE /MG
2391,14/05/2026,21,71,17,8,79,9,16,POUSO ALEGRE /MG
2390,12/05/2026,21,36,78,46,58,4,22,SAO PAULO /SP
2389,09/05/2026,6,47,36,56,4,63,13,ATHLETIC CLUB /MG
2388,07/05/2026,46,39,36,27,23,5,71,JUAZEIRENSE /BA
2387,05/05/2026,5,52,42,3,27,10,44,POUSO ALEGRE /MG
2386,30/04/2026,31,59,20,64,2,54,65,VASCO DA GAMA /RJ
2385,28/04/2026,14,76,17,16,20,5,70,CRB /AL
2384,25/04/2026,29,79,66,26,14,74,47,SPORT /PE
2383,23/04/2026,70,43,79,54,15,36,47,APARECIDENSE /GO
2382,18/04/2026,64,23,30,22,80,68,37,MANAUS /AM
2381,16/04/2026,4,67,65,68,32,26,14,CAXIAS /RS
2380,14/04/2026,64,56,79,60,54,65,47,JACUIPENSE /BA
2379,11/04/2026,25,56,58,78,48,35,75,CUIABA /MT
2378,09/04/2026,28,21,10,17,14,36,29,AMERICA /MG
2377,07/04/2026,61,67,21,35,58,40,54,BAHIA /BA
2376,04/04/2026,63,34,51,38,76,43,9,TOCANTINOPOLIS /TO
2375,02/04/2026,72,1,5,61,6,74,9,OESTE /SP
2374,31/03/2026,7,63,74,57,28,52,35,FLORESTA /CE
2373,28/03/2026,62,42,65,13,31,33,76,NOVORIZONTINO /SP
2372,26/03/2026,12,23,38,54,18,13,55,ATHLETICO /PR
2371,24/03/2026,32,2,29,16,77,61,22,BAHIA /BA
2370,21/03/2026,79,76,63,40,10,22,74,GOIAS /GO
2369,19/03/2026,43,59,73,60,65,22,21,JACUIPENSE /BA
2368,17/03/2026,77,75,26,24,19,66,45,SPORT /PE
2367,14/03/2026,36,52,71,6,46,28,22,INTERNACIONAL /RS
2366,12/03/2026,18,40,76,74,13,8,22,VILA NOVA /GO
2365,10/03/2026,17,29,3,7,38,50,8,ATLETICO /MG
2364,07/03/2026,24,31,52,54,41,55,26,VILA NOVA /GO
2363,05/03/2026,14,37,17,5,4,67,10,PAYSANDU /PA
2362,03/03/2026,26,30,47,79,52,21,51,ALTOS /PI
2361,28/02/2026,19,51,38,76,44,35,63,TOCANTINOPOLIS /TO
2360,26/02/2026,7,76,53,28,26,10,19,CHAPECOENSE /SC
2359,24/02/2026,71,12,66,74,13,72,60,FIGUEIRENSE /SC
2358,21/02/2026,15,35,70,57,74,53,71,BOTAFOGO /SP
2357,19/02/2026,56,33,1,12,19,34,52,FERROVIARIO /CE
2356,14/02/2026,40,67,58,35,36,45,21,GREMIO /RS
2355,12/02/2026,12,24,33,64,73,38,63,MANAUS /AM
2354,10/02/2026,7,36,16,73,6,29,51,SAO JOSE /RS
2353,07/02/2026,5,77,71,67,72,40,36,ABC /RN
2352,05/02/2026,44,8,65,54,13,15,34,CRUZEIRO /MG
2351,03/02/2026,16,10,49,50,9,7,45,OPERARIO /PR
2350,31/01/2026,71,44,47,40,48,5,42,BOTAFOGO /RJ
2349,29/01/2026,15,10,52,42,79,26,1,GOIAS /GO
2348,27/01/2026,12,55,42,4,21,37,65,SAORAIMUNDO /RR
2347,24/01/2026,26,61,32,35,72,1,19,CRUZEIRO /MG
2346,22/01/2026,34,69,43,60,76,50,5,BOTAFOGO /RJ
2345,20/01/2026,35,28,19,15,69,71,3,AMAZONAS /AM
2344,17/01/2026,34,64,61,52,37,46,3,JACUIPENSE /BA
2343,15/01/2026,8,21,6,71,1,72,61,NOVORIZONTINO /SP
2342,13/01/2026,35,39,48,22,1,10,56,CUIABA /MT
2341,10/01/2026,42,36,35,65,71,58,21,REMO /PA
2340,08/01/2026,22,46,50,77,33,21,66,JUVENTUDE /RS
2339,06/01/2026,24,31,33,11,57,21,7,JUAZEIRENSE /BA
2338,03/01/2026,35,11,14,40,67,37,33,SPORT /PE
2337,30/12/2025,67,8,29,35,43,70,62,ATLETICO /GO
2336,27/12/2025,38,44,64,22,18,3,8,CORITIBA /PR
2335,23/12/2025,26,48,63,75,69,5,44,SPORT /PE
2334,20/12/2025,27,44,42,47,52,4,36,CORITIBA /PR
2333,18/12/2025,51,49,58,80,61,40,52,BRAGANTINO /SP
2332,16/12/2025,47,13,50,23,71,17,28,CORITIBA /PR
2331,13/12/2025,74,12,63,78,37,71,56,NOVORIZONTINO /SP
2330,11/12/2025,31,56,50,57,22,52,69,NAUTICO /PE
2329,09/12/2025,75,39,77,36,29,70,61,APARECIDENSE /GO
2328,06/12/2025,73,29,59,15,1,49,57,JACUIPENSE /BA
2327,04/12/2025,42,46,73,35,71,7,4,ATLETICO /GO
2326,02/12/2025,71,56,43,57,26,22,52,SAO PAULO /SP
2325,29/11/2025,73,42,11,40,13,66,67,CAMPINENSE /PB
2324,27/11/2025,42,18,65,5,67,76,50,JUAZEIRENSE /BA
2323,25/11/2025,33,60,13,52,65,66,79,PORTUGUESA /RJ
2322,22/11/2025,40,37,72,7,12,27,4,POUSO ALEGRE /MG
2321,18/11/2025,31,13,9,27,52,15,5,GREMIO /RS
2320,13/11/2025,23,36,66,19,47,20,65,SAO PAULO /SP
2319,11/11/2025,35,48,60,79,67,43,38,CORITIBA /PR
2318,08/11/2025,48,37,60,17,8,59,1,TOCANTINOPOLIS /TO
2317,06/11/2025,4,66,68,41,51,38,6,BRASILIENSE /DF
2316,04/11/2025,73,58,25,24,42,28,78,ALTOS /PI
2315,01/11/2025,66,78,54,12,49,41,3,BRASIL DE PELOTAS/RS
2314,30/10/2025,34,38,36,60,26,74,30,FLORESTA /CE
2313,28/10/2025,33,70,68,32,3,6,2,CORITIBA /PR
2312,25/10/2025,59,65,6,10,5,74,21,BRASIL DE PELOTAS/RS
2311,23/10/2025,71,68,32,72,37,17,34,NAUTICO /PE
2310,21/10/2025,55,66,17,47,62,44,2,VILA NOVA /GO
2309,18/10/2025,45,39,3,22,77,21,2,LONDRINA /PR
2308,16/10/2025,23,8,7,39,73,62,4,ABC /RN
2307,14/10/2025,44,38,52,64,2,13,80,CORITIBA /PR
2306,11/10/2025,11,17,72,76,51,71,69,SAO PAULO /SP
2305,09/10/2025,18,76,48,80,60,62,36,APARECIDENSE /GO
2304,07/10/2025,62,31,53,51,74,22,9,BRUSQUE /SC
2303,04/10/2025,46,42,48,45,55,20,75,CHAPECOENSE /SC
2302,02/10/2025,77,16,22,31,11,30,46,BRASILIENSE /DF
2301,30/09/2025,16,58,21,44,60,30,41,CASCAVEL /PR
2300,27/09/2025,70,78,49,63,71,12,3,SAO JOSE /RS
2299,25/09/2025,42,46,24,19,77,54,28,AMAZONAS /AM
2298,23/09/2025,75,4,48,66,39,5,27,FERROVIARIO /CE
2297,20/09/2025,14,61,34,26,47,51,5,ATLETICO /GO
2296,18/09/2025,25,32,16,35,71,30,60,GOIAS /GO
2295,16/09/2025,20,74,47,1,27,32,77,SAO BERNARDO /SP
2294,13/09/2025,65,5,78,28,68,45,22,CRICIUMA /SC
2293,11/09/2025,49,78,71,21,18,11,38,GREMIO /RS
2292,09/09/2025,32,66,7,54,14,28,67,MIRASSOL /SP
2291,06/09/2025,8,45,51,56,64,14,32,YPIRANGA /RS
2290,04/09/2025,74,56,49,53,10,54,66,NOVORIZONTINO /SP
2289,02/09/2025,47,14,52,21,10,18,61,MIRASSOL /SP
2288,30/08/2025,20,32,59,2,34,17,5,FLUMINENSE /RJ
2287,28/08/2025,63,49,45,57,24,15,42,OPERARIO /PR
2286,26/08/2025,18,53,39,74,25,14,58,BAHIA DE FEIRA /BA
2285,23/08/2025,45,68,39,69,77,65,48,MANAUS /AM
2284,21/08/2025,25,24,22,33,73,7,70,ATLETICO /MG
2283,19/08/2025,61,41,18,55,15,46,53,ABC /RN
2282,16/08/2025,79,1,25,57,76,26,48,GOIAS /GO
2281,14/08/2025,11,34,75,10,65,24,57,FLORESTA /CE
2280,12/08/2025,18,75,24,27,43,21,3,CAXIAS /RS
2279,09/08/2025,62,64,43,56,3,9,5,MIRASSOL /SP
2278,07/08/2025,44,34,17,36,14,38,53,ALTOS /PI
2277,05/08/2025,17,26,36,7,6,69,4,VILA NOVA /GO
2276,02/08/2025,64,42,62,1,11,21,79,PONTE PRETA /SP
2275,31/07/2025,21,67,35,36,76,38,28,APARECIDENSE /GO
2274,29/07/2025,57,46,4,12,78,5,51,SAO BERNARDO /SP
2273,26/07/2025,71,56,42,35,43,60,18,VOLTA REDONDA /RJ
2272,24/07/2025,13,9,49,46,58,32,19,FLORESTA /CE
2271,22/07/2025,26,27,51,13,72,59,58,AVAI /SC
2270,19/07/2025,61,70,62,78,7,31,1,CONFIANCA /SE
2269,17/07/2025,80,67,4,44,9,33,39,AMERICA /MG
2268,15/07/2025,21,5,55,4,28,50,69,PORTUGUESA /RJ
2267,12/07/2025,48,65,30,27,71,72,3,RETRO BRASIL /PE
2266,10/07/2025,80,22,20,24,2,23,77,MANAUS /AM
2265,08/07/2025,8,30,21,45,32,53,10,CAMPINENSE /PB
2264,05/07/2025,60,7,71,66,27,78,49,CEARA /CE
2263,03/07/2025,57,10,44,18,36,30,39,CORINTHIANS /SP
2262,01/07/2025,32,15,53,67,74,63,29,CONFIANCA /SE
2261,28/06/2025,31,32,56,16,53,67,44,FORTALEZA /CE
2260,26/06/2025,52,41,37,32,25,35,60,VILA NOVA /GO
2259,24/06/2025,5,48,11,36,23,74,26,SAMP CORREA /MA
2258,21/06/2025,43,18,70,36,59,2,41,CRUZEIRO /MG
2257,17/06/2025,13,29,12,36,58,67,48,PORTUGUESA /RJ
2256,14/06/2025,76,36,35,29,78,27,4,NAUTICO /PE
2255,12/06/2025,18,19,43,69,50,56,80,SAO JOSE /RS
2254,10/06/2025,60,12,26,15,23,41,3,BRAGANTINO /SP
2253,07/06/2025,8,3,39,57,63,61,32,JUAZEIRENSE /BA
2252,05/06/2025,12,5,76,80,46,8,19,CAXIAS /RS
2251,03/06/2025,7,36,2,41,26,63,52,VITORIA /BA
2250,31/05/2025,65,73,68,54,17,46,10,PARANA /PR
2249,29/05/2025,50,58,21,67,30,48,16,BOTAFOGO /RJ
2248,27/05/2025,26,47,48,12,41,29,78,MIRASSOL /SP
2247,24/05/2025,6,3,55,19,45,80,72,RETRO BRASIL /PE
2246,22/05/2025,57,37,22,63,51,40,14,BAHIA DE FEIRA /BA
2245,20/05/2025,70,4,23,52,17,76,67,AMERICA /MG
2244,17/05/2025,22,43,49,76,32,64,23,FERROVIARIO /CE
2243,15/05/2025,39,56,49,6,77,63,67,JUAZEIRENSE /BA
2242,13/05/2025,78,65,52,45,73,9,61,ATLETICO /GO
2241,10/05/2025,18,68,34,56,30,63,9,POUSO ALEGRE /MG
2240,08/05/2025,27,6,60,8,47,39,4,AVAI /SC
2239,06/05/2025,17,46,24,66,7,78,74,BOTAFOGO /RJ
2238,03/05/2025,29,57,34,73,71,70,42,ATHLETIC CLUB /MG
2237,29/04/2025,28,77,79,47,60,12,55,AVAI /SC
2236,26/04/2025,56,24,31,12,37,57,11,CUIABA /MT
2235,24/04/2025,53,67,22,44,72,51,43,BAHIA /BA
2234,22/04/2025,67,59,24,25,62,41,18,BRAGANTINO /SP
2233,19/04/2025,47,50,76,63,20,45,54,SPORT /PE
2232,17/04/2025,60,29,77,33,59,69,67,CAMPINENSE /PB
2231,15/04/2025,37,20,29,38,55,49,14,BOTAFOGO /RJ
2230,12/04/2025,11,24,29,70,47,79,20,FLORESTA /CE
2229,10/04/2025,69,45,47,5,56,59,17,TOMBENSE /MG
2228,08/04/2025,61,72,12,37,55,31,73,VOLTA REDONDA /RJ
2227,05/04/2025,9,66,19,40,4,11,58,MIRASSOL /SP
2226,03/04/2025,11,3,43,7,48,13,23,SPORT /PE
2225,01/04/2025,3,60,31,10,9,56,80,GOIAS /GO
2224,29/03/2025,30,60,72,9,16,19,46,BAHIA /BA
2223,27/03/2025,79,9,66,50,2,63,22,AMERICA /MG
2222,25/03/2025,8,20,12,68,1,44,47,VITORIA /BA
2221,22/03/2025,75,32,80,3,15,56,78,BAHIA /BA
2220,20/03/2025,70,53,10,49,42,46,9,FLAMENGO /RJ
2219,18/03/2025,37,59,34,18,23,51,12,OPERARIO /PR
2218,15/03/2025,27,41,6,14,51,25,72,SPORT /PE
2217,13/03/2025,10,12,37,17,57,60,4,NOVA IGUACU /RJ
2216,11/03/2025,15,30,36,74,5,14,1,INTERNACIONAL /RS
2215,08/03/2025,40,27,32,18,33,56,14,CRB /AL
2214,06/03/2025,65,61,15,64,46,52,26,VOLTA REDONDA /RJ
2213,01/03/2025,9,72,48,80,41,46,22,BOTAFOGO /RJ
2212,27/02/2025,40,17,48,61,3,62,21,SPORT /PE
2211,25/02/2025,6,18,28,66,7,36,73,JACUIPENSE /BA
2210,22/02/2025,24,2,56,72,44,30,45,CEILANDIA ESPORTE/DF
2209,20/02/2025,21,62,18,61,8,4,67,PORTUGUESA /RJ
2208,18/02/2025,20,48,21,70,8,62,29,BAHIA /BA
2207,15/02/2025,67,76,10,11,24,65,2,BRASIL DE PELOTAS/RS
2206,13/02/2025,48,53,76,54,66,32,22,GUARANI /SP
2205,11/02/2025,16,54,32,74,66,10,19,AMERICA /RN
2204,08/02/2025,71,37,45,60,51,62,32,APARECIDENSE /GO
2203,06/02/2025,80,38,35,68,33,61,9,CORINTHIANS /SP
2202,04/02/2025,9,47,38,25,48,40,19,CRB /AL
2201,01/02/2025,42,8,36,75,46,71,41,GREMIO /RS
2200,30/01/2025,56,20,79,52,64,44,66,FERROVIARIA /SP
2199,28/01/2025,20,18,26,12,50,37,35,CRB /AL
2198,25/01/2025,68,9,56,14,33,66,3,CUIABA /MT
2197,23/01/2025,61,58,11,66,20,59,62,PORTUGUESA /RJ
2196,21/01/2025,69,58,17,19,56,80,11,BOTAFOGO /RJ
2195,18/01/2025,19,40,14,73,72,46,39,AMERICA /MG
2194,16/01/2025,47,75,51,37,68,27,44,PORTUGUESA /RJ
2193,14/01/2025,13,11,56,19,2,39,25,GUARANI /SP
2192,11/01/2025,9,70,77,76,8,51,57,SPORT /PE
2191,09/01/2025,25,26,54,72,21,44,53,PARANA /PR
2190,07/01/2025,57,51,50,39,75,63,56,MANAUS /AM
2189,04/01/2025,51,21,64,33,28,29,53,LONDRINA /PR
2188,02/01/2025,55,80,16,8,60,72,34,APARECIDENSE /GO
2187,31/12/2024,33,11,30,15,32,8,52,BOTAFOGO /RJ
2186,28/12/2024,35,48,59,43,28,67,57,JACUIPENSE /BA
2185,26/12/2024,26,78,31,13,7,67,12,CASCAVEL /PR
2184,24/12/2024,11,58,26,38,17,48,13,TOCANTINOPOLIS /TO
2183,21/12/2024,63,55,28,36,16,27,6,CASCAVEL /PR
2182,19/12/2024,4,13,70,40,46,15,75,CASCAVEL /PR
2181,17/12/2024,43,8,30,35,65,36,27,TOCANTINOPOLIS /TO
2180,14/12/2024,13,14,68,7,2,27,21,CASCAVEL /PR
2179,12/12/2024,20,15,74,11,50,23,68,BRASILIENSE /DF
2178,10/12/2024,7,13,15,64,48,57,17,ABC /RN
2177,07/12/2024,5,14,68,76,35,12,64,ATHLETIC CLUB /MG
2176,05/12/2024,59,57,41,49,31,5,9,OPERARIO /PR
2175,03/12/2024,56,4,71,49,59,10,21,CASCAVEL /PR
2174,30/11/2024,69,10,24,66,52,76,58,SAO PAULO /SP
2173,28/11/2024,15,42,45,48,4,79,8,AMERICA /RN
2172,26/11/2024,13,65,66,15,78,9,34,ATLETICO /GO
2171,23/11/2024,23,4,21,60,17,42,72,ATHLETICO /PR
2170,21/11/2024,21,33,28,38,54,36,12,MANAUS /AM
2169,19/11/2024,31,16,38,58,43,14,33,FERROVIARIO /CE
2168,16/11/2024,80,49,36,17,68,4,15,CASCAVEL /PR
2167,14/11/2024,10,12,9,28,57,55,69,SAO PAULO /SP
2166,12/11/2024,65,56,33,21,3,44,61,ATHLETIC CLUB /MG
2165,09/11/2024,53,15,75,44,65,4,19,ATHLETICO /PR
2164,07/11/2024,71,16,48,61,69,24,79,FLORESTA /CE
2163,05/11/2024,65,70,44,39,29,59,57,CONFIANCA /SE
2162,31/10/2024,60,24,14,8,6,63,51,GOIAS /GO
2161,29/10/2024,19,79,73,2,58,67,44,SAO PAULO /SP
2160,26/10/2024,9,6,68,59,22,46,78,GUARANI /SP
2159,24/10/2024,73,22,1,61,10,17,15,SAO JOSE /RS
2158,22/10/2024,51,1,57,17,22,54,74,CEARA /CE
2157,19/10/2024,40,21,42,56,27,51,30,ATLETICO /MG
2156,17/10/2024,15,59,21,66,1,47,64,TOMBENSE /MG
2155,15/10/2024,80,27,26,63,40,75,30,MIRASSOL /SP
2154,10/10/2024,69,13,1,3,63,24,65,MIRASSOL /SP
2153,08/10/2024,62,63,47,54,48,26,7,BOTAFOGO /RJ
2152,05/10/2024,70,25,42,21,79,10,24,BOTAFOGO /RJ
2151,03/10/2024,70,26,37,14,11,15,23,NAUTICO /PE
2150,01/10/2024,8,76,62,9,21,64,61,AMERICA /MG
2149,28/09/2024,44,78,24,79,3,9,25,AMERICA /MG
2148,26/09/2024,55,1,23,17,71,80,66,APARECIDENSE /GO
2147,24/09/2024,7,11,2,55,17,47,45,FIGUEIRENSE /SC
2146,21/09/2024,10,3,62,35,55,72,57,JACUIPENSE /BA
2145,19/09/2024,55,13,19,28,41,57,71,SAORAIMUNDO /RR
2144,17/09/2024,53,60,26,44,21,18,13,SAO JOSE /RS
2143,14/09/2024,68,23,74,80,3,34,75,SAO PAULO /SP
2142,12/09/2024,54,16,20,6,68,45,30,SANTA CRUZ /PE
2141,10/09/2024,46,20,36,79,35,2,14,SANTOS /SP
2140,05/09/2024,24,54,53,48,23,12,60,CRUZEIRO /MG
2139,03/09/2024,75,22,15,27,32,25,12,NAUTICO /PE
2138,31/08/2024,55,22,1,52,34,64,77,PARANA /PR
2137,29/08/2024,33,55,30,68,76,48,6,CSA /AL
2136,27/08/2024,53,7,27,18,50,71,72,FIGUEIRENSE /SC
2135,24/08/2024,73,3,60,21,27,72,37,JUVENTUDE /RS
2134,22/08/2024,20,28,80,7,8,24,2,SAO JOSE /RS
2133,20/08/2024,15,16,58,11,80,38,69,GOIAS /GO
2132,17/08/2024,21,63,65,74,70,50,48,BOTAFOGO /RJ
2131,15/08/2024,8,20,19,22,11,3,16,GOIAS /GO
2130,13/08/2024,54,29,80,26,50,69,49,ATHLETIC CLUB /MG
2129,10/08/2024,21,45,29,48,50,24,68,PONTE PRETA /SP
2128,08/08/2024,65,20,62,40,39,28,33,AVAI /SC
2127,06/08/2024,11,46,6,32,1,74,39,ITUANO /SP
2126,03/08/2024,61,40,35,53,18,12,4,CAMPINENSE /PB
2125,01/08/2024,39,50,59,29,68,63,14,ATLETICO /GO
2124,30/07/2024,72,41,59,77,23,22,69,GUARANI /SP
2123,27/07/2024,77,18,39,55,79,70,6,CUIABA /MT
2122,25/07/2024,28,11,43,44,7,62,15,CONFIANCA /SE
2121,23/07/2024,21,67,23,61,37,57,76,VITORIA /BA
2120,20/07/2024,47,31,61,76,45,78,33,POUSO ALEGRE /MG
2119,18/07/2024,69,49,56,1,26,67,63,ATLETICO /MG
2118,16/07/2024,10,40,13,62,23,7,65,CORITIBA /PR
2117,13/07/2024,50,20,63,11,38,76,2,VASCO DA GAMA /RJ
2116,11/07/2024,22,11,67,16,38,33,62,ATHLETICO /PR
2115,09/07/2024,53,47,13,58,20,8,64,CEILANDIA ESPORTE/DF
2114,06/07/2024,72,43,80,19,58,25,3,NOVORIZONTINO /SP
2113,04/07/2024,32,78,20,15,43,76,31,SAMP CORREA /MA
2112,02/07/2024,79,10,66,67,41,77,69,JUVENTUDE /RS
2111,29/06/2024,50,33,31,2,30,42,43,MANAUS /AM
2110,27/06/2024,6,13,61,8,70,23,24,BAHIA /BA
2109,25/06/2024,70,47,34,43,40,16,67,SAORAIMUNDO /RR
2108,22/06/2024,53,66,40,5,33,32,56,OESTE /SP
2107,20/06/2024,66,28,41,37,20,74,10,PALMEIRAS /SP
2106,18/06/2024,31,43,79,56,68,29,17,CAXIAS /RS
2105,15/06/2024,40,26,15,19,48,38,25,GREMIO /RS
2104,13/06/2024,23,78,50,35,59,38,64,CASCAVEL /PR
2103,11/06/2024,15,45,21,73,55,13,59,MANAUS /AM
2102,08/06/2024,1,79,40,55,24,42,75,LONDRINA /PR
2101,06/06/2024,38,12,58,46,64,62,39,BAHIA /BA
2100,04/06/2024,55,43,65,70,17,75,16,CSA /AL
2099,01/06/2024,19,8,16,38,79,80,70,PORTUGUESA /RJ
2098,28/05/2024,72,10,40,31,44,26,28,CUIABA /MT
2097,25/05/2024,23,36,4,16,63,59,67,FLORESTA /CE
2096,23/05/2024,42,73,44,16,76,14,18,GUARANI /SP
2095,21/05/2024,3,64,21,35,75,30,45,BOTAFOGO /RJ
2094,18/05/2024,29,20,42,62,71,32,77,BOTAFOGO /RJ
2093,16/05/2024,8,71,46,1,24,16,70,MIRASSOL /SP
2092,14/05/2024,4,23,77,56,22,66,10,ALTOS /PI
2091,11/05/2024,5,12,35,1,17,33,54,FLORESTA /CE
2090,09/05/2024,18,2,42,38,66,7,32,TOCANTINOPOLIS /TO
2089,07/05/2024,6,76,17,18,77,4,49,PARANA /PR
2088,04/05/2024,63,34,43,56,59,33,46,TOCANTINOPOLIS /TO
2087,02/05/2024,43,39,11,24,20,77,4,NOVORIZONTINO /SP
2086,30/04/2024,25,59,14,8,6,21,38,FLAMENGO /RJ
2085,27/04/2024,57,65,78,21,16,23,39,GUARANI /SP
2084,25/04/2024,30,2,52,59,50,78,55,ATLETICO /AC
2083,23/04/2024,40,68,60,35,53,77,43,CRUZEIRO /MG
2082,20/04/2024,53,26,22,25,60,1,59,BAHIA /BA
2081,18/04/2024,24,55,78,20,66,14,27,SANTA CRUZ /PE
2080,16/04/2024,27,1,3,54,26,77,25,NOVORIZONTINO /SP
2079,13/04/2024,5,12,31,14,61,42,23,GOIAS /GO
2078,11/04/2024,73,27,77,76,79,23,6,ATHLETICO /PR
2077,09/04/2024,80,52,69,67,11,39,60,OESTE /SP
2076,06/04/2024,79,11,23,25,60,56,35,BOTAFOGO /SP
2075,04/04/2024,28,3,59,37,10,70,13,BRAGANTINO /SP
2074,02/04/2024,56,76,2,22,43,77,65,ALTOS /PI
2073,30/03/2024,30,21,17,15,74,7,80,ABC /RN
2072,28/03/2024,43,17,76,64,36,48,61,BOTAFOGO /PB
2071,26/03/2024,35,27,71,9,72,17,49,INTERNACIONAL /RS
2070,23/03/2024,47,35,74,16,73,14,67,BRAGANTINO /SP
2069,21/03/2024,39,5,43,61,8,36,13,ATLETICO /CE
2068,19/03/2024,64,73,5,50,11,58,36,BRASIL DE PELOTAS/RS
2067,16/03/2024,35,15,23,60,80,16,18,FLAMENGO /RJ
2066,14/03/2024,72,43,53,80,62,1,74,SANTOS /SP
2065,12/03/2024,5,77,18,15,20,73,64,ATLETICO /GO
2064,09/03/2024,79,49,36,19,15,37,54,BOA ESPORTE /MG
2063,07/03/2024,14,53,63,11,39,46,17,SANTOS /SP
2062,05/03/2024,20,49,26,37,56,27,63,JACUIPENSE /BA
2061,02/03/2024,45,62,22,73,15,17,47,GUARANI /SP
2060,29/02/2024,74,56,18,2,72,8,65,SAO JOSE /RS
2059,27/02/2024,41,57,48,67,4,28,51,BRASILIENSE /DF
2058,24/02/2024,21,52,41,6,50,63,3,BOAVISTA /RJ
2057,22/02/2024,62,18,8,51,45,47,32,BAHIA /BA
2056,20/02/2024,22,49,46,15,19,53,25,IMPERATRIZ /MA
2055,17/02/2024,67,11,31,74,1,79,7,SANTOS /SP
2054,15/02/2024,79,64,3,24,62,41,29,FLUMINENSE /RJ
2053,10/02/2024,29,19,34,20,62,47,38,CORINTHIANS /SP
2052,08/02/2024,42,60,68,19,21,63,40,BRASILIENSE /DF
2051,06/02/2024,42,34,78,16,3,15,53,BOTAFOGO /PB
2050,03/02/2024,66,44,62,43,7,74,49,SAO BENTO /SP
2049,01/02/2024,55,68,47,10,80,7,5,FIGUEIRENSE /SC
2048,30/01/2024,35,20,50,40,66,55,25,VOLTA REDONDA /RJ
2047,27/01/2024,35,48,22,50,19,66,8,ATLETICO /MG
2046,25/01/2024,65,42,43,3,23,72,48,APARECIDENSE /GO
2045,23/01/2024,53,51,76,39,37,67,25,ATHLETICO /PR
2044,20/01/2024,26,16,43,41,30,33,54,CRICIUMA /SC
2043,18/01/2024,43,14,78,56,22,48,21,SAO PAULO /SP
2042,16/01/2024,21,50,8,57,56,16,39,BOTAFOGO /RJ
2041,13/01/2024,65,49,78,33,45,62,42,IMPERATRIZ /MA
2040,11/01/2024,49,19,35,34,20,41,56,ATLETICO /GO
2039,09/01/2024,22,49,80,51,9,58,64,TOMBENSE /MG
2038,06/01/2024,5,34,9,23,48,40,55,AMERICA /RN
2037,04/01/2024,26,8,54,61,13,25,68,LONDRINA /PR
2036,02/01/2024,13,74,72,33,23,15,49,MIRASSOL /SP
2035,30/12/2023,62,1,57,50,12,4,80,PALMEIRAS /SP
2034,28/12/2023,1,55,46,39,75,20,74,SAO JOSE /RS
2033,26/12/2023,52,28,55,48,2,60,9,BOAVISTA /RJ
2032,23/12/2023,1,17,43,5,16,42,13,CUIABA /MT
2031,21/12/2023,29,65,6,22,51,42,4,BOTAFOGO /SP
2030,19/12/2023,28,59,26,20,53,6,5,FLORESTA /CE
2029,16/12/2023,53,52,64,47,68,28,65,CAXIAS /RS
2028,14/12/2023,54,69,12,64,63,78,6,FLORESTA /CE
2027,12/12/2023,70,14,51,45,65,29,69,GUARANI /SP
2026,09/12/2023,11,67,39,45,49,24,41,SAORAIMUNDO /RR
2025,07/12/2023,51,26,55,64,48,74,3,INTERNACIONAL /RS
2024,05/12/2023,27,40,69,47,51,31,37,MOTO CLUB /MA
2023,02/12/2023,44,66,58,67,4,74,43,MANAUS /AM
2022,30/11/2023,58,57,70,44,43,40,42,PARANA /PR
2021,28/11/2023,23,2,78,49,1,16,61,JUAZEIRENSE /BA
2020,25/11/2023,80,61,41,26,78,21,69,CAXIAS /RS
2019,23/11/2023,71,63,66,34,30,41,75,SAO PAULO /SP
2018,21/11/2023,78,37,33,45,36,20,50,OPERARIO /PR
2017,18/11/2023,10,4,54,63,2,40,29,CIANORTE /PR
2016,16/11/2023,41,26,3,49,61,57,51,OESTE /SP
2015,14/11/2023,14,78,6,1,50,74,45,FIGUEIRENSE /SC
2014,11/11/2023,36,32,62,72,51,5,22,SPORT /PE
2013,09/11/2023,1,30,8,65,35,11,80,FLORESTA /CE
2012,07/11/2023,49,38,17,80,47,45,65,BRASIL DE PELOTAS/RS
2011,04/11/2023,54,42,45,11,57,40,33,FLUMINENSE /RJ
2010,03/11/2023,70,21,78,13,73,15,41,SAMP CORREA /MA
2009,31/10/2023,5,50,60,65,54,6,68,FERROVIARIA /SP
2008,28/10/2023,30,59,49,64,28,33,31,NAUTICO /PE
2007,26/10/2023,62,19,10,36,38,63,55,SANTOS /SP
2006,24/10/2023,20,33,64,9,14,17,45,TREZE /PB
2005,21/10/2023,13,28,11,25,78,16,57,BOAVISTA /RJ
2004,19/10/2023,34,60,53,18,40,37,66,ATHLETICO /PR
2003,17/10/2023,58,35,20,37,78,12,41,GUARANI /SP
2002,14/10/2023,72,52,74,48,42,33,79,APARECIDENSE /GO
2001,13/10/2023,72,71,31,32,52,60,63,AMERICA /MG
2000,10/10/2023,8,5,58,66,41,2,70,FLORESTA /CE
1999,07/10/2023,72,55,38,30,70,31,39,FERROVIARIA /SP
1998,05/10/2023,17,11,76,54,5,13,6,ITUANO /SP
1997,03/10/2023,32,30,29,62,48,13,24,PALMEIRAS /SP
1996,30/09/2023,23,78,35,47,45,63,24,SAO PAULO /SP
1995,28/09/2023,57,55,60,27,69,6,33,LUVERDENSE /MT
1994,26/09/2023,24,72,69,23,59,28,61,BRAGANTINO /SP
1993,23/09/2023,18,64,65,68,74,9,16,FLAMENGO /RJ
1992,21/09/2023,14,62,34,24,77,45,10,BRASILIENSE /DF
1991,19/09/2023,70,61,37,72,8,38,39,NAUTICO /PE
1990,16/09/2023,1,41,46,32,17,31,23,CORINTHIANS /SP
1989,14/09/2023,6,37,35,20,19,55,14,VITORIA /BA
1988,12/09/2023,78,59,70,21,34,48,22,JUAZEIRENSE /BA
1987,09/09/2023,23,54,45,3,29,50,61,CRUZEIRO /MG
1986,08/09/2023,30,76,63,10,78,31,24,APARECIDENSE /GO
1985,05/09/2023,63,60,71,15,24,30,28,ALTOS /PI
1984,02/09/2023,1,24,32,14,41,79,3,APARECIDENSE /GO
1983,31/08/2023,16,10,38,62,73,64,57,CUIABA /MT
1982,29/08/2023,29,22,39,21,78,14,8,BOTAFOGO /RJ
1981,26/08/2023,35,29,12,61,31,24,41,LONDRINA /PR
1980,24/08/2023,24,47,74,44,51,21,22,PALMEIRAS /SP
1979,22/08/2023,54,73,61,29,12,23,18,BRAGANTINO /SP
1978,19/08/2023,74,38,53,44,39,23,27,BOA ESPORTE /MG
1977,17/08/2023,31,39,59,24,44,78,34,PARANA /PR
1976,15/08/2023,9,68,65,69,18,55,40,CUIABA /MT
1975,12/08/2023,20,64,38,9,19,61,30,IMPERATRIZ /MA
1974,10/08/2023,33,35,58,51,52,50,6,VILA NOVA /GO
1973,08/08/2023,25,65,43,70,32,52,28,PAYSANDU /PA
1972,05/08/2023,31,34,44,47,68,13,75,SAO BENTO /SP
1971,03/08/2023,7,77,50,3,59,57,72,OPERARIO /PR
1970,01/08/2023,58,80,60,1,13,57,36,BOTAFOGO /SP
1969,29/07/2023,70,11,49,78,18,45,66,GOIAS /GO
1968,27/07/2023,26,68,76,4,49,48,47,CRUZEIRO /MG
1967,25/07/2023,48,79,75,63,33,60,10,ATLETICO /GO
1966,22/07/2023,44,5,11,53,51,41,35,GOIAS /GO
1965,20/07/2023,29,1,51,66,26,14,71,INTERNACIONAL /RS
1964,18/07/2023,56,34,23,69,71,48,9,FLORESTA /CE
1963,15/07/2023,24,58,49,3,56,57,54,PAYSANDU /PA
1962,13/07/2023,51,12,40,53,66,49,10,OPERARIO /PR
1961,11/07/2023,20,71,74,27,11,26,78,CAMPINENSE /PB
1960,08/07/2023,27,7,77,19,36,74,56,OESTE /SP
1959,06/07/2023,61,65,50,72,45,78,17,VASCO DA GAMA /RJ
1958,04/07/2023,59,8,13,49,35,14,29,SAORAIMUNDO /RR
1957,01/07/2023,5,40,73,15,79,64,50,GOIAS /GO
1956,29/06/2023,22,63,28,33,52,37,48,BOTAFOGO /RJ
1955,27/06/2023,17,12,57,18,59,1,77,BOTAFOGO /RJ
1954,24/06/2023,30,52,53,44,37,16,24,JACUIPENSE /BA
1953,22/06/2023,80,65,5,18,35,38,7,AMERICA /MG
1952,20/06/2023,21,15,43,9,61,7,79,GREMIO /RS
1951,17/06/2023,80,43,58,15,37,31,25,CEARA /CE
1950,15/06/2023,25,51,67,44,15,9,39,OESTE /SP
1949,13/06/2023,46,39,80,68,10,41,61,CRB /AL
1948,10/06/2023,55,64,57,14,62,8,53,ATLETICO /GO
1947,09/06/2023,49,50,25,74,19,5,45,SAO BENTO /SP
1946,06/06/2023,29,54,14,58,79,21,2,CEARA /CE
1945,03/06/2023,14,56,35,60,22,9,34,APARECIDENSE /GO
1944,01/06/2023,61,45,48,58,31,26,55,FERROVIARIO /CE
1943,30/05/2023,54,15,46,55,33,20,61,LUVERDENSE /MT
1942,27/05/2023,64,62,28,65,24,39,48,ATLETICO /GO
1941,25/05/2023,15,74,41,39,37,18,56,BOTAFOGO /PB
1940,23/05/2023,11,51,56,39,5,28,55,ATHLETICO /PR
1939,20/05/2023,27,41,45,2,13,33,6,BOAVISTA /RJ
1938,18/05/2023,22,54,34,60,44,43,35,ALTOS /PI
1937,16/05/2023,20,24,80,44,11,31,62,JUAZEIRENSE /BA
1936,13/05/2023,59,34,70,55,66,14,45,AVAI /SC
1935,11/05/2023,7,13,33,38,72,76,11,ATLETICO /AC
1934,09/05/2023,5,43,33,57,32,2,24,NOVORIZONTINO /SP
1933,06/05/2023,67,70,47,50,11,31,58,SPORT /PE
1932,04/05/2023,1,60,57,54,63,45,78,CORINTHIANS /SP
1931,02/05/2023,45,44,41,6,38,21,42,BAHIA /BA
1930,29/04/2023,29,63,77,6,64,72,46,SPORT /PE
1929,27/04/2023,69,49,33,29,80,79,6,ALTOS /PI
1928,25/04/2023,39,48,4,25,78,61,27,SANTOS /SP
1927,22/04/2023,78,13,27,43,63,75,51,PONTE PRETA /SP
1926,20/04/2023,33,46,22,11,57,60,52,BOAVISTA /RJ
1925,18/04/2023,49,12,68,47,77,54,13,OESTE /SP
1924,15/04/2023,35,8,10,3,41,26,58,MANAUS /AM
1923,13/04/2023,4,2,60,16,47,35,11,ATLETICO /GO
1922,11/04/2023,49,65,73,22,11,27,25,MOTO CLUB /MA
1921,08/04/2023,28,48,7,71,80,64,56,JACUIPENSE /BA
1920,06/04/2023,62,63,13,29,34,8,20,CRUZEIRO /MG
1919,04/04/2023,76,10,27,31,66,18,2,BRASILIENSE /DF
1918,01/04/2023,29,78,30,39,12,41,24,CORITIBA /PR
1917,30/03/2023,43,15,21,40,60,47,57,GUARANI /SP
1916,28/03/2023,41,48,11,44,1,73,15,FERROVIARIO /CE
1915,25/03/2023,71,44,67,66,27,7,47,FIGUEIRENSE /SC
1914,23/03/2023,16,4,19,7,15,26,57,FERROVIARIA /SP
1913,21/03/2023,46,32,67,22,62,70,3,SAMP CORREA /MA
1912,18/03/2023,1,62,74,25,52,71,20,PONTE PRETA /SP
1911,16/03/2023,12,61,76,77,40,14,11,GOIAS /GO
1910,14/03/2023,17,13,43,35,1,34,40,GREMIO /RS
1909,11/03/2023,30,75,9,67,63,56,5,LONDRINA /PR
1908,09/03/2023,43,12,18,58,20,55,78,ATLETICO /AC
1907,07/03/2023,46,62,78,64,11,18,30,PAYSANDU /PA
1906,04/03/2023,5,32,45,66,39,62,17,CRB /AL
1905,02/03/2023,3,35,42,31,28,49,16,ATLETICO /GO
1904,28/02/2023,44,17,5,68,3,31,23,CHAPECOENSE /SC
1903,25/02/2023,28,58,73,54,22,80,36,OPERARIO /PR
1902,23/02/2023,30,9,56,50,19,71,7,ALTOS /PI
1901,18/02/2023,46,56,68,74,4,29,15,OESTE /SP
1900,16/02/2023,64,17,32,15,16,12,6,SPORT /PE
1899,14/02/2023,78,11,53,12,10,57,40,SANTOS /SP
1898,11/02/2023,40,79,3,20,43,52,46,SPORT /PE
1897,09/02/2023,20,13,28,27,78,18,67,AMERICA /RN
1896,07/02/2023,63,55,65,40,31,30,5,ATLETICO /MG
1895,04/02/2023,50,44,43,77,41,42,62,PARANA /PR
1894,02/02/2023,73,29,33,66,55,19,20,BAHIA /BA
1893,31/01/2023,71,60,43,56,3,32,52,CIANORTE /PR
1892,28/01/2023,77,38,62,35,69,65,19,BOTAFOGO /SP
1891,26/01/2023,47,6,2,51,79,16,27,CRICIUMA /SC
1890,24/01/2023,76,57,36,77,5,62,51,ATLETICO /MG
1889,21/01/2023,7,79,22,73,47,26,69,FLAMENGO /RJ
1888,19/01/2023,55,62,60,41,8,68,5,OESTE /SP
1887,17/01/2023,31,11,77,74,20,22,2,INTERNACIONAL /RS
1886,14/01/2023,39,45,69,52,41,73,8,MIRASSOL /SP
1885,12/01/2023,21,59,47,11,5,30,25,AMERICA /RN
1884,10/01/2023,30,45,28,66,40,19,55,CAXIAS /RS
1883,07/01/2023,25,26,46,9,66,29,16,ATLETICO /MG
1882,05/01/2023,77,15,40,7,80,25,4,SPORT /PE
1881,03/01/2023,68,27,51,25,32,48,77,CSA /AL
1880,31/12/2022,14,22,52,38,64,35,11,BOAVISTA /RJ
1879,29/12/2022,32,54,40,27,68,21,23,GOIAS /GO
1878,27/12/2022,63,60,57,74,54,80,68,CUIABA /MT
1877,24/12/2022,14,36,72,6,13,74,62,SAMP CORREA /MA
1876,22/12/2022,13,40,3,79,10,68,36,BAHIA /BA
1875,20/12/2022,37,47,78,51,39,14,42,JACUIPENSE /BA
1874,17/12/2022,72,47,17,67,9,55,11,VOLTA REDONDA /RJ
1873,15/12/2022,20,65,39,79,14,71,30,FLUMINENSE /RJ
1872,13/12/2022,5,46,19,70,18,56,39,INTERNACIONAL /RS
1871,10/12/2022,46,31,20,5,51,13,55,ATLETICO /MG
1870,08/12/2022,5,1,46,37,51,69,64,SAORAIMUNDO /RR
1869,06/12/2022,33,13,18,76,44,43,72,BRASIL /RS
1868,03/12/2022,6,28,16,62,61,72,11,JUVENTUDE /RS
1867,01/12/2022,9,25,37,2,69,76,15,TREZE /PB
1866,29/11/2022,53,65,59,7,78,50,35,MIRASSOL /SP
1865,26/11/2022,20,35,18,36,22,64,1,BRASILIENSE /DF
1864,24/11/2022,57,7,49,44,53,41,56,VOLTA REDONDA /RJ
1863,22/11/2022,33,54,75,41,30,18,63,SAO PAULO /SP
1862,19/11/2022,31,3,63,44,27,43,20,FLUMINENSE /RJ
1861,17/11/2022,20,49,62,8,77,68,31,CHAPECOENSE /SC
1860,12/11/2022,37,44,36,39,74,62,65,SAO BENTO /SP
1859,10/11/2022,59,55,1,62,21,30,52,LUVERDENSE /MT
1858,08/11/2022,77,15,64,29,50,22,27,VASCO DA GAMA /RJ
1857,05/11/2022,20,4,59,73,21,55,36,BAHIA /BA
1856,03/11/2022,32,44,14,10,72,53,26,CRUZEIRO /MG
1855,01/11/2022,10,64,31,38,20,42,61,FIGUEIRENSE /SC
1854,29/10/2022,6,7,5,24,55,51,41,TREZE /PB
1853,27/10/2022,32,52,74,35,24,20,69,BOTAFOGO /PB
1852,25/10/2022,8,36,16,64,33,17,70,ATLETICO /GO
1851,22/10/2022,8,17,24,40,47,35,56,PALMEIRAS /SP
1850,20/10/2022,10,12,22,73,40,60,61,BAHIA /BA
1849,18/10/2022,73,21,14,69,37,5,22,ITUANO /SP
1848,15/10/2022,19,11,76,35,27,69,29,SAO JOSE /RS
1847,13/10/2022,24,71,34,54,67,61,53,APARECIDENSE /GO
1846,11/10/2022,53,39,16,79,68,33,1,ATLETICO /MG
1845,08/10/2022,48,76,70,46,79,56,33,BRASIL /RS
1844,06/10/2022,41,68,64,23,57,53,32,ITUANO /SP
1843,04/10/2022,18,39,34,54,23,47,41,MANAUS /AM
1842,01/10/2022,6,73,12,47,34,48,41,FLAMENGO /RJ
1841,29/09/2022,74,19,41,60,59,12,77,ITUANO /SP
1840,27/09/2022,27,13,33,14,46,49,60,BOTAFOGO /PB
1839,24/09/2022,80,22,13,39,63,75,72,AMERICA /MG
1838,22/09/2022,17,49,9,27,14,15,75,FLUMINENSE /RJ
1837,20/09/2022,40,44,69,48,27,20,9,AMERICA /MG
1836,17/09/2022,13,45,18,43,11,23,29,CAXIAS /RS
1835,15/09/2022,4,2,9,38,30,65,51,FERROVIARIO /CE
1834,13/09/2022,76,20,51,45,73,6,27,LUVERDENSE /MT
1833,10/09/2022,20,10,60,26,41,42,16,PALMEIRAS /SP
1832,08/09/2022,61,14,44,55,5,56,34,FORTALEZA /CE
1831,06/09/2022,35,24,47,30,45,40,25,AMERICA /MG
1830,03/09/2022,70,73,56,52,14,3,78,NAUTICO /PE
1829,01/09/2022,24,38,73,25,37,29,56,CAMPINENSE /PB
1828,30/08/2022,47,55,31,36,80,8,4,ATLETICO /MG
1827,27/08/2022,27,49,58,30,46,15,41,YPIRANGA /RS
1826,25/08/2022,30,15,32,80,67,26,16,SPORT /PE
1825,23/08/2022,8,37,10,77,55,79,61,FLUMINENSE /RJ
1824,20/08/2022,8,71,35,49,17,28,70,APARECIDENSE /GO
1823,18/08/2022,55,31,4,46,43,23,33,CAMPINENSE /PB
1822,16/08/2022,69,2,14,21,72,32,53,MIRASSOL /SP
1821,13/08/2022,8,33,29,63,68,6,49,ITUANO /SP
1820,11/08/2022,42,49,50,65,12,6,39,FORTALEZA /CE
1819,09/08/2022,41,20,4,42,9,65,13,MOTO CLUB /MA
1818,06/08/2022,2,28,75,13,50,62,49,FLORESTA /CE
1817,04/08/2022,27,25,44,74,30,15,53,VITORIA /BA
1816,02/08/2022,36,23,14,66,69,5,18,ATLETICO /MG
1815,30/07/2022,36,6,44,31,62,26,12,FIGUEIRENSE /SC
1814,28/07/2022,25,69,71,63,44,17,18,CSA /AL
1813,26/07/2022,18,75,34,47,56,4,30,BAHIA /BA
1812,23/07/2022,45,80,14,57,65,59,27,ATLETICO /MG
1811,21/07/2022,44,29,50,71,32,17,22,VILA NOVA /GO
1810,19/07/2022,21,65,37,11,64,27,58,PONTE PRETA /SP
1809,16/07/2022,17,38,6,62,79,14,29,JUVENTUDE /RS
1808,14/07/2022,67,70,34,77,56,59,44,ATHLETICO /PR
1807,12/07/2022,45,28,67,73,44,39,32,SAMP CORREA /MA
1806,09/07/2022,32,77,44,67,40,30,74,MANAUS /AM
1805,07/07/2022,72,12,66,7,55,1,41,NAUTICO /PE
1804,05/07/2022,78,55,64,47,57,56,1,MOTO CLUB /MA
1803,02/07/2022,50,28,41,66,31,7,59,MOTO CLUB /MA
1802,30/06/2022,1,59,51,65,38,54,32,MIRASSOL /SP
1801,28/06/2022,54,46,11,72,60,40,59,FERROVIARIA /SP
1800,25/06/2022,29,48,35,2,10,46,59,BRAGANTINO /SP
1799,23/06/2022,5,79,41,43,24,11,26,VASCO DA GAMA /RJ
1798,21/06/2022,16,66,25,60,71,3,21,JUAZEIRENSE /BA
1797,18/06/2022,1,8,51,18,73,76,63,PONTE PRETA /SP
1796,14/06/2022,9,53,72,65,54,71,70,FERROVIARIA /SP
1795,11/06/2022,54,71,12,10,20,55,3,GREMIO /RS
1794,09/06/2022,57,37,13,66,1,35,14,NOVORIZONTINO /SP
1793,07/06/2022,20,16,25,2,33,71,37,VILA NOVA /GO
1792,04/06/2022,53,62,49,4,51,39,73,NOVORIZONTINO /SP
1791,02/06/2022,34,28,49,58,24,7,3,SAMP CORREA /MA
1790,31/05/2022,30,23,39,8,56,6,45,PARANA /PR
1789,28/05/2022,27,17,64,74,33,57,36,BOTAFOGO /SP
1788,26/05/2022,8,26,41,15,44,6,74,CAXIAS /RS
1787,24/05/2022,26,77,57,60,17,76,9,SANTA CRUZ /PE
1786,21/05/2022,71,25,65,56,28,12,64,NAUTICO /PE
1785,19/05/2022,2,40,78,63,68,6,27,FERROVIARIO /CE
1784,17/05/2022,45,76,5,33,28,69,12,OPERARIO /PR
1783,14/05/2022,40,72,33,59,26,27,61,OPERARIO /PR
1782,12/05/2022,35,59,43,24,61,74,68,CUIABA /MT
1781,10/05/2022,3,6,21,42,15,20,34,VASCO DA GAMA /RJ
1780,07/05/2022,67,18,74,7,43,50,23,SANTOS /SP
1779,30/04/2022,59,55,62,28,16,15,78,PALMAS /TO
1778,28/04/2022,62,4,67,49,70,19,30,BAHIA /BA
1777,26/04/2022,59,31,45,51,69,61,67,AMERICA /RN
1776,23/04/2022,28,63,1,79,16,80,48,FORTALEZA /CE
1775,19/04/2022,39,69,49,22,35,19,68,SAMP CORREA /MA
1774,16/04/2022,42,1,15,79,77,21,6,RIO BRANCO /ES
1773,14/04/2022,80,1,75,33,68,77,16,RB BRAGANTINO /SP
1772,12/04/2022,17,67,51,5,27,79,48,PARANA /PR
1771,09/04/2022,36,27,48,64,16,61,9,JI-PARANA /RO
1770,07/04/2022,58,31,27,46,49,71,68,JUVENTUS /SP
1769,05/04/2022,43,76,66,57,3,36,34,BOTAFOGO /RJ
1768,02/04/2022,54,5,20,9,61,38,52,BANGU /RJ
1767,31/03/2022,70,33,56,38,5,35,40,MOTO CLUBE /MA
1766,29/03/2022,43,32,78,71,52,69,54,ATHLETICO /PR
1765,26/03/2022,66,32,47,64,49,4,23,SAMP CORREA /MA
1764,24/03/2022,62,35,65,58,17,27,12,MARILIA /SP
1763,22/03/2022,26,47,11,38,68,56,61,BOTAFOGO /RJ
1762,19/03/2022,3,17,70,63,46,14,45,ABC /RN
1761,17/03/2022,25,73,58,27,26,30,6,CRB /AL
1760,15/03/2022,71,30,19,33,12,8,70,PAULISTA /SP
1759,12/03/2022,25,69,34,42,29,20,9,BOTAFOGO /PB
1758,10/03/2022,44,9,55,7,59,15,68,CRICIUMA /SC
1757,08/03/2022,48,64,6,4,27,61,77,GOIAS /GO
1756,05/03/2022,21,1,59,48,65,30,3,JUVENTUDE /RS
1755,03/03/2022,40,67,72,65,78,27,47,FORTALEZA /CE
1754,26/02/2022,15,40,2,68,25,48,21,VILLA NOVA /MG
1753,24/02/2022,24,9,55,51,61,14,2,RIO BRANCO /ES
1752,22/02/2022,70,56,48,79,18,33,4,GUARANI /SP
1751,19/02/2022,10,60,2,79,13,63,52,RIVER /PI
1750,17/02/2022,69,79,75,55,72,78,11,CRUZEIRO /MG
1749,15/02/2022,59,29,12,45,1,6,38,LONDRINA /PR
1748,12/02/2022,18,41,26,6,34,78,2,PAULISTA /SP
1747,10/02/2022,70,35,23,12,48,39,13,SANTOS /SP
1746,08/02/2022,30,7,54,11,31,14,36,JI-PARANA /RO
1745,05/02/2022,12,2,1,54,49,26,52,UBERLANDIA /MG
1744,03/02/2022,49,14,12,55,21,78,6,BARUERI /SP
1743,01/02/2022,43,80,34,7,2,8,40,GAMA /DF
1742,29/01/2022,5,64,41,70,20,59,10,GREMIO /RS
1741,27/01/2022,34,67,74,66,4,58,59,SANTO ANDRE /SP
1740,25/01/2022,15,54,48,67,63,37,76,GREMIO /RS
1739,22/01/2022,6,25,40,66,51,78,45,UBERLANDIA /MG
1738,20/01/2022,50,29,43,51,71,66,3,INTER LIMEIRA /SP
1737,18/01/2022,43,35,69,23,31,9,11,RIO BRANCO /AC
1736,15/01/2022,79,16,34,70,15,9,42,SERGIPE /SE
1735,13/01/2022,23,1,28,48,72,6,42,SAO CAETANO /SP
1734,11/01/2022,11,68,26,65,21,61,7,GUARANI /SP
1733,08/01/2022,20,9,12,35,39,73,38,CRUZEIRO /MG
1732,06/01/2022,45,77,52,27,31,25,35,SANTO ANDRE /SP
1731,30/12/2021,49,60,57,37,4,6,72,SERGIPE /SE
1730,28/12/2021,7,58,14,48,78,20,79,JI-PARANA /RO
1729,23/12/2021,14,69,80,42,35,31,23,RIVER /PI
1728,21/12/2021,24,58,74,47,39,45,25,NAUTICO /PE
1727,18/12/2021,40,41,38,33,3,75,70,RIO BRANCO /AC
1726,16/12/2021,71,64,31,19,76,16,53,CRB /AL
1725,14/12/2021,78,1,25,64,61,63,62,JUVENTUS /SP
1724,11/12/2021,79,41,49,27,43,34,76,UNIAO S JOAO /SP
1723,09/12/2021,17,28,36,20,32,34,50,GREMIO /RS
1722,07/12/2021,8,40,64,70,49,60,22,ATHLETICO /PR
1721,04/12/2021,57,15,74,33,30,25,39,SPORT /PE
1720,02/12/2021,22,54,40,32,62,30,9,RORAIMA /RR
1719,30/11/2021,70,2,44,43,61,29,13,BOTAFOGO /RJ
1718,27/11/2021,14,42,51,67,1,29,41,PARANA /PR
1717,25/11/2021,48,9,78,69,18,77,13,FORTALEZA /CE
1716,23/11/2021,19,50,10,1,30,11,80,PORT DESPORT /SP
1715,20/11/2021,9,72,70,16,69,11,51,VITORIA /BA
1714,18/11/2021,38,20,7,47,71,37,22,SANTOS /SP
1713,16/11/2021,29,40,12,25,41,73,8,BARUERI /SP
1712,13/11/2021,23,38,72,80,18,35,56,PAULISTA /SP
1711,11/11/2021,59,21,42,1,49,78,48,SAMP CORREA /MA
1710,09/11/2021,52,62,9,14,34,3,19,AMERICANO /RJ
1709,06/11/2021,28,40,20,53,80,52,6,JUVENTUDE /RS
1708,04/11/2021,67,34,46,70,54,77,68,CORINTHIANS /SP
1707,30/10/2021,4,6,30,14,46,18,47,MOTO CLUBE /MA
1706,28/10/2021,77,49,37,63,42,23,16,CSA /AL
1705,26/10/2021,58,19,12,57,49,65,32,VASCO DA GAMA /RJ
1704,23/10/2021,45,74,75,42,27,11,66,LONDRINA /PR
1703,21/10/2021,44,54,11,9,13,60,53,SAO CAETANO /SP
1702,19/10/2021,23,51,47,14,24,28,21,SPORT /PE
1701,16/10/2021,70,69,48,57,34,58,77,INTER LIMEIRA /SP
1700,14/10/2021,21,16,64,55,61,62,41,MOTO CLUBE /MA
1699,09/10/2021,45,33,18,50,74,49,12,RORAIMA /RR
1698,07/10/2021,51,52,3,40,79,16,10,AMERICA /RJ
1697,05/10/2021,3,32,61,38,36,15,21,INTER LIMEIRA /SP
1696,02/10/2021,75,71,45,2,24,72,30,FLAMENGO /RJ
1695,30/09/2021,34,22,62,1,39,24,54,PORT DESPORT /SP
1694,28/09/2021,18,25,1,41,45,9,7,PORT DESPORT /SP
1693,25/09/2021,10,75,31,22,32,50,11,CORINTHIANS /SP
1692,23/09/2021,52,23,70,43,69,53,36,PAYSANDU /PA
1691,21/09/2021,18,4,26,73,29,68,79,SANTA CRUZ /PE
1690,18/09/2021,42,68,8,49,37,79,61,AMERICA /RN
1689,16/09/2021,9,45,15,30,40,68,32,DESPORTIVA /ES
1688,14/09/2021,36,5,59,79,41,42,49,ITUANO /SP
1687,11/09/2021,75,71,33,42,62,65,73,ABC /RN
1686,09/09/2021,65,40,73,70,64,26,42,VILLA NOVA /MG
1685,04/09/2021,9,34,46,29,30,41,61,AMERICA /MG
1684,02/09/2021,4,61,59,80,58,31,32,BANGU /RJ
1683,31/08/2021,63,25,68,10,61,18,4,MIXTO /MT
1682,28/08/2021,39,76,62,77,25,48,7,RB BRAGANTINO /SP
1681,26/08/2021,7,52,75,57,28,17,20,GAMA /DF
1680,24/08/2021,6,63,44,10,70,18,55,JUVENTUS /SP
1679,21/08/2021,29,23,63,74,4,77,59,RORAIMA /RR
1678,19/08/2021,49,42,71,7,9,38,18,VASCO DA GAMA /RJ
1677,17/08/2021,61,55,52,28,45,18,44,RIO BRANCO /ES
1676,14/08/2021,57,61,39,25,32,60,58,AVAI /SC
1675,12/08/2021,55,14,41,13,18,28,22,CSA /AL
1674,10/08/2021,10,58,15,37,36,68,12,PAULISTA /SP
1673,07/08/2021,76,62,11,70,32,22,78,IPATINGA /MG
1672,05/08/2021,35,75,10,48,7,34,1,TUNA LUSO /PA
1671,03/08/2021,15,33,39,67,44,48,47,GUARANI /SP
1670,31/07/2021,80,62,29,25,20,10,21,PARANA /PR
1669,29/07/2021,79,50,17,63,8,57,54,U BARBARENSE /SP
1668,27/07/2021,57,11,66,65,1,13,15,NAUTICO /PE
1667,24/07/2021,23,44,16,26,6,21,39,BRASILIENSE /DF
1666,22/07/2021,47,19,62,65,42,18,66,BANGU /RJ
1665,20/07/2021,29,80,67,23,39,19,20,RORAIMA /RR
1664,17/07/2021,8,35,32,57,50,76,21,RB BRAGANTINO /SP
1663,15/07/2021,15,51,69,41,6,45,61,GAMA /DF
1662,13/07/2021,5,36,42,9,40,76,24,ATLETICO /GO
1661,10/07/2021,61,51,77,36,24,8,73,CRUZEIRO /MG
1660,08/07/2021,73,77,11,43,66,28,55,JUVENTUS /SP
1659,06/07/2021,59,21,56,66,15,36,27,OPERARIO /MS
1658,03/07/2021,64,61,20,21,72,39,49,MIXTO /MT
1657,01/07/2021,14,13,66,71,6,75,17,JOINVILLE /SC
1656,29/06/2021,32,53,72,55,78,29,41,BRASILIENSE /DF
1655,26/06/2021,31,24,16,28,2,3,6,LONDRINA /PR
1654,24/06/2021,76,42,59,8,1,33,43,INTERNACIONAL /RS
1653,22/06/2021,17,65,39,55,73,5,40,ATLETICO /GO
1652,19/06/2021,24,25,15,31,22,14,47,FLUMINENSE /RJ
1651,17/06/2021,48,38,52,6,49,44,19,FIGUEIRENSE /SC
1650,15/06/2021,54,16,68,50,77,41,76,PONTE PRETA /SP
1649,12/06/2021,11,69,37,66,17,19,21,CORINTHIANS /SP
1648,10/06/2021,38,49,62,14,76,10,18,JOINVILLE /SC
1647,08/06/2021,43,44,71,41,80,29,68,BARUERI /SP
1646,05/06/2021,73,10,37,72,68,64,24,PALMAS /TO
1645,01/06/2021,46,42,66,45,10,77,13,PONTE PRETA /SP
1644,29/05/2021,23,39,44,8,55,49,20,DESPORTIVA /ES
1643,27/05/2021,73,21,38,11,55,39,31,VILA NOVA /GO
1642,25/05/2021,47,14,64,35,45,70,12,SANTA CRUZ /PE
1641,22/05/2021,4,18,70,80,2,55,59,XV PIRACICABA /SP
1640,20/05/2021,22,80,64,77,75,39,40,NACIONAL /AM
1639,18/05/2021,33,37,9,69,79,14,10,JOINVILLE /SC
1638,15/05/2021,47,24,9,33,37,19,78,GOIAS /GO
1637,13/05/2021,77,72,4,63,74,36,54,SERGIPE /SE
1636,11/05/2021,4,30,74,50,37,20,40,ATLETICO /GO
1635,08/05/2021,27,35,62,69,65,8,53,ABC /RN
1634,06/05/2021,28,43,6,25,16,26,59,DESPORTIVA /ES
1633,04/05/2021,44,48,31,57,8,3,70,OPERARIO /MS
1632,29/04/2021,5,20,51,24,8,23,4,VITORIA /BA
1631,27/04/2021,58,24,59,20,5,35,14,FLUMINENSE /RJ
1630,24/04/2021,68,5,27,44,79,48,28,BOTAFOGO /RJ
1629,22/04/2021,3,53,51,13,44,8,32,RB BRAGANTINO /SP
1628,20/04/2021,9,72,52,17,28,47,43,JI-PARANA /RO
1627,17/04/2021,64,79,78,61,1,43,35,PORT DESPORT /SP
1626,15/04/2021,4,41,22,34,45,12,71,IPATINGA /MG
1625,13/04/2021,70,71,69,41,80,44,24,LONDRINA /PR
1624,10/04/2021,38,17,74,28,15,13,41,JOINVILLE /SC
1623,08/04/2021,27,3,22,61,53,55,42,FLUMINENSE /RJ
1622,06/04/2021,33,25,48,15,63,74,38,YPIRANGA /AP
1621,03/04/2021,58,14,5,48,67,63,62,AVAI /SC
1620,01/04/2021,2,13,76,24,67,42,20,JOINVILLE /SC
1619,30/03/2021,78,63,57,10,5,26,52,SANTO ANDRE /SP
1618,27/03/2021,43,46,22,11,35,7,27,CORITIBA /PR
1617,25/03/2021,5,27,22,31,71,54,74,AVAI /SC
1616,23/03/2021,7,41,57,44,65,25,71,PORT DESPORT /SP
1615,20/03/2021,72,80,50,63,7,32,18,AVAI /SC
1614,18/03/2021,73,57,7,65,47,20,78,SANTO ANDRE /SP
1613,16/03/2021,7,11,12,61,53,9,45,CORITIBA /PR
1612,13/03/2021,6,55,56,37,3,77,38,VASCO DA GAMA /RJ
1611,11/03/2021,7,38,20,29,39,17,28,S RAIMUNDO /AM
1610,09/03/2021,41,57,2,73,51,71,3,CRB /AL
1609,06/03/2021,8,63,33,58,20,77,46,S RAIMUNDO /AM
1608,04/03/2021,32,79,33,13,68,36,37,MARILIA /SP
1607,02/03/2021,75,31,14,45,33,70,25,SANTA CRUZ /PE
1606,27/02/2021,48,15,76,62,42,69,49,AMERICA /MG
1605,25/02/2021,76,58,26,27,34,39,64,TREZE /PB
1604,23/02/2021,74,59,39,75,70,57,56,VILLA NOVA /MG
1603,20/02/2021,51,17,45,39,22,37,70,BANGU /RJ
1602,18/02/2021,78,51,15,18,27,49,45,ATLETICO /GO
1601,13/02/2021,45,5,77,14,54,68,21,JI-PARANA /RO
1600,11/02/2021,11,74,21,44,72,34,32,TREZE /PB
1599,09/02/2021,73,34,16,61,23,51,63,INTER LIMEIRA /SP
1598,06/02/2021,61,53,64,65,2,29,46,REMO /PA
1597,04/02/2021,79,19,61,65,46,13,75,REMO /PA
1596,02/02/2021,32,53,10,68,77,63,35,PAULISTA /SP
1595,30/01/2021,26,50,14,80,42,72,5,YPIRANGA /AP
1594,28/01/2021,58,41,45,33,25,29,77,BANGU /RJ
1593,26/01/2021,31,21,68,59,26,16,38,OLARIA /RJ
1592,23/01/2021,21,61,32,49,60,5,55,FIGUEIRENSE /SC
1591,21/01/2021,11,9,8,24,1,21,12,GREMIO /RS
1590,19/01/2021,56,21,19,65,28,2,27,DESPORTIVA /ES
1589,16/01/2021,3,27,17,75,25,15,72,SPORT /PE
1588,14/01/2021,11,3,67,78,23,12,36,VASCO DA GAMA /RJ
1587,12/01/2021,34,17,37,59,22,42,30,VASCO DA GAMA /RJ
1586,09/01/2021,80,29,28,75,35,6,55,SPORT /PE
1585,07/01/2021,22,58,2,44,74,64,34,PORT DESPORT /SP
1584,05/01/2021,67,1,62,22,28,64,78,RORAIMA /RR
1583,31/12/2020,79,4,1,59,71,62,32,JUVENTUDE /RS
1582,29/12/2020,29,54,14,49,23,41,18,VITORIA /BA
1581,26/12/2020,42,6,53,60,7,49,31,ATLETICO /MG
1580,24/12/2020,28,48,34,61,7,55,25,CRUZEIRO /MG
1579,22/12/2020,48,76,15,71,3,34,53,S RAIMUNDO /AM
1578,19/12/2020,3,56,37,59,50,17,73,CSA /AL
1577,17/12/2020,77,38,34,60,46,21,29,MIXTO /MT
1576,15/12/2020,10,13,22,54,73,48,5,PALMAS /TO
1575,12/12/2020,48,2,32,63,9,67,65,BOTAFOGO /PB
1574,10/12/2020,3,17,13,27,59,37,54,ATLETICO /MG
1573,08/12/2020,34,47,18,12,72,57,21,BARUERI /SP
1572,05/12/2020,50,56,72,52,75,64,36,TREZE /PB
1571,03/12/2020,36,43,6,71,39,77,44,AMERICA /MG
1570,01/12/2020,29,4,45,18,27,2,63,PAULISTA /SP
1569,28/11/2020,34,63,10,8,31,17,32,PALMAS /TO
1568,26/11/2020,31,61,78,15,68,40,45,CRUZEIRO /MG
1567,24/11/2020,79,34,32,67,36,29,47,INTER LIMEIRA /SP
1566,21/11/2020,69,74,28,42,68,21,2,PONTE PRETA /SP
1565,19/11/2020,6,31,57,32,9,72,48,AMERICA /RJ
1564,17/11/2020,28,19,43,35,40,75,74,PALMAS /TO
1563,14/11/2020,44,33,17,64,53,6,21,MOTO CLUBE /MA
1562,12/11/2020,73,41,47,32,31,57,66,PAYSANDU /PA
1561,10/11/2020,48,17,11,51,71,20,15,GAMA /DF
1560,07/11/2020,73,40,22,31,41,64,23,IPATINGA /MG
1559,05/11/2020,45,15,24,79,34,63,7,GUARANI /SP
1558,03/11/2020,18,39,21,17,7,40,8,JOINVILLE /SC
1557,31/10/2020,79,52,27,49,19,56,4,AMERICANO /RJ
1556,29/10/2020,13,15,8,19,26,72,7,CSA /AL
1555,27/10/2020,64,2,67,57,7,42,63,AMERICA /RN
1554,24/10/2020,47,50,10,1,14,48,25,VILA NOVA /GO
1553,22/10/2020,39,28,50,13,72,3,73,UNIAO S JOAO /SP
1552,20/10/2020,77,67,26,80,12,48,71,PAYSANDU /PA
1551,17/10/2020,3,41,23,36,9,51,33,RIO BRANCO /AC
1550,15/10/2020,3,60,41,53,70,66,39,JI-PARANA /RO
1549,13/10/2020,59,76,28,30,21,49,54,BOTAFOGO /RJ
1548,10/10/2020,73,50,55,30,28,18,38,TREZE /PB
1547,08/10/2020,41,18,10,21,12,26,3,BANGU /RJ
1546,06/10/2020,19,39,25,16,67,37,3,BOTAFOGO /PB
1545,03/10/2020,76,20,62,72,74,55,36,BAHIA /BA
1544,01/10/2020,10,16,22,3,40,25,24,RIVER /PI
1543,29/09/2020,14,80,26,17,34,38,49,OPERARIO /MS
1542,26/09/2020,37,47,74,7,11,44,66,AMERICA /RJ
1541,24/09/2020,80,72,45,4,21,79,7,CRICIUMA /SC
1540,22/09/2020,76,59,61,15,49,77,55,RIO BRANCO /ES
1539,19/09/2020,78,44,26,8,59,31,23,VASCO DA GAMA /RJ
1538,17/09/2020,39,58,59,5,52,77,23,VASCO DA GAMA /RJ
1537,15/09/2020,30,3,43,52,15,10,80,UBERLANDIA /MG
1536,12/09/2020,32,25,46,70,77,9,8,GOIAS /GO
1535,10/09/2020,38,62,52,4,6,80,20,YPIRANGA /AP
1534,08/09/2020,17,1,78,79,47,75,8,FIGUEIRENSEMA /SC
1533,05/09/2020,34,41,75,60,70,17,1,S RAIMUNDOAMA /AM
1532,03/09/2020,7,72,35,60,20,61,49,MIXTO DA GAMA /MT
1531,01/09/2020,10,23,36,43,12,19,21,VASCO DA GAMA /RJ
1530,29/08/2020,22,29,19,43,71,76,67,RIVER PRETAEO /PI
1529,27/08/2020,39,43,77,69,16,4,2,PONTE PRETAEO /SP
1528,25/08/2020,51,41,39,33,48,34,67,CRICIUMAOZSEO /SC
1527,22/08/2020,53,54,33,7,46,12,48,PAYSANDUOZSEO /PA
1526,20/08/2020,32,39,29,40,6,55,10,ATHLETICOZSEO /PR
1525,18/08/2020,47,48,13,77,69,33,52,CRICIUMAUZSEO /SC
1524,15/08/2020,45,24,22,66,26,17,74,TREZEPERUZSEO /PB
1523,13/08/2020,64,21,75,62,45,53,51,SERGIPERUZSEO /SE
1522,11/08/2020,40,58,46,64,17,69,55,SANTA CRUZSEO /PE
1521,08/08/2020,55,4,62,79,9,46,78,UBERLANDIASEO /MG
1520,06/08/2020,20,14,11,57,54,50,74,RORAIMAASESEO /RR
1519,04/08/2020,10,2,61,47,75,34,18,PALMEIRASESEO /SP
1518,01/08/2020,55,44,79,42,17,63,37,FLUMINENSESEO /RJ
1517,30/07/2020,50,43,51,25,67,73,26,U BARBARENSEO /SP
1516,28/07/2020,56,27,65,16,73,25,71,FIGUEIRENSENO /SC
1515,25/07/2020,21,32,46,73,40,48,34,JUVENTUDESENO /RS
1514,23/07/2020,5,41,21,80,47,75,26,VILA NOVASENO /GO
1513,21/07/2020,12,55,76,75,38,37,50,CEARATUDESENO /CE
1512,18/07/2020,34,28,71,32,58,46,41,JUVENTUDESENO /RS
1511,16/07/2020,68,48,77,47,64,76,23,CEARAIRENSENO /CE
1510,14/07/2020,79,50,32,17,65,53,57,REMOEIRENSENO /PA
1509,11/07/2020,78,50,34,31,16,44,49,FIGUEIRENSENO /SC
1508,09/07/2020,11,16,80,46,64,49,13,PAYSANDUNTINO /PA
1507,07/07/2020,17,26,73,58,66,3,7,RB BRAGANTINO /SP
1506,04/07/2020,37,51,61,31,4,58,46,MARILIANSEAMA /SP
1505,02/07/2020,22,80,25,49,65,79,19,FLUMINENSEAMA /RJ
1504,30/06/2020,3,16,61,39,41,30,47,VASCO DA GAMA /RJ
1503,27/06/2020,30,19,3,27,43,73,10,GREMIODA GAMA /RS
1502,25/06/2020,26,42,12,52,62,27,37,PALMASDA GAMA /TO
1501,23/06/2020,21,62,25,60,51,73,71,VASCO DA GAMA /RJ
1500,20/06/2020,5,44,26,57,1,9,22,BARUERIUJOAOA /SP
1499,18/06/2020,38,66,56,67,33,52,80,AMERICAUJOAOA /RJ
1498,16/06/2020,79,72,23,59,16,41,65,VITORIAUJOAOA /BA
1497,13/06/2020,4,34,69,45,11,22,40,PAYSANDUJOAOA /PA
1496,12/06/2020,25,56,73,27,48,68,9,ABCENTUSJOAOA /RN
1495,09/06/2020,50,52,53,68,60,40,18,JUVENTUSJOAOA /SP
1494,06/06/2020,3,8,11,52,58,59,67,CRICIUMAJOAOA /SC
1493,04/06/2020,9,63,56,64,30,27,42,UNIAO S JOAOA /SP
1492,02/06/2020,13,17,9,73,25,50,20,BRASILIENSEBA /DF
1491,30/05/2020,57,78,29,22,10,75,70,SANTO ANDREBA /SP
1490,28/05/2020,34,66,55,3,65,4,28,RIO BRANCOABA /AC
1489,26/05/2020,11,31,56,18,2,13,16,BAHIACANOEABA /BA
1488,23/05/2020,36,76,41,56,33,13,74,AMERICANOEABA /RJ
1487,21/05/2020,23,73,65,46,66,1,48,FLUMINENSEABA /RJ
1486,19/05/2020,70,26,22,18,58,49,37,CRBZERANACABA /AL
1485,16/05/2020,23,79,30,14,45,74,76,TREZERANACABA /PB
1484,14/05/2020,71,10,73,23,45,47,75,JI-PARANACABA /RO
1483,12/05/2020,28,53,32,2,14,9,37,SERGIPECICABA /SE
1482,09/05/2020,27,34,28,18,67,60,12,XV PIRACICABA /SP
1481,07/05/2020,6,61,79,24,48,20,33,PAYSANDUAESEA /PA
1480,05/05/2020,4,75,11,14,52,65,18,CSATALEZAESEA /AL
1479,02/05/2020,2,72,26,5,22,18,13,FORTALEZAESEA /CE
1478,30/04/2020,66,21,32,33,19,42,45,GUARANINSESEA /SP
1477,28/04/2020,73,57,66,25,12,46,24,PARANAENSESEA /PR
1476,25/04/2020,72,5,75,38,17,51,2,FLUMINENSESEA /RJ
1475,23/04/2020,9,32,66,4,29,50,40,U BARBARENSEA /SP
1474,20/04/2020,30,8,80,53,19,33,31,VILA NOVAORTA /GO
1473,18/04/2020,54,13,8,18,70,37,43,CSA BRANCORTA /AL
1472,16/04/2020,23,21,39,24,10,64,5,RIO BRANCORTA /ES
1471,14/04/2020,22,29,79,23,62,76,80,JOINVILLEORTA /SC
1470,11/04/2020,50,51,77,13,37,14,3,PORT DESPORTA /SP
1469,09/04/2020,21,8,39,14,17,36,46,PALMASALNSEBA /TO
1468,07/04/2020,35,44,72,21,27,80,43,NACIONALNSEBA /AM
1467,04/04/2020,58,50,1,24,29,62,17,BRASILIENSEBA /DF
1466,02/04/2020,79,64,4,73,62,24,37,XV PIRACICABA /SP
1465,31/03/2020,50,54,6,46,31,65,75,RIO BRANCOINO /AC
1464,28/03/2020,32,76,63,22,3,12,64,NACIONALNTINO /AM
1463,26/03/2020,39,22,2,43,5,7,70,RORAIMALNTINO /RR
1462,24/03/2020,54,70,36,58,51,53,59,NACIONALNTINO /AM
1461,21/03/2020,75,16,57,29,55,69,74,RB BRAGANTINO /SP
1460,19/03/2020,11,7,37,77,26,45,80,CSARLANDIASEA /AL
1459,17/03/2020,72,47,69,50,58,80,33,UBERLANDIASEA /MG
1458,14/03/2020,65,43,72,53,70,14,26,RIVERBARENSEA /PI
1457,12/03/2020,19,20,11,23,6,78,27,U BARBARENSEA /SP
1456,10/03/2020,11,25,1,78,36,50,4,UBERLANDIAARA /MG
1455,07/03/2020,52,61,75,46,80,5,62,REMOBRANCOARA /PA
1454,05/03/2020,7,73,16,64,78,35,28,RIO BRANCOARA /ES
1453,03/03/2020,43,18,35,70,47,48,36,CRBSANDUREARA /AL
1452,29/02/2020,78,3,54,16,17,70,14,PAYSANDUREARA /PA
1451,27/02/2020,66,69,62,38,57,13,48,GAMA CORREARA /DF
1450,26/02/2020,60,24,68,57,11,56,20,SAMP CORREARA /MA
1449,22/02/2020,66,6,9,39,1,17,26,RIVERNENSEIRA /PI
1448,20/02/2020,73,7,69,56,74,3,71,FLUMINENSEIRA /RJ
1447,18/02/2020,80,7,14,71,3,62,46,INTER LIMEIRA /SP
1446,15/02/2020,79,76,9,70,18,35,48,OLARIAPRETANO /RJ
1445,13/02/2020,24,26,44,70,17,71,23,PONTE PRETANO /SP
1444,11/02/2020,21,10,61,36,1,59,27,CORITIBANTINO /PR
1443,08/02/2020,25,44,46,64,4,26,59,RB BRAGANTINO /SP
1442,06/02/2020,11,80,61,17,64,22,34,BRASILIENSE /DF
1441,04/02/2020,36,64,20,35,70,41,26,PONTE PRETA /SP
1440,01/02/2020,68,3,29,66,43,71,51,CRBIAMUNDOE /AL
1439,30/01/2020,49,27,60,2,43,30,26,BAHIAMUNDOE /BA
1438,28/01/2020,8,66,18,11,41,34,61,S RAIMUNDOE /AM
1437,25/01/2020,26,80,15,46,17,30,58,DESPORTIVAE /ES
1436,23/01/2020,7,18,13,64,78,12,68,JOINVILLESE /SC
1435,21/01/2020,15,73,8,52,2,22,39,GREMIOGAESE /RS
1434,18/01/2020,69,77,78,33,26,51,50,IPATINGAESE /MG
1433,16/01/2020,78,53,42,35,61,69,8,REMOASUDESE /PA
1432,14/01/2020,50,7,78,26,46,64,48,CEARASUDESE /CE
1431,11/01/2020,44,49,25,59,37,54,24,SANTOSUDESE /SP
1430,09/01/2020,61,43,51,18,80,10,48,SANTOSUDESE /SP
1429,07/01/2020,53,78,77,1,55,68,67,PALMASUDESE /TO
1428,04/01/2020,45,44,17,19,1,50,37,JUVENTUDESE /RS
1427,03/01/2020,15,50,11,71,79,26,47,FIGUEIRENSE /SC
1426,30/12/2019,56,67,35,33,32,42,70,PAYSANDUETA /PA
1425,28/12/2019,27,34,70,21,55,68,65,BAHIAICOETA /BA
1424,26/12/2019,17,2,32,30,37,61,6,AVAIAICOETA /SC
1423,24/12/2019,35,19,56,75,52,15,11,BAHIAICOETA /BA
1422,21/12/2019,30,75,42,12,65,4,58,SPORTICOETA /PE
1421,19/12/2019,72,32,38,17,9,53,45,ATLETICOETA /MG
1420,17/12/2019,8,4,76,2,75,45,65,REMOIAPRETA /PA
1419,14/12/2019,49,63,55,13,54,57,69,OLARIAPRETA /RJ
1418,12/12/2019,76,15,59,70,52,11,30,PONTE PRETA /SP
1417,10/12/2019,46,5,45,8,18,53,42,FORTALEZAZE /CE
1416,07/12/2019,20,40,21,79,9,43,4,SANTA CRUZE /PE
1415,05/12/2019,31,66,45,34,30,78,40,PALMASRENSE /TO
1414,03/12/2019,38,25,27,37,75,51,11,FIGUEIRENSE /SC
1413,30/11/2019,77,45,25,50,67,3,28,GOIASOUSSOA /GO
1412,28/11/2019,43,64,46,19,3,68,38,GOIASOUSSOA /GO
1411,26/11/2019,35,62,55,27,74,64,22,GREMIOUSSOA /RS
1410,23/11/2019,42,38,71,37,39,69,63,JUVENTUSSOA /SP
1409,21/11/2019,16,8,54,51,72,24,79,IPATINGASOA /MG
1408,19/11/2019,46,48,19,12,6,76,52,PALMEIRASOA /SP
1407,16/11/2019,42,9,39,77,51,14,27,AVAIIPEOAOA /SC
1406,14/11/2019,75,49,54,64,80,46,68,REMOIPEOAOA /PA
1405,12/11/2019,73,63,66,65,69,12,22,SERGIPEOAOA /SE
1404,09/11/2019,21,56,58,2,69,28,71,CRUZEIROAOA /MG
1403,07/11/2019,48,25,13,52,57,16,68,FORTALEZAOA /CE
1402,05/11/2019,49,58,55,69,31,62,6,REMOIMUNDOA /PA
1401,31/10/2019,57,28,9,12,77,55,69,S RAIMUNDOA /AM
1400,29/10/2019,76,22,5,35,51,62,2,MARILIARETA /SP
1399,26/10/2019,70,15,52,66,29,39,4,PONTE PRETA /SP
1398,24/10/2019,22,61,76,40,25,66,5,ATHLETICOA /PR
1397,22/10/2019,1,56,29,58,65,2,74,NAUTICODIA /PE
1396,19/10/2019,72,7,68,34,39,61,31,UBERLANDIA /MG
1395,17/10/2019,52,13,1,58,71,55,51,BAHIARANCO /BA
1394,15/10/2019,80,3,46,32,6,59,12,MIXTORANCO /MT
1393,10/10/2019,62,44,48,16,56,31,70,RIO BRANCO /ES
1392,08/10/2019,33,34,45,47,3,63,13,AMERICASE /RN
1391,05/10/2019,39,11,9,61,51,76,72,JUVENTUSE /SP
1390,03/10/2019,77,60,43,52,62,15,65,JUVENTUDE /RS
1389,01/10/2019,21,1,24,79,57,15,23,PAULISTA /SP
1388,28/09/2019,27,42,14,47,59,31,66,TREZE/PB
1387,26/09/2019,65,7,69,34,29,26,28,ATLÉTICO/GO
1386,24/09/2019,79,73,61,1,32,39,9,FLUMINENSE/RJ
1385,21/09/2019,14,51,22,78,41,63,25,NACIONAL/AM
1384,19/09/2019,4,54,27,31,17,56,16,AMÉRICA/RN
1383,17/09/2019,32,37,57,33,46,41,63,U BARBARENSE/SP
1382,14/09/2019,80,49,53,38,43,45,33,CRUZEIRO/MG
1381,12/09/2019,80,12,14,54,30,62,55,UBERLÂNDIA/MG
1380,10/09/2019,19,22,51,65,44,56,40,SANTOS/SP
1379,05/09/2019,15,58,47,49,35,37,46,JOINVILLE/SC
1378,03/09/2019,3,49,70,55,5,15,44,XV PIRACICABA/SP
1377,31/08/2019,32,43,53,59,79,52,8,VILA NOVA/GO
1376,29/08/2019,37,74,35,75,3,4,60,INTER LIMEIRA/SP
1375,27/08/2019,60,55,59,8,15,54,44,ITUANO/SP
1374,24/08/2019,43,62,65,61,6,51,12,VILA NOVA/GO
1373,22/08/2019,5,23,64,53,21,62,59,FORTALEZA/CE
1372,20/08/2019,4,8,50,69,7,77,61,IPATINGA/MG
1371,17/08/2019,78,23,70,40,7,51,45,CSA/AL
1370,15/08/2019,70,40,39,21,30,76,41,VITÓRIA/BA
1369,13/08/2019,3,71,50,8,70,7,63,DESPORTIVA/ES
1368,10/08/2019,71,39,64,78,21,55,50,ATHLÉTICO/PR
1367,08/08/2019,53,38,65,80,73,50,7,ATLÉTICO/GO
1366,06/08/2019,38,64,35,60,73,77,17,CORITIBA/PR
1365,03/08/2019,6,74,55,45,50,13,36,XV PIRACICABA/SP
1364,01/08/2019,1,26,55,32,38,61,27,CORINTHIANS/SP
1363,30/07/2019,56,9,28,32,59,6,35,SANTA CRUZ/PE
1362,27/07/2019,54,49,14,80,38,11,47,CRICIÚMA/SC
1361,25/07/2019,37,35,79,62,43,65,33,BAHIA/BA
1360,23/07/2019,54,66,75,74,18,4,63,SANTA CRUZ/PE
1359,20/07/2019,71,53,69,72,1,43,41,SÃO RAIMUNDO/AM
1358,18/07/2019,61,67,68,38,15,20,66,SÃO CAETANO/SP
1357,16/07/2019,16,11,29,32,67,35,65,GUARANI/SP
1356,13/07/2019,70,8,43,50,49,31,40,RIVER/PI
1355,11/07/2019,4,40,68,61,71,10,21,GOIÁS/GO
1354,09/07/2019,36,1,8,79,30,31,29,SÃO PAULO/SP
1353,06/07/2019,35,20,64,38,34,65,1,TUNA LUSO/PA
1352,04/07/2019,28,6,67,9,60,15,31,CRICIÚMA/SC
1351,02/07/2019,19,14,76,28,64,44,30,DESPORTIVA/ES
1350,29/06/2019,69,26,25,68,50,42,70,GOIÁS/GO
1349,27/06/2019,37,21,20,74,15,14,41,TREZE/PB
1348,25/06/2019,68,1,47,59,69,25,72,JI-PARANÁ / RO
1347,22/06/2019,44,52,70,51,22,38,41,CSA/AL
1346,18/06/2019,2,34,33,38,5,40,44,INTERNACIONAL/RS
1345,15/06/2019,65,35,23,39,12,80,73,VITÓRIA/BA
1344,13/06/2019,66,61,65,22,76,6,33,ITUANO/SP
1343,11/06/2019,7,53,54,64,75,34,73,PAULISTA/SP
1342,08/06/2019,54,65,58,6,20,56,13,AMÉRICA/RN
1341,06/06/2019,28,42,44,50,13,77,16,MOTO CLUBE/MA
1340,04/06/2019,59,65,44,43,73,21,51,PALMEIRAS/SP
1339,01/06/2019,67,8,15,36,41,66,51,VITÓRIA/BA
1338,30/05/2019,55,35,21,54,47,58,59,VITÓRIA/BA
1337,28/05/2019,80,59,49,18,12,56,35,U BARBARENSE/SP
1336,25/05/2019,2,9,16,20,45,47,42,SÃO RAIMUNDO/AM
1335,23/05/2019,2,70,49,64,36,80,28,FLUMINENSE/RJ
1334,21/05/2019,21,20,6,1,50,54,49,CEARÁ/CE
1333,18/05/2019,10,80,71,64,36,76,75,AMÉRICA/MG
1332,16/05/2019,7,71,20,64,80,65,19,AMÉRICA/RJ
1331,14/05/2019,24,43,10,55,20,76,29,SPORT/PE
1330,11/05/2019,50,2,53,39,45,77,66,GOIÁS/GO
1329,09/05/2019,32,50,42,64,69,52,59,ITUANO/SP
1328,08/05/2019,59,67,52,29,11,3,49,VITÓRIA/BA
1327,04/05/2019,45,33,61,57,63,20,62,MOTO CLUBE/MA
1326,02/05/2019,31,16,74,40,22,2,20,AVAÍ/SC
1325,30/04/2019,62,4,5,22,40,63,6,BANGU/RJ
1324,27/04/2019,69,36,76,49,21,42,17,ABC/RN
1323,25/04/2019,64,54,9,62,24,12,21,RIVER/PI
1322,23/04/2019,73,5,12,21,58,51,54,JI-PARANÁ / RO
1321,20/04/2019,7,10,35,65,21,63,62,INTER LIMEIRA/SP
1320,18/04/2019,63,69,66,46,19,39,51,LONDRINA/PR
1319,16/04/2019,5,58,30,79,41,57,9,VILLA NOVA/MG
1318,13/04/2019,13,39,9,77,70,57,66,SÃO RAIMUNDO/AM
1317,11/04/2019,70,64,39,22,29,42,30,TREZE/PB
1316,09/04/2019,7,12,41,30,10,67,70,TUNA LUSO/PA
1315,06/04/2019,13,39,75,1,73,22,24,ATLÉTICO/MG
1314,04/04/2019,69,44,66,56,41,58,2,MARÍLIA/SP
1313,02/04/2019,58,24,16,41,21,54,48,VILLA NOVA/MG
1312,30/03/2019,19,41,8,12,73,56,17,TREZE/PB
1311,28/03/2019,49,76,73,15,14,31,35,MARÍLIA/SP
1310,26/03/2019,25,15,12,64,34,51,23,P. DESPORTOS/SP
1309,23/03/2019,28,21,34,78,72,58,32,IPATINGA/MG
1308,21/03/2019,24,52,46,36,43,77,12,BARUERI/SP
1307,19/03/2019,70,32,26,29,40,17,11,54,U BARBARENSE/SP
1306,16/03/2019,2,20,1,40,46,49,70,AMÉRICA/RJ
1305,14/03/2019,16,52,35,26,60,10,62,XV PIRACICABA/SP
1304,12/03/2019,60,5,27,20,54,11,19,RIO BRANCO/ES
1303,09/03/2019,45,42,28,12,75,47,55,SPORT/PE
1302,07/03/2019,23,33,3,49,39,67,36,CRUZEIRO/MG
1301,02/03/2019,80,46,15,43,73,49,68,SAMPAIO CORRÊA/MA
1300,28/02/2019,3,47,16,12,33,6,14,PAYSANDU/PA
1299,26/02/2019,68,2,45,15,80,20,63,SANTOS/SP
1298,23/02/2019,51,2,52,31,53,36,35,IPATINGA/MG
1297,21/02/2019,16,80,10,62,65,29,79,CRB/AL
1296,19/02/2019,22,50,36,72,26,68,4,CEARÁ/CE
1295,16/02/2019,60,4,80,78,58,74,28,BARUERI/SP
1294,14/02/2019,56,11,60,14,1,33,66,BAHIA/BA
1293,12/02/2019,28,75,27,72,70,17,30,YPIRANGA/AP
1292,09/02/2019,70,6,18,20,79,32,40,VASCO DA GAMA/RJ
1291,07/02/2019,26,9,35,66,77,58,42,BRASILIENSE/DF
1290,05/02/2019,23,75,48,35,74,61,79,AVAÍ/SC
1289,02/02/2019,9,34,8,51,76,57,53,PONTE PRETA/SP
1288,31/01/2019,10,56,32,53,9,52,33,VASCO DA GAMA/RJ
1287,29/01/2019,51,8,42,39,44,18,62,VILLA NOVA/MG
1286,26/01/2019,33,48,2,44,72,27,78,SÃO RAIMUNDO/AM
1285,24/01/2019,10,13,55,31,33,23,26,SAMPAIO CORRÊA/MA
1284,22/01/2019,18,16,61,14,71,79,58,UBERLÂNDIA/MG
1283,19/01/2019,62,50,60,5,15,72,57,PONTE PRETA/SP
1282,17/01/2019,10,57,76,67,32,30,60,FLUMINENSE/RJ
1281,15/01/2019,59,54,8,76,74,58,26,REMO/PA
1280,12/01/2019,52,6,51,1,67,50,48,REMO/PA
1279,10/01/2019,31,65,29,6,5,11,49,RIO BRANCO/ES
1278,08/01/2019,49,2,29,16,31,3,63,RIVER/PI
1277,05/01/2019,48,42,31,67,20,47,29,AMÉRICA/MG
1276,03/01/2019,55,11,13,6,3,45,35,NÁUTICO/PE
1275,29/12/2018,14,4,30,19,46,72,20,CEARÁ/CE
1274,27/12/2018,14,49,58,51,76,63,66,GAMA/DF
1273,22/12/2018,3,67,63,58,48,1,61,FIGUEIRENSE/SC
1272,20/12/2018,33,44,76,41,21,18,28,PALMEIRAS/SP
1271,18/12/2018,68,16,30,37,20,72,66,VITÓRIA/BA
1270,15/12/2018,19,77,27,8,46,33,68,CORINTHIANS/SP
1269,13/12/2018,41,77,18,11,44,49,80,BOTAFOGO/PB
1268,11/12/2018,17,72,43,70,45,65,7,RORAIMA/RR
1267,08/12/2018,74,13,57,26,36,61,60,BOTAFOGO/RJ
1266,06/12/2018,70,14,60,46,34,17,13,BOTAFOGO/RJ
1265,04/12/2018,62,31,68,1,9,60,26,CRICIÚMA/SC
1264,01/12/2018,44,47,63,8,4,57,59,ABC/RN
1263,29/11/2018,71,30,58,31,12,64,52,SERGIPE/SE
1262,27/11/2018,56,59,25,58,13,70,27,PONTE PRETA/SP
1261,24/11/2018,41,76,79,60,19,7,72,SANTOS/SP
1260,22/11/2018,18,73,38,77,34,60,76,SÃO PAULO/SP
1259,20/11/2018,76,25,79,48,71,19,32,CSA/AL
1258,17/11/2018,3,79,6,68,46,14,67,IPATINGA/MG
1257,13/11/2018,55,59,47,21,76,66,38,SÃO RAIMUNDO/AM
1256,10/11/2018,13,9,27,42,43,20,44,PARANÁ/PR
1255,08/11/2018,76,79,16,22,44,41,61,CRICIÚMA/SC
1254,06/11/2018,62,25,71,19,75,2,16,OLARIA/RJ
1253,03/11/2018,43,32,47,16,70,22,35,CORINTHIANS/SP
1252,01/11/2018,68,62,60,27,32,50,61,VILLA NOVA/MG
1251,30/10/2018,6,28,16,50,31,20,77,CRICIÚMA/SC
1250,27/10/2018,32,13,69,67,73,60,21,BAHIA/BA
1249,25/10/2018,62,76,25,33,74,23,63,CORITIBA/PR
1248,23/10/2018,28,21,73,66,22,70,63,VILLA NOVA/MG
1247,20/10/2018,45,65,69,50,27,71,1,YPIRANGA/AP
1246,18/10/2018,63,41,62,72,31,79,21,JOINVILLE/SC
1245,16/10/2018,69,42,30,27,37,66,21,MIXTO/MT
1244,13/10/2018,14,22,75,32,39,40,35,BAHIA/BA
1243,11/10/2018,41,11,44,29,77,47,17,TREZE/PB
1242,09/10/2018,46,65,30,42,16,73,49,PAULISTA/SP
1241,06/10/2018,66,70,23,8,74,61,50,SANTOS/SP
1240,04/10/2018,79,66,48,64,74,75,9,CRICIÚMA/SC
1239,02/10/2018,12,28,63,73,58,80,76,CORINTHIANS/SP
1238,29/09/2018,7,12,50,65,30,18,80,MARÍLIA/SP
1237,27/09/2018,75,56,46,49,79,5,29,JI-PARANÁ / RO
1236,25/09/2018,39,80,69,5,20,34,50,DESPORTIVA/ES
1235,22/09/2018,31,80,52,26,41,24,50,LONDRINA/PR
1234,20/09/2018,60,61,50,1,7,71,67,JUVENTUDE/RS
1233,18/09/2018,4,6,32,58,62,5,17,PORT DESPORT /SP
1232,15/09/2018,26,61,57,60,56,79,62,INTER LIMEIRA/SP
1231,13/09/2018,34,39,15,9,43,38,78,CRB/AL
1230,11/09/2018,27,76,34,64,68,7,21,BOTAFOGO/RJ
1229,08/09/2018,65,55,48,21,45,13,31,ATLÉTICO/GO
1228,06/09/2018,5,80,6,32,9,65,35,AMERICANO/RJ
1227,04/09/2018,41,19,77,9,20,67,58,OPERARIO/MS
1226,01/09/2018,80,19,70,43,6,69,74,NACIONAL/AM
1225,30/08/2018,17,77,14,24,60,31,59,CORITIBA/PR
1224,28/08/2018,18,30,55,72,40,6,45,VITÓRIA/BA
1223,25/08/2018,15,68,48,38,13,69,40,AMÉRICA/MG
1222,23/08/2018,46,37,14,52,42,17,36,RORAIMA/RR
1221,21/08/2018,19,12,70,67,58,47,48,OLARIA/RJ
1220,18/08/2018,73,46,69,56,10,18,35,OLARIA/RJ
1219,16/08/2018,22,38,48,1,34,62,3,PAYSANDU/PA
1218,14/08/2018,39,68,72,60,29,71,42,UBERLÂNDIA/MG
1217,11/08/2018,80,56,4,12,31,69,61,VILA NOVA/GO
1216,09/08/2018,36,50,15,79,22,71,16,FLUMINENSE/RJ
1215,07/08/2018,23,57,67,43,66,37,15,RIVER/PI
1214,04/08/2018,13,68,23,19,33,61,10,PAULISTA/SP
1213,02/08/2018,70,10,75,41,51,20,40,IPATINGA/MG
1212,31/07/2018,13,51,37,26,72,2,73,CRUZEIRO/MG
1211,28/07/2018,36,4,44,16,39,62,1,U BARBARENSE /SP
1210,26/07/2018,7,65,79,31,56,61,12,CRB/AL
1209,24/07/2018,63,18,68,56,29,5,9,DESPORTIVA/ES
1208,21/07/2018,52,35,70,8,79,9,7,AMERICANO/RJ
1207,19/07/2018,53,35,41,4,48,56,43,ATHLÉTICO/PR
1206,17/07/2018,5,13,48,41,69,49,8,PAULISTA/SP
1205,14/07/2018,7,23,54,75,69,70,29,PONTE PRETA/SP
1204,12/07/2018,32,65,39,70,5,29,51,BRASILIENSE/DF
1203,10/07/2018,44,62,24,31,57,11,50,SAMPAIO CORRÊA/MA
1202,07/07/2018,58,69,12,63,75,36,44,SÃO CAETANO/SP
1201,05/07/2018,26,54,24,52,18,33,36,SÃO CAETANO/SP
1200,03/07/2018,74,53,65,77,15,58,62,SÃO PAULO/SP
1199,30/06/2018,34,10,24,29,22,30,36,JUVENTUS/SP
1198,28/06/2018,40,30,51,79,48,18,47,SÃO RAIMUNDO/AM
1197,26/06/2018,9,19,34,29,26,33,58,ATLÉTICO/GO
1196,23/06/2018,70,26,54,53,47,24,19,AMÉRICA/MG
1195,21/06/2018,6,75,9,61,38,56,13,AMERICANO/RJ
1194,19/06/2018,5,28,23,80,60,72,52,CRB/AL
1193,16/06/2018,27,52,66,57,23,54,71,VASCO DA GAMA/RJ
1192,14/06/2018,38,74,31,61,51,32,52,BRASILIENSE/DF
1191,12/06/2018,15,63,69,40,74,14,59,VILLA NOVA/MG
1190,09/06/2018,24,28,25,40,69,49,72,NACIONAL/AM
1189,07/06/2018,35,26,37,69,60,19,51,BRAGANTINO/SP
1188,05/06/2018,25,76,67,41,61,53,78,SÃO CAETANO/SP
1187,02/06/2018,41,5,50,66,52,71,39,OPERARIO/MS
1186,29/05/2018,80,71,77,52,10,79,64,INTERNACIONAL/RS
1185,26/05/2018,51,30,52,58,66,13,21,BARUERI/SP
1184,24/05/2018,72,51,13,65,31,2,28,AMERICANO/RJ
1183,22/05/2018,70,77,17,55,53,10,4,REMO/PA
1182,19/05/2018,21,8,78,19,46,17,76,MIXTO/MT
1181,17/05/2018,44,72,37,48,80,34,8,NÁUTICO/PE
1180,15/05/2018,29,79,45,58,1,73,68,SAMPAIO CORRÊA/MA
1179,12/05/2018,33,57,5,21,60,32,79,CORITIBA/PR
1178,10/05/2018,43,37,38,69,35,15,66,ABC/RN
1177,08/05/2018,14,65,74,30,33,54,7,FLAMENGO/RJ
1176,05/05/2018,61,66,67,12,63,76,71,PALMAS/TO
1175,03/05/2018,50,40,71,11,6,78,38,AMÉRICA/RJ
1174,28/04/2018,58,69,61,27,12,3,21,RIO BRANCO/AC
1173,26/04/2018,75,8,62,2,5,3,4,AMÉRICA/MG
1172,24/04/2018,15,21,3,79,69,16,7,U BARBARENSE /SP
1171,19/04/2018,22,27,12,9,58,43,26,SANTO ANDRÉ/SP
1170,17/04/2018,44,35,48,38,77,51,11,VILLA NOVA/MG
1169,14/04/2018,26,72,67,5,8,36,4,CRUZEIRO/MG
1168,12/04/2018,75,74,67,72,68,54,19,AMÉRICA/MG
1167,10/04/2018,67,37,60,21,9,71,76,RORAIMA/RR
1166,07/04/2018,51,23,35,74,39,50,52,RIO BRANCO/ES
1165,05/04/2018,68,56,22,12,41,27,65,SANTO ANDRE/SP
1164,03/04/2018,25,45,30,62,77,10,74,CRUZEIRO/MG
1163,31/03/2018,72,36,33,43,38,37,6,AMERICANO/RJ
1162,29/03/2018,61,57,20,24,40,19,48,SÃO CAETANO/SP
1161,27/03/2018,1,71,41,50,49,33,55,TREZE/PB
1160,24/03/2018,3,60,66,41,40,72,51,BRAGANTINO/SP
1159,22/03/2018,18,48,67,13,68,37,47,CRB/AL
1158,20/03/2018,50,21,44,58,9,31,22,BARUERI/SP
1157,17/03/2018,46,9,20,18,44,55,35,RIO BRANCO/AC
1156,15/03/2018,15,52,17,76,72,66,68,SPORT/PE
1155,13/03/2018,39,14,25,42,50,61,8,TREZE/PB
1154,10/03/2018,65,56,27,28,73,54,80,RIVER/PI
1153,08/03/2018,80,57,74,48,8,52,21,PALMAS/TO
1152,06/03/2018,16,77,55,33,71,12,52,NÁUTICO/PE
1151,03/03/2018,12,70,10,14,44,29,41,GUARANI/SP
1150,01/03/2018,3,65,21,33,37,19,64,NACIONAL/AM
1149,27/02/2018,24,3,29,47,49,1,15,FLUMINENSE/RJ
1148,24/02/2018,56,68,44,53,10,9,70,XV PIRACICABA/SP
1147,22/02/2018,48,55,8,40,39,26,68,REMO/PA
1146,20/02/2018,63,12,48,6,4,39,26,XV PIRACICABA/SP
1145,17/02/2018,20,24,51,49,47,12,64,SERGIPE/SE
1144,15/02/2018,72,23,19,34,58,48,9,PARANÁ/PR
1143,10/02/2018,66,6,14,56,11,36,68,BOTAFOGO/PB
1142,08/02/2018,70,37,38,69,78,10,30,RORAIMA/RR
1141,06/02/2018,22,27,60,3,74,30,53,INTER LIMEIRA/SP
1140,03/02/2018,23,45,57,68,36,73,19,NACIONAL/AM
1139,01/02/2018,69,54,2,19,72,56,42,PALMAS/TO
1138,30/01/2018,41,21,1,16,39,6,23,MOTO CLUBE/MA
1137,27/01/2018,15,22,52,47,72,24,79,BRAGANTINO/SP
1136,25/01/2018,51,50,4,39,21,16,11,PAULISTA/SP
1135,23/01/2018,45,31,4,61,36,56,28,A B C/RN
1134,20/01/2018,20,48,23,73,74,6,30,VITÓRIA/BA
1133,18/01/2018,28,47,37,29,72,11,3,AMÉRICA/RN
1132,16/01/2018,51,17,75,5,57,52,11,CRB/AL
1131,13/01/2018,49,30,53,7,37,50,20,FORTALEZA/CE
1130,11/01/2018,55,26,6,27,4,36,44,CRICIÚMA/SC
1129,09/01/2018,80,31,73,8,21,29,39,SAMPAIO CORRÊA/MA
1128,06/01/2018,20,27,24,53,80,76,75,BOTAFOGO/RJ
1127,04/01/2018,34,80,5,8,45,29,1,INTER LIMEIRA/SP
1126,30/12/2017,36,63,1,7,75,65,40,CORINTHIANS/SP
1125,28/12/2017,44,61,68,4,21,40,23,MARÍLIA/SP
1124,26/12/2017,9,14,1,41,45,34,72,AMERICANO/RJ
1123,23/12/2017,18,57,75,71,22,12,69,CORINTHIANS/SP
1122,21/12/2017,35,44,3,41,28,32,42,TUNA LUSO/PA
1121,19/12/2017,75,2,56,20,3,66,60,ATLÉTICO/GO
1120,16/12/2017,76,55,4,35,50,73,40,TREZE/PB
1119,14/12/2017,38,52,19,36,10,77,37,XV PIRACICABA/SP
1118,12/12/2017,23,5,55,19,71,57,36,ATLÉTICO/GO
1117,09/12/2017,61,75,7,53,15,73,22,PAYSANDU/PA
1116,07/12/2017,64,66,72,76,38,50,2,UNIÃO SÃO JOÃO/SP
1115,05/12/2017,5,38,46,50,24,9,51,AMÉRICA/RJ
1114,02/12/2017,33,45,31,8,67,73,41,XV PIRACICABA/SP
1113,30/11/2017,10,34,48,72,15,23,71,PALMAS/TO
1112,28/11/2017,26,51,28,5,44,23,69,RORAIMA/RR
1111,25/11/2017,63,31,66,28,71,57,13,AMÉRICA/RJ
1110,23/11/2017,72,78,42,77,24,55,4,SÃO CAETANO/SP
1109,21/11/2017,50,5,32,16,33,40,71,BRASILIENSE/DF
1108,18/11/2017,45,10,11,48,43,76,9,CRB/AL
1107,16/11/2017,76,7,22,4,28,39,31,OPERARIO/MS
1106,14/11/2017,42,38,53,24,29,17,13,CORITIBA/PR
1105,11/11/2017,40,50,35,38,74,57,36,PONTE PRETA/SP
1104,09/11/2017,55,34,58,1,19,56,68,TREZE/PB
1103,07/11/2017,36,47,40,19,60,73,67,RORAIMA/RR
1102,04/11/2017,35,11,29,38,30,71,12,AMERICANO/RJ
1101,31/10/2017,66,41,51,18,5,45,16,RIO BRANCO/AC
1100,28/10/2017,32,66,40,77,4,49,72,AVAÍ/SC
1099,26/10/2017,62,13,36,58,6,29,43,CRB/AL
1098,24/10/2017,19,25,4,1,62,37,45,PALMAS/TO
1097,21/10/2017,36,49,12,64,57,45,30,UNIÃO SÃO JOÃO/SP
1096,19/10/2017,70,24,71,68,12,60,74,PALMEIRAS/SP
1095,17/10/2017,51,5,13,46,67,34,14,SÃO RAIMUNDO/AM
1094,14/10/2017,64,78,40,79,37,41,19,CRICIÚMA/SC
1093,10/10/2017,67,46,1,60,33,44,52,SANTA CRUZ/PE
1092,07/10/2017,40,67,36,37,59,61,54,BRAGANTINO/SP
1091,05/10/2017,10,5,36,26,55,52,15,SAMPAIO CORRÊA/MA
1090,03/10/2017,32,44,10,73,25,54,16,AMERICANO/RJ
1089,30/09/2017,72,44,66,51,55,74,50,VASCO DA GAMA/RJ
1088,28/09/2017,58,5,68,53,63,49,69,CRICIÚMA/SC
1087,26/09/2017,59,44,75,28,66,12,37,AMÉRICA/MG
1086,23/09/2017,35,6,66,19,1,13,15,FIGUEIRENSE/SC
1085,21/09/2017,32,42,25,18,17,63,45,ATHLÉTICO/PR
1084,19/09/2017,30,14,67,48,69,10,16,BAHIA/BA
1083,16/09/2017,39,62,75,40,80,3,47,PAYSANDU/PA
1082,14/09/2017,28,35,19,80,54,49,34,VITÓRIA/BA
1081,12/09/2017,23,70,2,43,22,32,46,LONDRINA/PR
1080,09/09/2017,43,68,38,51,3,27,61,CRUZEIRO/MG
1079,05/09/2017,75,34,61,3,73,46,26,INTERNACIONAL/RS
1078,02/09/2017,51,44,12,74,62,50,35,AVAÍ/SC
1077,31/08/2017,69,52,18,57,15,27,61,NACIONAL/AM
1076,29/08/2017,57,67,50,73,78,4,76,UNIÃO SÃO JOÃO/SP
1075,26/08/2017,73,79,41,11,19,29,1,BOTAFOGO/RJ
1074,24/08/2017,32,79,74,80,72,38,8,SANTO ANDRÉ/SP
1073,22/08/2017,11,34,36,20,5,21,4,GRÊMIO/RS
1072,19/08/2017,71,79,38,3,76,46,34,VILA NOVA/GO
1071,17/08/2017,50,66,20,5,76,23,12,GRÊMIO/RS
1070,15/08/2017,33,72,13,38,20,53,41,OPERARIO/MS
1069,12/08/2017,64,2,37,43,19,72,11,SPORT/PE
1068,10/08/2017,18,28,6,5,38,19,69,UNIÃO SÃO JOÃO/SP
1067,08/08/2017,66,18,69,76,34,55,11,JUVENTUS/SP
1066,05/08/2017,54,21,48,41,16,38,18,AMERICANO/RJ
1065,03/08/2017,50,42,78,59,7,3,49,JUVENTUS/SP
1064,01/08/2017,49,6,25,29,8,16,70,VILLA NOVA/MG
1063,29/07/2017,70,34,74,6,42,44,26,MIXTO/MT
1062,27/07/2017,5,51,25,40,72,67,69,CRB/AL
1061,25/07/2017,2,28,23,13,34,10,44,MARÍLIA/SP
1060,22/07/2017,24,28,66,4,40,41,34,YPIRANGA/AP
1059,20/07/2017,62,25,6,16,44,36,14,VITÓRIA/BA
1058,18/07/2017,17,30,2,3,46,5,26,GRÊMIO/RS
1057,15/07/2017,5,16,33,29,53,9,76,PARANÁ/PR
1056,13/07/2017,45,46,51,29,9,30,73,ABC/RN
1055,11/07/2017,31,35,65,47,43,57,49,YPIRANGA/AP
1054,08/07/2017,27,45,14,69,25,22,20,AMERICANO/RJ
1053,06/07/2017,79,72,46,65,59,13,9,AMÉRICA/RJ
1052,04/07/2017,3,56,10,26,38,1,20,XV PIRACICABA/SP
1051,01/07/2017,78,24,77,22,64,4,66,VASCO DA GAMA/RJ
1050,29/06/2017,33,48,60,28,6,8,70,SANTA CRUZ/PE
1049,27/06/2017,77,7,65,67,47,31,11,SANTOS/SP
1048,24/06/2017,22,59,36,40,4,31,12,NÁUTICO/PE
1047,22/06/2017,32,62,57,15,23,76,6,ITUANO/SP
1046,20/06/2017,11,67,4,45,73,80,57,AMÉRICA/RN
1045,17/06/2017,19,50,74,45,78,49,68,GAMA/DF
1044,13/06/2017,71,23,49,58,2,35,63,VILA NOVA/GO
1043,10/06/2017,56,27,53,79,57,49,17,MOTO CLUBE/MA
1042,08/06/2017,17,37,2,70,71,74,79,SÃO PAULO/SP
1041,06/06/2017,6,67,47,79,69,12,8,RIO BRANCO/ES
1040,03/06/2017,75,64,72,7,5,19,40,RIO BRANCO/ES
1039,01/06/2017,49,37,68,31,62,20,21,REMO/PA
1038,30/05/2017,31,41,36,57,35,69,25,ATLÉTICO/MG
1037,27/05/2017,24,45,76,16,8,50,55,PALMEIRAS/SP
1036,25/05/2017,60,50,5,79,4,49,25,RIO BRANCO/AC
1035,23/05/2017,49,80,29,18,37,58,78,TUNA LUSO/PA
1034,20/05/2017,40,46,9,45,74,35,68,CRUZEIRO/MG
1033,18/05/2017,46,27,73,70,28,26,64,TREZE/PB
1032,16/05/2017,49,77,62,14,79,74,17,INTERNACIONAL/RS
1031,13/05/2017,20,3,34,62,12,49,23,U BARBARENSE /SP
1030,11/05/2017,38,35,26,46,52,8,69,BOTAFOGO/PB
1029,09/05/2017,2,67,66,20,26,41,24,GAMA/DF
1028,06/05/2017,72,5,42,43,1,17,20,VASCO DA GAMA/RJ
1027,04/05/2017,72,51,15,77,11,62,61,CEARÁ/CE
1026,02/05/2017,51,53,17,74,68,77,78,ITUANO/SP
1025,29/04/2017,29,53,1,55,52,34,18,OPERARIO/MS
1024,27/04/2017,38,4,50,70,64,29,14,JUVENTUDE/RS
1023,25/04/2017,79,66,26,53,42,34,77,JUVENTUDE/RS
1022,22/04/2017,48,43,20,37,68,4,52,IPATINGA/MG
1021,20/04/2017,20,40,65,35,56,14,58,TUNA LUSO/PA
1020,18/04/2017,53,58,75,6,72,27,39,BARUERI/SP
1019,15/04/2017,24,2,18,44,13,28,3,SÃO CAETANO/SP
1018,13/04/2017,4,24,61,9,29,45,37,ATLÉTICO/GO
1017,11/04/2017,67,8,47,71,73,15,19,LONDRINA/PR
1016,08/04/2017,38,74,5,13,44,63,46,YPIRANGA/AP
1015,06/04/2017,16,41,3,5,60,75,28,AMERICANO/RJ
1014,04/04/2017,37,18,70,50,31,47,71,ATLÉTICO/MG
1013,01/04/2017,32,31,28,17,2,68,63,MOTO CLUBE/MA
1012,30/03/2017,18,62,79,1,78,27,2,SANTO ANDRE/SP
1011,28/03/2017,50,40,57,30,79,25,15,GOIÁS/GO
1010,25/03/2017,52,23,40,71,53,10,26,P. DESPORTOS/SP
1009,23/03/2017,66,80,38,69,74,68,51,JUVENTUDE/RS
1008,21/03/2017,59,19,65,24,45,7,42,SÃO RAIMUNDO/AM
1007,18/03/2017,49,3,71,75,65,38,35,CORITIBA/PR
1006,16/03/2017,13,79,44,33,72,20,22,JOINVILLE/SC
1005,14/03/2017,38,71,43,74,37,52,32,BOTAFOGO/RJ
1004,11/03/2017,67,51,1,31,22,14,38,RIO BRANCO/ES
1003,09/03/2017,65,39,67,29,73,61,11,BOTAFOGO/PB
1002,07/03/2017,44,34,50,11,39,49,28,INTER LIMEIRA/SP
1001,04/03/2017,19,24,39,71,72,62,74,PALMEIRAS/SP
1000,02/03/2017,43,41,47,11,32,80,22,FLUMINENSE/RJ
999,25/02/2017,80,56,67,50,2,71,74,FLAMENGO/RJ
998,23/02/2017,76,18,26,31,80,55,54,RIVER/PI
997,21/02/2017,56,42,27,29,61,20,70,MARÍLIA/SP
996,18/02/2017,7,38,2,78,41,10,50,RIO BRANCO/ES
995,16/02/2017,27,47,71,80,39,2,29,SANTO ANDRE/SP
994,14/02/2017,65,69,5,66,14,80,20,BRAGANTINO/SP
993,11/02/2017,40,54,74,7,75,52,49,RIO BRANCO/AC
992,09/02/2017,57,47,70,30,22,78,38,PARANÁ/PR
991,07/02/2017,73,7,34,75,71,4,66,U BARBARENSE /SP
990,04/02/2017,30,42,40,10,19,63,5,TUNA LUSO/PA
989,02/02/2017,12,46,72,53,8,51,63,SANTOS/SP
988,31/01/2017,34,65,70,59,56,26,1,DESPORTIVA/ES
987,28/01/2017,26,69,16,37,19,40,73,BAHIA/BA
986,26/01/2017,28,49,1,8,5,30,38,AMÉRICA/RJ
985,24/01/2017,1,49,66,11,10,13,36,RIO BRANCO/AC
984,21/01/2017,11,18,62,19,4,3,40,BOTAFOGO/RJ
983,19/01/2017,59,74,5,75,48,71,38,BARUERI/SP
982,17/01/2017,21,42,20,57,60,6,29,JUVENTUS/SP
981,14/01/2017,54,49,39,23,15,16,5,BARUERI/SP
980,12/01/2017,48,24,64,67,70,3,19,PALMAS/TO
979,10/01/2017,10,33,36,78,59,76,61,BAHIA/BA
978,07/01/2017,64,1,53,21,56,28,60,INTERNACIONAL/RS
977,05/01/2017,52,65,71,57,5,75,59,RIVER/PI
976,03/01/2017,76,42,48,39,3,41,71,ATHLÉTICO/PR
975,31/12/2016,18,14,22,41,13,53,1,BRASILIENSE/DF
974,29/12/2016,50,13,20,56,75,44,35,FLAMENGO/RJ
973,27/12/2016,9,44,5,11,50,27,28,REMO/PA
972,24/12/2016,75,35,43,4,44,17,36,REMO/PA
971,22/12/2016,44,79,65,72,33,51,68,CRB/AL
970,20/12/2016,38,5,55,27,49,4,41,CRUZEIRO/MG
969,17/12/2016,40,52,32,20,13,70,62,JI-PARANÁ / RO
968,15/12/2016,48,16,46,64,62,67,54,MIXTO/MT
967,13/12/2016,58,45,11,36,77,4,17,SPORT/PE
966,10/12/2016,75,46,9,2,14,68,30,CRB/AL
965,08/12/2016,76,51,49,7,64,61,65,PALMAS/TO
964,06/12/2016,57,75,64,26,28,47,12,PALMAS/TO
963,03/12/2016,21,33,67,12,65,37,80,SERGIPE/SE
962,01/12/2016,63,80,7,79,28,41,49,AMÉRICA/RN
961,29/11/2016,66,31,9,42,10,49,48,JI-PARANÁ / RO
960,26/11/2016,67,35,33,72,15,80,54,BOTAFOGO/RJ
959,24/11/2016,21,30,28,55,8,38,5,BRAGANTINO/SP
958,22/11/2016,71,24,74,48,73,37,63,INTER LIMEIRA/SP
957,19/11/2016,13,42,66,18,62,8,56,ATHLÉTICO/PR
956,17/11/2016,29,21,7,3,59,39,6,DESPORTIVA/ES
955,12/11/2016,68,35,17,42,61,41,75,PAYSANDU/PA
954,10/11/2016,56,70,35,60,7,31,46,UNIÃO SÃO JOÃO/SP
953,08/11/2016,74,16,10,48,73,1,65,UBERLÂNDIA/MG
952,05/11/2016,23,62,47,50,63,20,32,TUNA LUSO/PA
951,03/11/2016,12,1,76,53,29,47,62,AMÉRICA/RJ
950,01/11/2016,16,53,4,41,36,27,23,MOTO CLUBE/MA
949,29/10/2016,9,17,15,69,78,43,72,PORT DESPORT /SP
948,27/10/2016,36,21,19,12,3,76,48,CORITIBA/PR
947,25/10/2016,55,35,64,45,48,19,26,AMÉRICA/RN
946,22/10/2016,69,66,37,5,33,12,64,PAULISTA/SP
945,20/10/2016,47,19,48,68,23,18,69,NACIONAL/AM
944,18/10/2016,21,4,27,47,80,35,14,XV PIRACICABA/SP
943,15/10/2016,4,52,38,69,53,27,72,SÃO CAETANO/SP
942,13/10/2016,23,63,57,51,47,8,6,JI-PARANÁ / RO
941,11/10/2016,28,15,40,12,69,7,75,BARUERI/SP
940,08/10/2016,26,42,77,49,30,51,63,ATLÉTICO/GO
939,06/10/2016,8,3,18,7,56,6,36,BRASILIENSE/DF
938,04/10/2016,60,2,11,78,12,50,28,BANGU/RJ
937,01/10/2016,29,27,16,6,44,28,30,JI-PARANÁ / RO
936,29/09/2016,69,56,30,76,78,20,12,SÃO PAULO/SP
935,27/09/2016,7,11,52,40,39,77,12,SANTO ANDRÉ/SP
934,24/09/2016,54,49,22,34,2,62,63,UBERLÂNDIA/MG
933,22/09/2016,57,6,70,43,13,30,79,BANGU/RJ
932,20/09/2016,56,5,9,35,69,24,51,INTER LIMEIRA/SP
931,17/09/2016,28,56,15,17,43,68,69,OLARIA/RJ
930,15/09/2016,57,14,29,20,41,23,67,FORTALEZA/CE
929,13/09/2016,26,55,15,24,60,19,11,CRUZEIRO/MG
928,10/09/2016,1,49,63,50,72,45,6,AVAÍ/SC
927,08/09/2016,28,69,67,71,80,76,79,FLUMINENSE/RJ
926,06/09/2016,62,72,73,2,44,46,29,FORTALEZA/CE
925,03/09/2016,13,2,34,78,55,77,16,VASCO DA GAMA/RJ
924,01/09/2016,12,38,75,63,19,49,6,CRICIÚMA/SC
923,30/08/2016,25,50,70,72,31,45,10,AMÉRICA/RJ
922,27/08/2016,3,2,27,68,74,18,51,BARUERI/SP
921,25/08/2016,68,71,30,69,54,7,66,BANGU/RJ
920,23/08/2016,51,19,34,5,37,47,15,BOTAFOGO/PB
919,20/08/2016,63,30,5,80,56,12,57,UNIÃO SÃO JOÃO/SP
918,18/08/2016,39,52,67,22,58,75,49,GRÊMIO/RS
917,16/08/2016,46,20,55,70,37,28,75,NACIONAL/AM
916,13/08/2016,69,66,3,75,21,78,73,TREZE/PB
915,11/08/2016,68,22,67,25,73,30,14,IPATINGA/MG
914,09/08/2016,65,50,6,7,55,41,51,ATLÉTICO/MG
913,06/08/2016,56,24,15,70,22,59,62,FORTALEZA/CE
912,04/08/2016,74,39,60,11,77,29,4,INTER LIMEIRA/SP
911,02/08/2016,73,6,12,58,19,69,64,ATLÉTICO/GO
910,30/07/2016,42,66,28,57,52,50,15,ATLÉTICO/MG
909,28/07/2016,80,44,1,28,5,25,54,JUVENTUS/SP
908,26/07/2016,45,13,56,77,72,73,35,CRB/AL
907,23/07/2016,25,79,34,42,22,17,65,SÃO PAULO/SP
906,21/07/2016,19,32,30,64,44,67,61,AMÉRICA/MG
905,19/07/2016,61,50,2,63,21,34,79,INTERNACIONAL/RS
904,16/07/2016,9,71,56,21,22,45,61,PONTE PRETA/SP
903,14/07/2016,6,25,45,28,36,66,26,CSA/AL
902,12/07/2016,46,58,17,21,30,9,25,SÃO CAETANO/SP
901,09/07/2016,15,77,72,38,7,80,33,REMO/PA
900,07/07/2016,14,52,2,65,23,33,55,YPIRANGA/AP
899,05/07/2016,28,67,2,3,63,55,15,GUARANI/SP
898,02/07/2016,13,33,22,49,79,21,31,CRUZEIRO/MG
897,30/06/2016,29,55,67,37,21,59,34,RIO BRANCO/ES
896,28/06/2016,79,57,35,62,33,10,69,YPIRANGA/AP
895,25/06/2016,5,51,44,79,62,23,64,XV PIRACICABA/SP
894,23/06/2016,3,79,23,20,10,73,24,BOTAFOGO/RJ
893,21/06/2016,2,51,42,75,43,77,45,IPATINGA/MG
892,18/06/2016,38,22,60,9,14,4,7,FORTALEZA/CE
891,16/06/2016,70,68,33,76,32,73,12,U BARBARENSE /SP
890,14/06/2016,77,47,26,30,71,60,46,AMÉRICA/RN
889,11/06/2016,16,14,51,77,78,15,40,LONDRINA/PR
888,09/06/2016,14,43,45,52,67,47,17,AMÉRICA/RJ
887,07/06/2016,14,16,30,3,39,1,11,SERGIPE/SE
886,04/06/2016,59,42,20,70,2,65,56,AVAÍ/SC
885,02/06/2016,68,73,75,58,64,46,40,VILLA NOVA/MG
884,31/05/2016,71,35,74,28,32,72,73,UNIÃO SÃO JOÃO/SP
883,28/05/2016,60,32,52,51,69,26,68,RIO BRANCO/ES
882,24/05/2016,80,8,17,58,26,72,42,U BARBARENSE /SP
881,21/05/2016,15,61,31,72,20,36,65,FLAMENGO/RJ
880,19/05/2016,58,50,68,80,6,51,31,JOINVILLE/SC
879,17/05/2016,51,13,29,41,47,25,45,CSA/AL
878,14/05/2016,19,59,52,44,16,80,69,ABC/RN
877,12/05/2016,54,44,79,72,59,12,69,MIXTO/MT
876,10/05/2016,72,37,69,3,59,56,36,GOIÁS/GO
875,07/05/2016,34,10,11,66,21,78,38,VASCO DA GAMA/RJ
874,05/05/2016,41,60,43,59,32,16,24,PAULISTA/SP
873,03/05/2016,8,58,3,21,44,14,2,TUNA LUSO/PA
872,30/04/2016,1,38,41,53,28,77,36,REMO/PA
871,28/04/2016,8,75,28,36,31,80,13,CRB/AL
870,26/04/2016,8,3,34,55,41,67,21,PONTE PRETA/SP
869,23/04/2016,14,74,5,30,47,28,7,CORINTHIANS/SP
868,19/04/2016,34,1,26,65,2,74,5,TREZE/PB
867,16/04/2016,17,75,59,3,5,32,46,FLUMINENSE/RJ
866,14/04/2016,12,14,23,61,20,11,48,REMO/PA
865,12/04/2016,24,14,13,63,65,54,29,BOTAFOGO/PB
864,09/04/2016,40,35,61,2,5,55,30,GOIÁS/GO
863,07/04/2016,79,28,34,54,66,25,61,TREZE/PB
862,05/04/2016,58,43,17,10,3,38,25,NACIONAL/AM
861,02/04/2016,38,33,25,77,73,40,17,RIVER/PI
860,31/03/2016,52,5,61,59,1,27,23,FLUMINENSE/RJ
859,29/03/2016,70,25,77,79,13,53,27,RIO BRANCO/ES
858,26/03/2016,64,36,32,15,44,73,79,VITÓRIA/BA
857,24/03/2016,27,12,57,21,50,9,58,JUVENTUS/SP
856,22/03/2016,24,67,55,30,68,10,29,IPATINGA/MG
855,19/03/2016,78,73,56,1,43,7,33,BOTAFOGO/PB
854,17/03/2016,69,66,24,61,2,63,75,MOTO CLUBE/MA
853,15/03/2016,51,45,8,18,14,79,34,VITÓRIA/BA
852,12/03/2016,51,5,77,29,43,25,12,RIO BRANCO/AC
851,10/03/2016,60,8,46,9,12,68,63,BRASILIENSE/DF
850,08/03/2016,68,60,38,65,25,63,44,VILA NOVA/GO
849,05/03/2016,29,27,33,34,49,65,1,BRASILIENSE/DF
848,03/03/2016,15,54,71,34,27,28,69,UBERLÂNDIA/MG
847,01/03/2016,70,27,33,79,46,78,77,JI-PARANÁ / RO
846,27/02/2016,53,21,11,13,32,74,12,JOINVILLE/SC
845,25/02/2016,78,14,69,49,26,22,42,LONDRINA/PR
844,23/02/2016,60,41,66,77,52,21,18,FLUMINENSE/RJ
843,20/02/2016,3,36,6,80,52,4,39,BOTAFOGO/RJ
842,18/02/2016,74,71,3,13,35,11,50,INTERNACIONAL/RS
841,16/02/2016,43,12,57,72,19,49,60,MIXTO/MT
840,13/02/2016,70,38,58,23,50,1,77,SAMPAIO CORRÊA/MA
839,11/02/2016,36,21,65,67,23,22,31,SÃO RAIMUNDO/AM
838,06/02/2016,35,32,34,15,46,37,64,RIVER/PI
837,04/02/2016,35,66,34,4,46,73,52,CORITIBA/PR
836,02/02/2016,4,28,57,13,54,50,64,SÃO RAIMUNDO/AM
835,30/01/2016,25,14,67,74,23,41,10,CORITIBA/PR
834,28/01/2016,23,79,7,18,29,10,68,LONDRINA/PR
833,26/01/2016,54,55,28,18,61,72,14,P. DESPORTOS/SP
832,23/01/2016,37,29,30,39,49,77,19,UNIÃO SÃO JOÃO/SP
831,21/01/2016,25,39,3,38,11,50,71,SÃO PAULO/SP
830,19/01/2016,1,76,25,43,19,63,29,NÁUTICO/PE
829,16/01/2016,41,1,19,72,47,65,56,PALMAS/TO
828,14/01/2016,78,24,53,70,37,28,25,FIGUEIRENSE/SC
827,12/01/2016,61,57,55,21,14,37,2,VILLA NOVA/MG
826,09/01/2016,12,54,52,10,37,11,6,JUVENTUS/SP
825,07/01/2016,6,20,67,10,33,36,63,RIO BRANCO/AC
824,05/01/2016,22,23,31,28,29,53,25,SANTO ANDRE/SP
823,31/12/2015,64,58,6,79,20,31,47,ATHLÉTICO/PR
822,29/12/2015,13,63,31,12,80,11,32,JI-PARANÁ / RO
821,26/12/2015,68,46,72,67,17,70,4,VITÓRIA/BA
820,24/12/2015,57,62,67,73,78,19,32,UNIÃO SÃO JOÃO/SP
819,22/12/2015,20,72,80,60,48,34,65,JI-PARANÁ / RO
818,19/12/2015,26,61,40,15,23,2,67,SPORT/PE
817,17/12/2015,62,56,69,63,67,25,2,SAMPAIO CORRÊA/MA
816,15/12/2015,58,79,49,68,37,44,38,VITÓRIA/BA
815,12/12/2015,35,1,3,13,8,57,26,FLAMENGO/RJ
814,10/12/2015,51,49,76,28,8,75,58,RIO BRANCO/AC
813,08/12/2015,24,79,54,52,36,74,2,FLUMINENSE/RJ
812,05/12/2015,44,50,18,43,65,58,47,IPATINGA/MG
811,03/12/2015,18,23,62,3,27,59,80,SANTOS/SP
810,01/12/2015,8,71,47,80,66,74,28,OLARIA/RJ
809,28/11/2015,61,17,69,37,8,20,7,SÃO CAETANO/SP
808,26/11/2015,9,45,68,37,73,12,65,CORITIBA/PR
807,24/11/2015,19,21,12,20,67,60,30,MARÍLIA/SP
806,21/11/2015,79,67,56,17,20,59,74,JOINVILLE/SC
805,19/11/2015,62,51,39,31,21,57,13,VITÓRIA/BA
804,17/11/2015,11,14,22,1,38,6,49,ATHLÉTICO/PR
803,14/11/2015,3,62,13,25,18,77,52,GAMA/DF
802,13/11/2015,14,47,20,34,32,7,28,RORAIMA/RR
801,10/11/2015,39,58,62,61,76,7,77,RIO BRANCO/ES
800,07/11/2015,24,18,51,45,27,6,64,MOTO CLUBE/MA
799,05/11/2015,63,76,60,77,1,65,24,XV PIRACICABA/SP
798,03/11/2015,3,17,79,78,72,69,9,MOTO CLUBE/MA
797,31/10/2015,63,58,69,34,61,71,6,BOTAFOGO/RJ
796,29/10/2015,53,23,64,75,61,25,6,VILA NOVA/GO
795,27/10/2015,56,16,52,13,17,22,31,CRB/AL
794,24/10/2015,25,31,71,7,65,76,42,SAMPAIO CORRÊA/MA
793,22/10/2015,80,36,27,62,25,12,69,OLARIA/RJ
792,20/10/2015,67,9,37,33,2,14,78,ATLÉTICO/GO
791,17/10/2015,58,44,3,36,64,59,10,CORINTHIANS/SP
790,15/10/2015,4,27,31,50,8,12,2,TUNA LUSO/PA
789,13/10/2015,53,76,37,21,12,13,45,TREZE/PB
788,10/10/2015,51,40,7,31,1,14,50,PALMEIRAS/SP
787,08/10/2015,38,80,53,26,29,14,24,CRICIÚMA/SC
786,06/10/2015,58,74,19,31,79,20,23,CRUZEIRO/MG
785,03/10/2015,51,52,5,6,18,27,79,AVAÍ/SC
784,01/10/2015,8,10,41,22,61,3,36,INTERNACIONAL/RS
783,29/09/2015,56,63,34,32,60,37,46,UNIÃO SÃO JOÃO/SP
782,26/09/2015,10,22,13,35,60,56,39,NÁUTICO/PE
781,24/09/2015,39,76,42,1,27,75,49,ATLÉTICO/GO
780,22/09/2015,40,67,9,54,73,44,25,CEARÁ/CE
779,19/09/2015,6,25,42,78,22,33,68,AMÉRICA/MG
778,17/09/2015,8,23,58,69,3,41,68,FLAMENGO/RJ
777,15/09/2015,67,36,3,55,14,44,46,FIGUEIRENSE/SC
776,12/09/2015,44,74,18,78,27,21,68,ATLÉTICO/MG
775,10/09/2015,6,48,33,31,78,21,64,U BARBARENSE /SP
774,08/09/2015,42,62,61,45,18,15,39,MARÍLIA/SP
773,05/09/2015,70,15,49,68,78,74,37,ABC/RN
772,03/09/2015,72,42,63,77,46,78,8,VILA NOVA/GO
771,01/09/2015,51,58,77,48,39,65,37,SANTO ANDRÉ/SP
770,29/08/2015,17,24,33,67,6,73,72,JUVENTUS/SP
769,27/08/2015,63,20,59,29,56,4,74,IPATINGA/MG
768,25/08/2015,70,80,61,1,5,27,13,TUNA LUSO/PA
767,22/08/2015,61,39,80,59,47,21,27,VILA NOVA/GO
766,20/08/2015,46,44,16,49,55,27,67,UBERLÂNDIA/MG
765,18/08/2015,59,51,44,31,74,57,66,ATLÉTICO/MG
764,15/08/2015,37,28,13,75,6,16,62,SÃO PAULO/SP
763,13/08/2015,8,11,35,39,78,60,5,SÃO RAIMUNDO/AM
762,11/08/2015,36,61,5,42,17,69,77,PALMEIRAS/SP
761,08/08/2015,21,8,10,57,61,30,50,YPIRANGA/AP
760,06/08/2015,7,75,40,66,6,12,33,ATLÉTICO/MG
759,04/08/2015,64,27,6,3,31,74,50,UNIÃO SÃO JOÃO/SP
758,01/08/2015,24,31,46,19,72,16,60,AMÉRICA/RN
757,30/07/2015,56,43,76,59,14,54,71,ATLÉTICO/GO
756,28/07/2015,6,66,61,18,47,45,64,SERGIPE/SE
755,25/07/2015,71,21,69,52,1,66,64,NÁUTICO/PE
754,23/07/2015,37,30,41,19,75,5,8,BAHIA/BA
753,21/07/2015,48,64,75,2,40,46,53,DESPORTIVA/ES
752,18/07/2015,12,42,26,58,66,68,6,INTERNACIONAL/RS
751,16/07/2015,7,70,23,67,10,44,12,OLARIA/RJ
750,14/07/2015,67,33,31,8,26,79,50,RIVER/PI
749,11/07/2015,60,73,9,2,40,58,37,AVAÍ/SC
748,09/07/2015,75,12,3,52,6,66,74,SANTA CRUZ/PE
747,07/07/2015,15,38,44,60,65,48,45,OPERARIO/MS
746,04/07/2015,76,58,40,19,34,30,48,INTERNACIONAL/RS
745,02/07/2015,51,64,3,53,23,70,43,AMÉRICA/RN
744,30/06/2015,36,30,61,4,56,48,17,JUVENTUDE/RS
743,27/06/2015,11,35,61,2,33,9,69,AVAÍ/SC
742,25/06/2015,63,74,11,61,37,15,32,PAULISTA/SP
741,23/06/2015,30,54,73,63,49,36,44,BOTAFOGO/PB
740,20/06/2015,61,73,34,80,44,5,37,BRASILIENSE/DF
739,18/06/2015,40,19,9,50,45,15,17,OPERARIO/MS
738,16/06/2015,56,57,61,67,76,48,8,AMÉRICA/RN
737,13/06/2015,10,28,7,62,3,60,78,FLAMENGO/RJ
736,11/06/2015,58,41,36,27,54,72,73,TREZE/PB
735,09/06/2015,4,74,24,64,73,37,69,TUNA LUSO/PA
734,06/06/2015,12,73,4,70,51,64,16,ATLÉTICO/MG
733,02/06/2015,13,59,43,56,36,11,77,PARANÁ/PR
732,30/05/2015,65,7,54,71,78,64,59,YPIRANGA/AP
731,28/05/2015,74,63,7,69,39,21,40,CRB/AL
730,26/05/2015,69,42,74,16,54,19,10,U BARBARENSE /SP
729,23/05/2015,20,2,78,29,62,43,45,GOIÁS/GO
728,21/05/2015,53,61,50,47,39,60,20,VILLA NOVA/MG
727,19/05/2015,51,12,60,80,70,2,34,JOINVILLE/SC
726,16/05/2015,77,3,68,10,66,9,70,SANTA CRUZ/PE
725,14/05/2015,23,30,62,35,74,16,31,NÁUTICO/PE
724,12/05/2015,55,50,53,39,31,73,22,SPORT/PE
723,09/05/2015,79,6,10,20,31,57,32,GUARANI/SP
722,07/05/2015,33,16,10,72,9,71,34,JI-PARANÁ / RO
721,05/05/2015,53,36,22,8,6,32,68,BANGU/RJ
720,02/05/2015,67,57,73,63,21,22,44,VITÓRIA/BA
719,30/04/2015,18,46,3,47,30,70,41,VILLA NOVA/MG
718,28/04/2015,10,59,71,17,14,67,35,SERGIPE/SE
717,25/04/2015,50,74,20,13,46,16,56,JUVENTUDE/RS
716,23/04/2015,66,10,62,20,25,44,16,PARANÁ/PR
715,18/04/2015,26,41,53,39,47,45,64,VITÓRIA/BA
714,16/04/2015,57,71,34,11,72,31,64,PARANÁ/PR
713,14/04/2015,80,24,27,20,52,60,39,GAMA/DF
712,11/04/2015,56,41,55,50,79,2,62,BOTAFOGO/RJ
711,09/04/2015,3,33,34,39,65,27,45,FLUMINENSE/RJ
710,07/04/2015,65,45,7,11,80,69,12,UBERLÂNDIA/MG
709,04/04/2015,48,72,19,38,26,65,28,SÃO RAIMUNDO/AM
708,02/04/2015,31,9,10,27,77,79,4,SAMPAIO CORRÊA/MA
707,31/03/2015,24,64,58,60,80,75,47,JUVENTUS/SP
706,28/03/2015,48,30,41,44,57,38,73,OLARIA/RJ
705,26/03/2015,32,37,42,34,29,47,46,GUARANI/SP
704,24/03/2015,37,65,7,72,31,3,70,AMERICANO/RJ
703,21/03/2015,54,27,10,34,59,40,39,FLUMINENSE/RJ
702,19/03/2015,52,44,40,25,62,46,60,CRUZEIRO/MG
701,17/03/2015,44,75,36,56,1,6,61,PALMAS/TO
700,14/03/2015,23,25,20,73,60,52,77,RIO BRANCO/AC
699,12/03/2015,54,32,42,78,33,23,47,AMÉRICA/RJ
698,10/03/2015,18,45,6,34,16,27,47,SANTA CRUZ/PE
697,07/03/2015,23,54,30,22,65,57,75,PALMAS/TO
696,05/03/2015,30,21,78,47,38,41,10,AMERICANO/RJ
695,03/03/2015,20,69,36,15,53,3,26,MARÍLIA/SP
694,28/02/2015,61,15,64,62,70,4,57,NACIONAL/AM
693,26/02/2015,40,34,51,17,24,7,59,PONTE PRETA/SP
692,24/02/2015,27,35,13,19,55,66,64,VILLA NOVA/MG
691,21/02/2015,48,73,79,68,64,38,17,SÃO CAETANO/SP
690,19/02/2015,78,4,52,8,66,35,3,SANTO ANDRÉ/SP
689,14/02/2015,43,26,2,76,79,68,30,BRAGANTINO/SP
688,12/02/2015,26,74,37,33,38,64,46,PORT DESPORT /SP
687,10/02/2015,7,8,50,55,58,56,6,INTERNACIONAL/RS
686,07/02/2015,20,58,29,4,35,11,24,RIO BRANCO/ES
685,05/02/2015,15,4,3,67,72,23,33,CRB/AL
684,03/02/2015,24,77,66,74,43,34,5,VITÓRIA/BA
683,31/01/2015,68,77,1,32,12,41,64,CRB/AL
682,29/01/2015,75,19,5,33,46,42,69,GRÊMIO/RS
681,27/01/2015,7,42,11,28,79,21,57,PALMEIRAS/SP
680,24/01/2015,5,79,68,67,4,2,44,RIO BRANCO/AC
679,22/01/2015,7,77,66,44,45,2,18,FLAMENGO/RJ
678,20/01/2015,56,59,40,61,33,50,58,IPATINGA/MG
677,17/01/2015,21,42,1,4,41,16,64,IPATINGA/MG
676,15/01/2015,26,8,30,79,18,62,43,PONTE PRETA/SP
675,13/01/2015,48,25,76,63,61,56,22,ATLÉTICO/GO
674,10/01/2015,22,39,71,3,33,25,30,SÃO PAULO/SP
673,08/01/2015,38,57,27,75,48,36,11,ATLÉTICO/GO
672,06/01/2015,37,71,10,61,42,52,26,MIXTO/MT
671,03/01/2015,43,5,11,55,50,60,61,VILLA NOVA/MG
670,30/12/2014,16,64,57,32,69,9,15,AMÉRICA/MG
669,27/12/2014,34,60,27,32,41,28,11,CSA/AL
668,23/12/2014,66,60,8,51,15,25,69,ATLÉTICO/MG
667,20/12/2014,1,12,18,77,14,16,23,CEARÁ/CE
666,18/12/2014,42,68,74,37,57,32,80,CRICIÚMA/SC
665,16/12/2014,36,26,27,4,42,74,70,MIXTO/MT
664,13/12/2014,57,17,25,14,35,33,13,IPATINGA/MG
663,11/12/2014,5,44,60,27,7,58,77,TUNA LUSO/PA
662,09/12/2014,67,47,12,70,29,7,58,AVAÍ/SC
661,06/12/2014,36,46,21,23,59,38,29,ABC/RN
660,04/12/2014,59,43,8,35,72,47,13,VILA NOVA/GO
659,02/12/2014,39,21,6,34,54,63,45,PALMEIRAS/SP
658,29/11/2014,58,40,19,25,65,20,64,AMÉRICA/RJ
657,27/11/2014,13,25,11,14,2,64,40,CORITIBA/PR
656,25/11/2014,74,2,5,69,45,21,61,VASCO DA GAMA/RJ
655,22/11/2014,78,53,48,23,40,62,65,SÃO PAULO/SP
654,20/11/2014,48,14,12,60,13,69,41,FLAMENGO/RJ
653,18/11/2014,28,5,26,21,58,34,55,ATHLÉTICO/PR
652,13/11/2014,65,9,30,24,49,2,25,GRÊMIO/RS
651,11/11/2014,4,75,49,57,62,58,41,MARÍLIA/SP
650,08/11/2014,14,40,62,20,75,80,23,VILA NOVA/MG
649,06/11/2014,39,29,57,47,35,77,2,GOIÁS/GO
648,04/11/2014,58,71,6,69,46,77,56,SPORT/PE
647,01/11/2014,57,48,67,34,55,30,69,CSA /AL
646,30/10/2014,63,78,5,55,25,50,39,CRICIÚMA/SC
645,28/10/2014,21,2,32,24,14,8,40,PALMEIRAS/SP
644,25/10/2014,61,7,42,26,72,35,14,SANTOS/SP
643,23/10/2014,20,2,43,38,70,64,66,IPATINGA/MG
642,21/10/2014,8,30,64,61,41,7,23,BOTAFOGO/RJ
641,18/10/2014,8,33,15,80,21,38,51,U BARBARENSE /SP
640,16/10/2014,26,66,37,3,31,11,52,VITÓRIA/BA
639,14/10/2014,69,19,15,74,44,37,20,JI-PARANÁ / RO
638,11/10/2014,3,4,69,29,23,14,17,VILLA NOVA/MG
637,09/10/2014,72,13,76,26,43,21,19,OPERARIO/MS
636,07/10/2014,21,73,75,55,16,12,48,SANTOS/SP
635,04/10/2014,72,71,36,7,55,68,13,AMÉRICA/RN
634,02/10/2014,22,26,71,14,38,30,69,SANTA CRUZ/PE
633,30/09/2014,37,77,1,17,30,69,43,IPATINGA/MG
632,27/09/2014,39,40,38,35,17,18,14,BANGU/RJ
631,25/09/2014,65,35,14,21,34,60,19,XV PIRACICABA/SP
630,23/09/2014,49,35,26,62,12,50,15,JUVENTUS/SP
629,20/09/2014,31,52,55,70,57,40,67,BOTAFOGO/RJ
628,18/09/2014,9,67,43,58,39,16,69,AVAÍ/SC
627,16/09/2014,43,32,4,66,75,50,74,BRAGANTINO/SP
626,13/09/2014,56,7,50,29,14,12,44,PALMAS/TO
625,11/09/2014,67,3,43,56,73,50,32,MIXTO/MT
624,09/09/2014,45,27,60,3,73,76,35,GRÊMIO/RS
623,06/09/2014,76,74,77,68,78,42,62,TUNA LUSO/PA
622,04/09/2014,27,50,6,55,66,51,52,CORINTHIANS/SP
621,02/09/2014,48,44,72,57,63,29,15,RORAIMA/RR
620,30/08/2014,7,47,30,71,72,35,77,PALMAS/TO
619,28/08/2014,42,30,6,70,15,34,66,DESPORTIVA/ES
618,26/08/2014,71,23,54,31,11,33,25,GOIAS /GO
617,23/08/2014,63,12,19,23,47,18,20,FIGUEIRENSE /SC
616,21/08/2014,62,10,15,51,52,53,25,PALMAS/TO
615,19/08/2014,67,50,78,77,43,35,20,JI-PARANÁ / RO
614,16/08/2014,40,2,51,67,34,53,56,RIO BRANCO/AC
613,14/08/2014,1,68,51,18,54,29,5,BANGU/RJ
612,12/08/2014,10,60,71,28,29,70,7,PARANÁ/PR
611,09/08/2014,44,60,77,38,39,29,13,YPIRANGA/AP
610,07/08/2014,53,67,64,18,71,37,34,SERGIPE/SE
609,05/08/2014,12,4,31,73,2,60,5,PARANÁ/PR
608,02/08/2014,72,75,74,40,71,25,53,CRB/AL
607,31/07/2014,24,40,20,6,57,14,33,PARANÁ/PR
606,29/07/2014,66,70,16,69,47,39,43,SERGIPE/SE
605,26/07/2014,33,71,78,42,72,62,49,ATHLÉTICO/PR
604,24/07/2014,29,35,2,58,68,52,74,XV PIRACICABA/SP
603,22/07/2014,3,37,59,78,57,46,63,SÃO CAETANO/SP
602,19/07/2014,4,16,69,74,60,14,25,FLUMINENSE/RJ
601,17/07/2014,18,62,55,77,15,67,56,CRB/AL
600,15/07/2014,57,13,42,44,27,19,29,YPIRANGA/AP
599,12/07/2014,50,2,47,39,13,25,68,BOTAFOGO/RJ
598,10/07/2014,46,12,29,71,1,20,2,MOTO CLUBE/MA
597,08/07/2014,39,13,32,40,46,54,65,INTER LIMEIRA/SP
596,05/07/2014,14,19,55,20,76,79,28,SANTO ANDRÉ/SP
595,03/07/2014,1,54,41,3,10,51,52,SAMPAIO CORRÊA/MA
594,01/07/2014,74,46,23,1,10,45,68,PAYSANDU/PA
593,28/06/2014,52,1,58,34,69,25,64,NACIONAL/AM
592,26/06/2014,42,76,55,30,67,7,34,OLARIA/RJ
591,24/06/2014,48,11,19,21,23,66,38,INTER LIMEIRA/SP
590,21/06/2014,16,76,20,22,21,78,77,JUVENTUDE/RS
589,17/06/2014,35,3,75,50,69,32,43,CEARÁ/CE
588,14/06/2014,52,36,34,39,63,73,80,MOTO CLUBE/MA
587,12/06/2014,30,80,50,61,19,21,26,DESPORTIVA/ES
586,10/06/2014,78,11,51,54,52,80,33,MIXTO/MT
585,07/06/2014,70,28,36,57,54,50,56,SÃO PAULO/SP
584,05/06/2014,75,54,23,4,71,5,31,PALMEIRAS/SP
583,03/06/2014,35,18,11,29,49,48,32,RIO BRANCO/AC
582,31/05/2014,21,50,57,77,70,58,28,SANTO ANDRÉ/SP
581,29/05/2014,64,24,57,58,5,25,56,PAYSANDU/PA
580,27/05/2014,66,60,39,4,42,8,2,REMO/PA
579,24/05/2014,42,30,3,69,54,7,26,GAMA/DF
578,22/05/2014,36,5,23,6,12,33,63,BAHIA/BA
577,20/05/2014,21,61,54,10,62,80,72,RORAIMA/RR
576,17/05/2014,71,69,68,13,14,20,43,CORINTHIANS/SP
575,15/05/2014,14,47,21,40,43,22,6,BARUERI/SP
574,13/05/2014,59,65,43,12,33,52,61,ITUANO/SP
573,10/05/2014,25,12,2,42,76,37,49,BOTAFOGO/RJ
572,08/05/2014,33,17,74,23,28,5,22,ITUANO/SP
571,06/05/2014,7,54,43,18,53,10,37,JOINVILLE/SC
570,03/05/2014,8,21,80,69,61,63,36,NACIONAL/AM
569,29/04/2014,52,1,47,66,74,13,64,AMÉRICA/RJ
568,26/04/2014,22,25,75,68,6,66,45,YPIRANGA/AP
567,24/04/2014,40,1,25,57,39,5,77,JOINVILLE/SC
566,22/04/2014,40,29,8,49,23,20,7,U BARBARENSE /SP
565,19/04/2014,31,15,46,26,18,73,24,INTER LIMEIRA/SP
564,17/04/2014,2,62,40,19,18,10,69,TUNA LUSO/PA
563,15/04/2014,36,8,50,69,70,14,12,IPATINGA/MG
562,12/04/2014,7,49,29,31,76,74,23,VILLA NOVA/MG
561,10/04/2014,31,58,10,53,27,57,28,TUNA LUSO/PA
560,08/04/2014,75,39,23,56,15,76,45,CEARÁ/CE
559,05/04/2014,19,10,51,9,60,32,13,FLUMINENSE/RJ
558,03/04/2014,45,65,67,31,72,68,27,PALMEIRAS/SP
557,01/04/2014,37,40,8,72,65,22,60,SÃO RAIMUNDO/AM
556,29/03/2014,65,10,30,25,21,57,55,MARÍLIA/SP
555,27/03/2014,35,77,72,39,68,14,43,PAULISTA/SP
554,25/03/2014,53,79,67,66,49,74,28,ATLÉTICO/MG
553,22/03/2014,79,23,29,33,65,31,74,INTER LIMEIRA/SP
552,20/03/2014,49,17,66,62,4,22,44,GAMA/DF
551,18/03/2014,19,73,45,63,2,27,40,OLARIA/RJ
550,15/03/2014,42,80,46,26,59,63,45,VITÓRIA/BA
549,13/03/2014,35,22,42,75,21,1,66,NACIONAL/AM
548,11/03/2014,56,59,69,18,75,4,29,SÃO CAETANO/SP
547,08/03/2014,45,62,21,71,33,75,20,MIXTO/MT
546,06/03/2014,72,31,17,49,15,44,39,UBERLÂNDIA/MG
545,01/03/2014,31,39,49,70,28,66,17,SANTOS/SP
544,27/02/2014,23,48,33,46,7,26,75,YPIRANGA/AP
543,25/02/2014,5,34,8,39,20,47,37,LONDRINA/PR
542,22/02/2014,46,4,19,63,2,57,36,AMERICANO/RJ
541,20/02/2014,73,77,76,10,67,60,45,PALMAS/TO
540,18/02/2014,10,67,6,62,54,72,66,RORAIMA/RR
539,15/02/2014,5,64,33,14,49,73,41,XV PIRACICABA/SP
538,13/02/2014,42,32,56,35,7,75,57,FIGUEIRENSE/SC
537,11/02/2014,66,28,79,53,44,17,35,SPORT/PE
536,08/02/2014,28,33,61,77,2,65,47,SANTO ANDRÉ/SP
535,06/02/2014,75,59,47,7,15,20,34,AVAÍ/SC
534,04/02/2014,61,32,4,27,1,70,22,CRICIÚMA/SC
533,01/02/2014,36,10,56,4,35,54,55,ITUANO/SP
532,30/01/2014,70,42,19,32,30,63,18,PAULISTA/SP
531,28/01/2014,61,54,66,50,72,23,74,GAMA/DF
530,25/01/2014,58,45,33,21,70,10,49,OLARIA/RJ
529,23/01/2014,22,53,78,36,50,60,40,IPATINGA/MG
528,21/01/2014,42,50,67,44,77,26,31,FLAMENGO/RJ
527,18/01/2014,12,80,35,13,46,20,70,PORT DESPORT /SP
526,16/01/2014,80,18,11,47,63,1,17,FIGUEIRENSE/SC
525,14/01/2014,66,42,37,61,8,45,13,PONTE PRETA/SP
524,11/01/2014,38,58,26,12,80,15,77,SÃO RAIMUNDO/AM
523,09/01/2014,78,36,56,67,24,72,4,JUVENTUDE/RS
522,07/01/2014,50,65,23,39,61,72,59,XV PIRACICABA/SP
521,04/01/2014,48,20,17,10,6,42,53,AVAÍ/SC
520,02/01/2014,80,27,67,31,59,25,32,PALMAS/TO
519,31/12/2013,48,77,52,57,73,76,61,MOTO CLUBE/MA
518,28/12/2013,1,56,75,47,44,13,59,ATLÉTICO/GO
517,26/12/2013,8,32,42,57,22,36,15,CRICIÚMA/SC
516,24/12/2013,58,80,30,21,59,1,71,XV PIRACICABA/SP
515,21/12/2013,78,9,70,21,26,17,79,ABC/RN
514,19/12/2013,29,73,41,44,26,71,68,GOIÁS/GO
513,17/12/2013,41,35,26,43,69,5,8,BAHIA/BA
512,14/12/2013,59,4,63,11,7,19,39,INTER LIMEIRA/SP
511,12/12/2013,43,79,63,13,66,3,31,FORTALEZA/CE
510,10/12/2013,7,69,52,44,80,10,79,XV PIRACICABA/SP
509,07/12/2013,45,23,28,72,6,29,53,CORINTHIANS/SP
508,05/12/2013,35,80,28,33,47,25,51,PAULISTA/SP
507,03/12/2013,61,8,65,21,28,32,58,U BARBARENSE /SP
506,30/11/2013,14,21,42,50,39,41,48,LONDRINA/PR
505,28/11/2013,40,55,7,8,75,39,76,PAYSANDU/PA
504,26/11/2013,33,74,41,79,44,34,65,NACIONAL/AM
503,23/11/2013,1,2,33,38,47,23,51,GRÊMIO/RS
502,21/11/2013,33,14,38,70,66,79,57,AMERICANO/RJ
501,19/11/2013,49,33,28,61,12,30,16,SANTOS/SP
500,16/11/2013,57,9,65,11,44,78,75,ATLÉTICO/GO
499,14/11/2013,66,42,67,11,13,50,28,UBERLÂNDIA/MG
498,12/11/2013,17,56,53,80,37,35,48,MIXTO/MT
497,09/11/2013,20,49,79,31,42,6,34,AMÉRICA/RN
496,07/11/2013,20,44,75,70,34,69,43,JUVENTUS/SP
495,05/11/2013,19,50,61,6,62,3,46,FORTALEZA/CE
494,31/10/2013,56,6,22,74,40,33,49,VITÓRIA/BA
493,29/10/2013,1,51,77,42,16,46,60,CORINTHIANS/SP
492,26/10/2013,2,57,20,30,21,76,65,PAULISTA/SP
491,24/10/2013,80,13,48,55,4,60,62,YPIRANGA/AP
490,22/10/2013,77,13,28,79,17,46,45,VASCO DA GAMA/RJ
489,19/10/2013,69,77,2,49,4,66,7,VILA NOVA/GO
488,17/10/2013,36,37,34,15,57,60,30,DESPORTIVA/ES
487,15/10/2013,55,57,42,48,5,78,52,SANTA CRUZ/PE
486,10/10/2013,27,51,56,42,39,61,77,VITÓRIA/BA
485,08/10/2013,19,48,28,24,4,5,30,FORTALEZA/CE
484,05/10/2013,47,28,71,4,39,29,33,GRÊMIO/RS
483,03/10/2013,26,31,12,55,71,79,36,GRÊMIO/RS
482,01/10/2013,16,55,35,80,21,15,33,RIO BRANCO/ES
481,28/09/2013,25,78,6,76,3,37,26,VILLA NOVA/MG
480,26/09/2013,68,10,35,12,38,60,28,SANTOS/SP
479,24/09/2013,29,65,26,44,31,80,72,BRASILIENSE/DF
478,21/09/2013,69,11,27,47,63,43,38,RIO BRANCO/ES
477,19/09/2013,71,14,55,68,41,28,12,VITÓRIA/BA
476,17/09/2013,29,73,45,58,13,43,48,SÃO PAULO/SP
475,14/09/2013,76,36,63,64,28,65,68,RIO BRANCO/AC
474,12/09/2013,38,25,63,48,62,5,57,PAULISTA/SP
473,10/09/2013,32,73,65,55,63,70,71,BARUERI/SP
472,05/09/2013,63,18,12,7,20,11,28,VILA NOVA/GO
471,03/09/2013,66,56,43,71,18,20,65,PORT DESPORT /SP
470,31/08/2013,75,22,64,48,38,37,56,BOTAFOGO/PB
469,29/08/2013,59,36,18,49,25,65,77,NÁUTICO/PE
468,27/08/2013,79,14,56,11,33,24,16,DESPORTIVA/ES
467,24/08/2013,40,42,1,34,19,53,80,RIVER/PI
466,22/08/2013,66,50,11,31,64,43,72,RORAIMA/RR
465,20/08/2013,62,23,71,12,79,39,47,BOTAFOGO/PB
464,17/08/2013,76,16,37,2,12,60,45,OPERARIO/MS
463,15/08/2013,48,66,68,5,55,63,4,TUNA LUSO/PA
462,13/08/2013,57,39,28,12,11,70,71,CSA/AL
461,10/08/2013,4,24,11,67,3,22,76,BRAGANTINO/SP
460,08/08/2013,18,39,46,29,52,60,9,BAHIA/BA
459,06/08/2013,41,10,44,8,2,50,14,UBERLÂNDIA/MG
458,03/08/2013,66,12,77,64,31,30,25,ATLÉTICO/GO
457,01/08/2013,25,46,40,68,2,9,72,MOTO CLUBE/MA
456,30/07/2013,43,17,11,73,72,24,36,JOINVILLE/SC
455,27/07/2013,70,21,60,18,23,78,76,AMÉRICA/MG
454,25/07/2013,58,68,69,10,42,61,2,SAMPAIO CORRÊA/MA
453,23/07/2013,57,32,46,1,66,5,79,AMERICANO/RJ
452,20/07/2013,37,67,38,79,74,40,70,MOTO CLUBE/MA
451,18/07/2013,44,20,78,22,48,29,36,FORTALEZA/CE
450,16/07/2013,76,27,9,15,24,6,44,ATHLÉTICO/PR
449,13/07/2013,10,69,53,38,64,36,24,VILA NOVA/GO
448,11/07/2013,80,63,32,21,16,42,1,MOTO CLUBE/MA
447,09/07/2013,51,49,23,10,29,70,25,FLUMINENSE/RJ
446,06/07/2013,57,77,43,29,35,15,65,JUVENTUDE/RS
445,04/07/2013,46,9,64,76,17,38,28,BARUERI/SP
444,02/07/2013,3,79,35,46,11,56,72,ITUANO/SP
443,29/06/2013,79,71,73,13,8,51,53,CRICIÚMA/SC
442,27/06/2013,53,1,39,43,15,50,66,BRASILIENSE/DF
441,25/06/2013,23,13,38,60,19,63,20,SÃO CAETANO/SP
440,22/06/2013,56,39,58,72,27,54,12,INTERNACIONAL/RS
439,20/06/2013,69,36,1,6,62,70,46,RORAIMA/RR
438,18/06/2013,42,20,74,29,52,17,36,ATHLÉTICO/PR
437,15/06/2013,37,30,78,60,45,15,57,CORINTHIANS/SP
436,13/06/2013,23,16,9,6,24,10,1,ATLÉTICO/GO
435,11/06/2013,22,53,36,58,57,34,15,JUVENTUS/SP
434,08/06/2013,27,21,47,10,25,60,80,VITÓRIA/BA
433,06/06/2013,79,36,1,43,72,4,17,MOTO CLUBE/MA
432,04/06/2013,64,70,21,28,31,58,11,SANTOS/SP
431,01/06/2013,28,2,44,46,48,72,1,BARUERI/SP
430,28/05/2013,79,54,11,21,32,28,78,SÃO PAULO/SP
429,25/05/2013,40,61,6,47,38,75,5,BANGU/RJ
428,23/05/2013,48,74,25,39,6,14,13,GRÊMIO/RS
427,21/05/2013,13,16,74,63,67,31,45,RIO BRANCO/ES
426,18/05/2013,43,45,28,75,20,6,32,ATHLÉTICO/PR
425,16/05/2013,6,19,54,68,24,7,2,CRUZEIRO/MG
424,14/05/2013,16,70,13,29,78,44,80,IPATINGA/MG
423,11/05/2013,77,4,45,35,72,71,46,NÁUTICO/PE
422,09/05/2013,4,52,6,39,8,31,43,SPORT/PE
421,07/05/2013,17,12,65,79,40,1,42,ATLÉTICO/GO
420,04/05/2013,37,23,67,56,66,45,32,LONDRINA/PR
419,02/05/2013,44,16,2,70,3,24,5,SAMPAIO CORRÊA/MA
418,30/04/2013,39,31,60,44,6,25,32,NÁUTICO/PE
417,27/04/2013,43,22,41,16,44,36,28,CORITIBA/PR
416,25/04/2013,49,16,56,69,2,38,27,REMO/PA
415,23/04/2013,12,45,55,35,54,1,41,JUVENTUDE/RS
414,20/04/2013,20,40,44,79,36,13,60,FIGUEIRENSE/SC
413,18/04/2013,76,64,66,31,61,33,67,ITUANO/SP
412,16/04/2013,23,39,10,44,70,62,29,RORAIMA/RR
411,13/04/2013,54,2,15,79,49,21,67,ATLÉTICO/GO
410,11/04/2013,6,33,18,32,10,37,58,ATHLÉTICO/PR
409,09/04/2013,75,5,73,34,56,64,41,BAHIA/BA
408,06/04/2013,75,46,15,27,9,31,63,INTERNACIONAL/RS
407,03/04/2013,51,6,63,77,47,75,73,PALMAS/TO
406,30/03/2013,70,32,30,33,55,4,65,CRB/AL
405,27/03/2013,12,28,22,13,53,66,78,REMO/PA
404,23/03/2013,50,32,7,26,62,21,16,RIVER/PI
403,20/03/2013,67,14,8,46,64,32,51,ATHLÉTICO/PR
402,16/03/2013,55,38,53,40,77,79,73,AVAÍ/SC
401,13/03/2013,65,41,16,32,77,24,19,VASCO DA GAMA/RJ
400,09/03/2013,65,80,68,45,42,11,69,SERGIPE/SE
399,06/03/2013,14,19,42,1,24,29,20,SÃO PAULO/SP
398,02/03/2013,47,57,73,16,74,80,65,PARANÁ/PR
397,27/02/2013,34,20,1,45,71,72,57,SERGIPE/SE
396,23/02/2013,23,3,28,49,48,31,63,TUNA LUSO/PA
395,20/02/2013,20,49,58,40,47,30,36,REMO/PA
394,16/02/2013,59,74,20,34,17,72,45,AMÉRICA/RJ
393,13/02/2013,31,51,59,10,70,39,33,BANGU/RJ
392,09/02/2013,75,20,58,55,64,2,65,GAMA/DF
391,06/02/2013,53,48,80,78,54,7,37,SÃO PAULO/SP
390,02/02/2013,22,21,44,67,32,45,46,VILA NOVA/GO
389,30/01/2013,43,41,36,23,1,42,34,NÁUTICO/PE
388,26/01/2013,58,6,70,54,63,27,61,BRAGANTINO/SP
387,23/01/2013,63,66,76,29,6,48,8,AMÉRICA/MG
386,19/01/2013,67,72,35,3,32,52,79,AMÉRICA/RN
385,16/01/2013,9,23,64,34,24,44,7,TUNA LUSO/PA
384,12/01/2013,42,63,24,7,28,65,8,BRAGANTINO/SP
383,09/01/2013,56,30,41,59,79,35,52,SANTOS/SP
382,05/01/2013,17,7,10,61,4,35,22,MIXTO/MT
381,02/01/2013,25,24,7,54,20,48,21,OLARIA/RJ
380,29/12/2012,38,51,35,39,16,41,24,SANTOS/SP
379,26/12/2012,62,31,4,73,20,60,11,FIGUEIRENSE/SC
378,22/12/2012,73,16,44,57,49,10,8,FLAMENGO/RJ
377,19/12/2012,56,11,69,79,43,4,39,REMO/PA
376,15/12/2012,52,74,11,16,53,23,20,TUNA LUSO/PA
375,12/12/2012,12,19,29,15,65,51,9,TREZE/PB
374,08/12/2012,20,71,26,25,32,23,47,CEARÁ/CE
373,05/12/2012,47,53,48,22,66,80,15,PONTE PRETA/SP
372,01/12/2012,53,62,15,25,80,76,77,SÃO PAULO/SP
371,28/11/2012,11,44,55,20,57,43,37,SÃO RAIMUNDO/AM
370,24/11/2012,49,78,52,11,48,12,63,UBERLÂNDIA/MG
369,21/11/2012,8,2,24,4,50,33,65,SAMPAIO CORRÊA/MA
368,17/11/2012,18,32,58,59,2,17,71,AMÉRICA/RJ
367,14/11/2012,53,66,68,20,4,3,63,AMÉRICA/MG
366,10/11/2012,75,12,11,52,13,65,51,ITUANO/SP
365,07/11/2012,61,20,73,33,58,49,9,ATHLÉTICO/PR
364,03/11/2012,8,78,60,62,47,1,19,ATLÉTICO/MG
363,31/10/2012,37,70,7,49,63,66,44,TREZE/PB
362,27/10/2012,33,38,64,61,55,6,37,NACIONAL/AM
361,24/10/2012,24,50,16,29,79,77,75,GOIÁS/GO
360,20/10/2012,10,69,31,33,42,4,21,SÃO CAETANO/SP
359,17/10/2012,78,17,65,14,64,1,28,CORINTHIANS/SP
358,13/10/2012,64,11,80,21,23,46,73,PARANÁ/PR
357,10/10/2012,2,36,16,39,18,53,66,MOTO CLUBE/MA
356,06/10/2012,70,62,25,13,4,28,6,CRB/AL
355,03/10/2012,57,16,33,24,72,10,73,FLUMINENSE/RJ
354,29/09/2012,79,8,80,22,63,57,37,SAMPAIO CORRÊA/MA
353,26/09/2012,38,25,66,44,65,74,6,TUNA LUSO/PA
352,22/09/2012,47,70,59,6,19,52,1,AVAÍ/SC
351,19/09/2012,54,61,4,52,1,59,18,GAMA/DF
350,15/09/2012,43,39,6,68,14,13,70,BRAGANTINO/SP
349,12/09/2012,29,21,45,80,58,54,72,TUNA LUSO/PA
348,08/09/2012,45,11,18,42,77,55,57,BRAGANTINO/SP
347,05/09/2012,79,22,21,33,45,7,2,YPIRANGA/AP
346,01/09/2012,13,22,38,76,12,33,72,BOTAFOGO/RJ
345,29/08/2012,22,76,40,54,25,32,4,UBERLÂNDIA/MG
344,25/08/2012,63,8,30,22,42,39,45,PAULISTA/SP
343,22/08/2012,46,80,14,6,3,57,47,GOIÁS/GO
342,18/08/2012,31,57,12,13,40,47,18,MARÍLIA/SP
341,15/08/2012,60,71,33,31,27,43,12,SERGIPE/SE
340,11/08/2012,57,19,73,26,75,63,5,AVAÍ/SC
339,08/08/2012,41,49,7,33,50,45,20,FLAMENGO/RJ
338,04/08/2012,66,54,68,79,48,18,4,BAHIA/BA
337,01/08/2012,41,71,24,37,40,54,57,GRÊMIO/RS
336,28/07/2012,79,75,5,40,7,45,25,U BARBARENSE /SP
335,25/07/2012,26,32,36,20,33,58,76,CRICIÚMA/SC
334,21/07/2012,45,18,76,80,66,2,48,BOTAFOGO/PB
333,18/07/2012,25,5,16,60,64,65,45,ATHLÉTICO/PR
332,14/07/2012,30,6,63,7,45,34,10,AMÉRICA/RN
331,11/07/2012,11,5,57,71,16,47,41,SERGIPE/SE
330,07/07/2012,42,30,25,79,32,4,35,VILLA NOVA/MG
329,04/07/2012,73,67,61,71,63,79,21,FIGUEIRENSE/SC
328,30/06/2012,29,25,65,73,69,38,55,RIO BRANCO/AC
327,27/06/2012,13,64,9,59,63,12,35,FIGUEIRENSE/SC
326,23/06/2012,16,23,5,45,60,56,20,CORINTHIANS/SP
325,20/06/2012,70,68,3,2,31,57,67,MIXTO/MT
324,16/06/2012,74,12,47,55,25,28,39,ABC/RN
323,13/06/2012,6,41,31,34,25,24,46,AMÉRICA/MG
322,09/06/2012,66,19,46,50,3,65,34,MOTO CLUBE/MA
321,06/06/2012,16,76,24,60,66,71,46,LONDRINA/PR
320,02/06/2012,54,10,39,55,35,69,43,PAULISTA/SP
319,30/05/2012,31,60,22,18,70,55,21,BANGU/RJ
318,26/05/2012,9,43,3,66,27,80,33,FIGUEIRENSE/SC
317,23/05/2012,72,60,21,40,70,6,65,VASCO DA GAMA/RJ
316,19/05/2012,32,25,33,27,44,75,14,CORINTHIANS/SP
315,16/05/2012,52,4,6,63,60,58,51,IPATINGA/MG
314,12/05/2012,48,30,10,32,44,54,35,TUNA LUSO/PA
313,09/05/2012,42,33,52,73,19,71,58,U BARBARENSE /SP
312,05/05/2012,17,45,64,11,5,12,43,RORAIMA/RR
311,02/05/2012,3,56,21,33,69,29,12,SERGIPE/SE
310,28/04/2012,70,20,9,66,32,65,19,ATLÉTICO/GO
309,25/04/2012,9,2,33,16,38,67,24,AMERICANO/RJ
308,20/04/2012,61,8,17,2,70,47,7,ATLÉTICO/GO
307,18/04/2012,13,65,5,61,49,72,80,SPORT/PE
306,14/04/2012,40,70,73,53,51,63,32,SANTO ANDRE/SP
305,11/04/2012,49,35,41,75,24,31,32,BRASILIENSE/DF
304,07/04/2012,2,59,27,68,80,42,58,YPIRANGA/AP
303,04/04/2012,80,50,24,55,10,48,52,ATLÉTICO/MG
302,31/03/2012,74,32,6,3,17,5,35,REMO/PA
301,28/03/2012,27,57,65,41,71,26,13,BOTAFOGO/PB
300,24/03/2012,71,28,21,69,48,59,6,GOIÁS/GO
299,21/03/2012,72,4,3,68,71,12,30,NÁUTICO/PE
298,17/03/2012,12,19,11,21,75,26,7,BOTAFOGO/RJ
297,14/03/2012,42,31,20,17,34,15,37,SPORT/PE
296,10/03/2012,35,60,13,80,15,10,5,MOTO CLUBE/MA
295,07/03/2012,16,26,48,10,31,13,11,AMÉRICA/MG
294,03/03/2012,39,13,54,40,23,16,42,INTERNACIONAL/RS
293,01/03/2012,46,34,33,69,21,51,18,NACIONAL/AM
292,25/02/2012,6,23,59,71,58,57,11,SANTO ANDRÉ/SP
291,22/02/2012,57,21,39,47,22,64,10,PAYSANDU/PA
290,18/02/2012,57,38,58,52,28,21,19,INTERNACIONAL/RS
289,15/02/2012,58,21,47,37,45,4,64,TUNA LUSO/PA
288,11/02/2012,33,32,52,56,3,54,75,JI-PARANÁ / RO
287,08/02/2012,1,22,18,26,55,50,36,PALMEIRAS/SP
286,04/02/2012,61,38,6,39,27,40,30,PONTE PRETA/SP
285,01/02/2012,71,25,8,11,67,47,26,PORT DESPORT /SP
284,28/01/2012,7,37,9,50,47,63,73,PARANÁ/PR
283,25/01/2012,66,40,11,69,36,28,18,GUARANI/SP
282,21/01/2012,40,79,26,7,72,17,23,U BARBARENSE /SP
281,18/01/2012,5,80,23,40,48,22,46,RIVER/PI
280,14/01/2012,11,72,35,61,7,9,74,RORAIMA/RR
279,11/01/2012,75,6,49,74,34,18,65,IPATINGA/MG
278,07/01/2012,8,16,7,54,72,60,18,ATHLÉTICO/PR
277,04/01/2012,47,7,22,60,3,67,23,NÁUTICO/PE
276,31/12/2011,31,52,57,33,59,71,60,BARUERI/SP
275,28/12/2011,75,24,18,8,57,58,41,JUVENTUS/SP
274,24/12/2011,36,9,60,26,78,34,5,GRÊMIO/RS
273,21/12/2011,66,58,60,52,70,48,11,P. DESPORTOS/SP
272,17/12/2011,14,40,6,4,78,10,18,TREZE/PB
271,14/12/2011,67,77,47,74,56,50,26,AMERICANO /RJ
270,10/12/2011,15,51,40,50,41,54,5,LONDRINA/PR
269,07/12/2011,73,59,79,68,56,65,40,OLARIA/RJ
268,03/12/2011,39,52,18,1,70,27,7,MOTO CLUBE/MA
267,30/11/2011,61,32,71,16,5,15,59,IPATINGA/MG
266,26/11/2011,41,13,66,46,52,19,35,SAMP CORREA /MA
265,23/11/2011,15,78,56,37,36,34,44,AMERICANO/RJ
264,19/11/2011,58,7,26,6,79,67,78,ATLÉTICO/GO
263,16/11/2011,13,3,16,61,25,71,38,VILA NOVA /GO
262,12/11/2011,50,2,24,58,80,61,72,BRASILIENSE/DF
261,09/11/2011,32,74,1,21,4,24,49,SANTOS/SP
260,05/11/2011,62,2,36,42,29,3,14,FLAMENGO/RJ
259,03/11/2011,54,75,13,47,30,15,73,RIO BRANCO/ES
258,29/10/2011,29,60,55,56,19,25,74,RORAIMA/RR
257,26/10/2011,47,41,80,61,48,13,58,BRAGANTINO/SP
256,22/10/2011,13,73,67,57,31,44,46,VASCO DA GAMA/RJ
255,19/10/2011,75,14,26,10,3,31,51,INTER LIMEIRA/SP
254,15/10/2011,66,19,45,50,31,71,28,AMERICANO/RJ
253,13/10/2011,67,73,48,39,41,17,35,RIO BRANCO/ES
252,08/10/2011,35,16,1,65,33,13,43,RIO BRANCO/ES
251,05/10/2011,59,80,39,75,65,1,16,SÃO PAULO/SP
250,01/10/2011,78,37,22,20,60,49,14,OLARIA/RJ
249,28/09/2011,31,61,9,27,16,72,22,UNIÃO SÃO JOÃO/SP
248,24/09/2011,80,43,23,72,16,51,14,AMÉRICA/RJ
247,21/09/2011,39,61,13,11,66,62,34,GRÊMIO/RS
246,17/09/2011,51,2,35,75,63,13,55,JUVENTUS/SP
245,14/09/2011,39,69,79,25,41,77,34,TUNA LUSO/PA
244,10/09/2011,73,10,53,50,76,32,70,INTER LIMEIRA/SP
243,08/09/2011,47,15,77,49,40,52,1,CSA/AL
242,03/09/2011,41,6,46,73,54,48,23,CRUZEIRO/MG
241,31/08/2011,55,25,30,18,16,10,4,SÃO PAULO/SP
240,27/08/2011,23,41,19,54,51,29,63,RIO BRANCO/ES
239,24/08/2011,37,43,58,74,15,8,5,PONTE PRETA/SP
238,20/08/2011,30,25,70,28,26,76,63,OPERARIO/MS
237,17/08/2011,10,40,11,78,29,47,34,RIVER/PI
236,13/08/2011,21,39,6,69,29,35,62,DESPORTIVA/ES
235,10/08/2011,72,36,48,43,66,60,11,SAMPAIO CORRÊA/MA
234,06/08/2011,8,22,35,62,30,23,2,CRICIÚMA/SC
233,03/08/2011,16,41,68,78,11,56,32,CEARÁ/CE
232,30/07/2011,63,28,21,64,60,65,75,XV PIRACICABA/SP
231,27/07/2011,41,55,18,17,62,50,30,YPIRANGA/AP
230,23/07/2011,69,25,4,19,54,35,63,RIVER/PI
229,20/07/2011,26,47,10,51,24,11,36,S. PAULO/SP
228,16/07/2011,34,76,39,59,13,25,55,AMÉRICA/RJ
227,13/07/2011,27,62,3,75,44,63,34,AMÉRICA/RJ
226,09/07/2011,39,29,19,16,45,67,71,RORAIMA/RR
225,06/07/2011,45,37,61,2,26,47,30,BOTAFOGO/RJ
224,02/07/2011,16,14,74,21,20,28,17,MOTO CLUBE/MA
223,29/06/2011,55,18,72,56,59,10,5,NACIONAL/AM
222,25/06/2011,3,2,61,56,7,11,65,INTER LIMEIRA/SP
221,22/06/2011,34,79,44,74,38,59,6,TREZE/PB
220,18/06/2011,5,28,65,32,23,9,25,SERGIPE/SE
219,15/06/2011,54,65,42,19,35,60,45,CRICIÚMA/SC
218,11/06/2011,2,74,20,28,48,32,60,JUVENTUDE/RS
217,08/06/2011,31,57,48,21,4,13,72,CORINTHIANS/SP
216,04/06/2011,55,65,9,41,4,15,57,RIO BRANCO/ES
215,01/06/2011,1,50,78,48,4,42,17,GAMA/DF
214,28/05/2011,17,12,66,56,70,6,71,SANTO ANDRÉ/SP
213,25/05/2011,35,14,6,52,23,28,12,UNIÃO SÃO JOÃO/SP
212,21/05/2011,13,35,49,51,43,19,22,NACIONAL/AM
211,18/05/2011,39,26,5,32,23,56,36,FLAMENGO/RJ
210,14/05/2011,61,38,60,51,17,52,26,VILLA NOVA/MG
209,11/05/2011,10,47,73,77,33,67,54,JOINVILLE/SC
208,07/05/2011,12,11,15,7,4,70,13,BOTAFOGO/PB
207,04/05/2011,59,19,57,55,67,39,61,P. DESPORTOS/SP
206,30/04/2011,71,2,36,77,30,66,11,BRAGANTINO/SP
205,27/04/2011,21,66,35,29,33,41,18,GOIÁS/GO
204,23/04/2011,21,36,25,78,44,67,45,VASCO DA GAMA/RJ
203,20/04/2011,77,61,8,67,73,65,19,AMÉRICA/RJ
202,16/04/2011,67,60,76,65,41,73,25,AMERICANO/RJ
201,13/04/2011,30,50,27,78,37,3,40,ATLÉTICO/MG
200,09/04/2011,75,79,27,36,31,9,23,BRASILIENSE/DF
199,06/04/2011,46,16,17,57,56,60,47,REMO/PA
198,02/04/2011,69,37,8,30,45,54,64,MOTO CLUBE/MA
197,30/03/2011,4,11,16,24,55,66,79,JUVENTUDE/RS
196,26/03/2011,70,24,11,67,78,5,41,GRÊMIO/RS
195,23/03/2011,62,53,8,40,21,52,13,NACIONAL/AM
194,19/03/2011,63,33,24,8,72,45,61,MARÍLIA/SP
193,16/03/2011,14,13,45,68,75,27,31,SÃO CAETANO/SP
192,12/03/2011,71,67,27,14,28,38,7,MOTO CLUBE/MA
191,09/03/2011,42,34,41,24,27,79,33,SANTO ANDRÉ/SP
190,05/03/2011,70,65,23,71,73,68,4,FIGUEIRENSE/SC
189,02/03/2011,53,20,17,31,12,27,35,A B C/RN
188,26/02/2011,78,79,29,27,77,73,28,SÃO PAULO/SP
187,23/02/2011,76,80,30,7,11,61,77,AMÉRICA/RJ
186,19/02/2011,30,55,13,29,31,75,34,AMÉRICA/RJ
185,16/02/2011,41,62,59,26,7,45,50,PAULISTA/SP
184,12/02/2011,55,25,36,59,62,48,74,NACIONAL/AM
183,09/02/2011,39,36,51,71,24,32,16,MOTO CLUBE/MA
182,05/02/2011,37,3,30,61,51,2,57,UNIÃO SÃO JOÃO/SP
181,02/02/2011,15,6,63,33,80,32,54,RIVER/PI
180,29/01/2011,56,36,16,73,35,32,74,BOTAFOGO/RJ
179,26/01/2011,1,38,51,68,63,60,69,MIXTO/MT
178,22/01/2011,27,39,80,71,50,11,72,IPATINGA/MG
177,19/01/2011,25,34,30,62,59,80,12,RORAIMA/RR
176,15/01/2011,66,25,80,40,34,50,52,PALMAS /TO
175,12/01/2011,66,13,30,59,5,32,67,XV PIRACICABA /SP
174,08/01/2011,35,48,1,4,14,24,3,PAYSANDU/PA
173,05/01/2011,70,34,10,68,6,74,59,TREZE/PB
172,31/12/2010,57,26,47,74,12,32,13,SANTO ANDRÉ/SP
171,29/12/2010,9,71,55,64,26,23,35,SANTA CRUZ/PE
170,24/12/2010,20,55,64,27,56,11,51,LONDRINA/PR
169,22/12/2010,66,23,39,63,24,51,12,SAMPAIO CORRÊA/MA
168,18/12/2010,79,74,47,31,4,20,15,TREZE/PB
167,15/12/2010,59,29,40,24,8,10,30,PARANÁ/PR
166,11/12/2010,4,75,51,72,48,71,53,REMO/PA
165,08/12/2010,39,31,67,45,13,62,80,PONTE PRETA/SP
164,04/12/2010,31,36,10,63,33,7,49,CSA/AL
163,01/12/2010,23,62,27,80,22,77,51,SANTA CRUZ/PE
162,27/11/2010,50,10,23,47,44,34,72,PALMEIRAS/SP
161,24/11/2010,55,70,56,47,80,59,52,FIGUEIRENSE/SC
160,20/11/2010,71,34,35,45,55,16,7,FLAMENGO/RJ
159,17/11/2010,12,76,29,56,70,2,28,BRASILIENSE/DF
158,13/11/2010,35,30,9,26,28,19,53,RORAIMA/RR
157,10/11/2010,26,67,29,54,78,63,73,AMERICANO/RJ
156,06/11/2010,77,50,49,70,27,69,19,SANTO ANDRÉ/SP
155,03/11/2010,28,23,55,48,71,21,67,CSA/AL
154,30/10/2010,14,22,1,6,36,19,52,PALMAS/TO
153,27/10/2010,3,46,15,10,80,57,20,SÃO CAETANO/SP
152,23/10/2010,20,8,2,65,16,27,51,BOTAFOGO/RJ
151,20/10/2010,1,79,65,41,62,47,45,JUVENTUDE/RS
150,16/10/2010,8,63,61,10,17,40,79,RORAIMA/RR
149,13/10/2010,13,29,61,63,62,15,46,SÃO RAIMUNDO/AM
148,09/10/2010,70,30,27,39,49,73,78,RIO BRANCO/ES
147,06/10/2010,49,61,78,70,69,12,76,SERGIPE/SE
146,02/10/2010,27,79,46,56,15,43,53,SANTO ANDRÉ/SP
145,29/09/2010,67,35,2,55,74,75,65,ATLÉTICO/GO
144,25/09/2010,12,32,61,31,75,80,70,SÃO RAIMUNDO/AM
143,22/09/2010,61,4,5,60,26,62,1,ITUANO/SP
142,18/09/2010,55,65,76,79,40,61,80,SANTO ANDRÉ/SP
141,15/09/2010,26,63,55,47,62,72,21,CRUZEIRO/MG
140,11/09/2010,27,47,26,74,25,66,36,BANGU/RJ
139,08/09/2010,61,11,27,35,31,44,1,RIO BRANCO/AC
138,04/09/2010,60,18,17,33,71,40,34,TREZE/PB
137,01/09/2010,15,32,50,70,58,71,26,MIXTO/MT
136,28/08/2010,13,11,52,22,41,3,36,OPERARIO/MS
135,25/08/2010,23,49,62,8,9,55,58,JUVENTUS/SP
134,21/08/2010,49,2,4,78,51,60,75,NACIONAL/AM
133,18/08/2010,62,14,26,4,20,52,66,FLUMINENSE/RJ
132,14/08/2010,26,66,36,19,71,39,78,INTERNACIONAL/RS
131,11/08/2010,41,11,4,42,40,39,24,U BARBARENSE /SP
130,07/08/2010,45,76,30,68,12,51,57,ATLÉTICO/GO
129,04/08/2010,10,69,8,22,28,55,70,FORTALEZA/CE
128,31/07/2010,70,27,20,78,38,8,16,INTER LIMEIRA/SP
127,28/07/2010,48,79,1,78,19,9,35,INTERNACIONAL/RS
126,24/07/2010,37,17,64,23,72,30,16,CORITIBA/PR
125,21/07/2010,25,72,5,19,41,56,69,BARUERI/SP
124,17/07/2010,46,16,43,70,1,71,20,BARUERI/SP
123,10/07/2010,54,60,3,17,61,37,56,BRAGANTINO/SP
122,03/07/2010,64,67,52,70,48,49,69,RIVER/PI
121,26/06/2010,67,31,47,8,35,43,76,MARÍLIA/SP
120,19/06/2010,14,1,73,44,7,46,51,BRASILIENSE/DF
119,12/06/2010,72,11,56,44,19,28,41,SÃO PAULO/SP
118,05/06/2010,60,30,68,59,66,29,42,INTERNACIONAL/RS
117,29/05/2010,51,76,40,79,61,10,33,CRUZEIRO/MG
116,22/05/2010,12,62,65,34,4,24,54,XV PIRACICABA /SP
115,15/05/2010,35,72,20,55,49,3,54,RIO BRANCO/AC
114,08/05/2010,17,68,60,79,44,77,18,PALMEIRAS/SP
113,30/04/2010,39,17,75,24,4,69,77,UNIÃO S.JOÃO/SP
112,24/04/2010,50,70,39,60,5,67,7,RIVER/PI
111,17/04/2010,2,1,67,69,13,31,8,AMÉRICA/RJ
110,10/04/2010,42,41,63,3,14,59,24,UNIÃO SÃO JOÃO/SP
109,03/04/2010,12,51,10,68,8,15,66,SANTOS/SP
108,27/03/2010,34,38,26,5,79,78,20,CORINTHIANS/SP
107,20/03/2010,58,13,38,46,6,9,80,BAHIA/BA
106,13/03/2010,19,11,18,17,59,73,75,INTER LIMEIRA/SP
105,06/03/2010,10,2,51,75,52,3,17,MARÍLIA/SP
104,27/02/2010,4,66,62,69,58,61,80,UNIÃO SÃO JOÃO/SP
103,20/02/2010,21,3,80,16,42,71,7,RORAIMA/RR
102,13/02/2010,28,49,34,77,45,26,48,GAMA/DF
101,06/02/2010,1,76,80,46,63,59,60,CEARÁ/CE
100,30/01/2010,38,36,74,58,72,70,14,PAYSANDU/PA
99,23/01/2010,12,52,63,60,28,66,5,LONDRINA/PR
98,16/01/2010,35,28,41,71,40,5,50,GOIÁS/GO
97,09/01/2010,60,4,45,40,15,66,38,AMÉRICA/RJ
96,26/12/2009,9,4,51,20,32,80,36,PORT DESPORT /SP
95,19/12/2009,67,34,74,73,30,36,13,AMÉRICA/RN
94,12/12/2009,52,46,34,12,56,79,7,IPATINGA/MG
93,05/12/2009,46,60,47,8,17,4,30,MOTO CLUBE/MA
92,28/11/2009,62,9,40,39,1,4,56,YPIRANGA/AP
91,21/11/2009,17,5,76,12,25,57,52,ATLÉTICO/GO
90,14/11/2009,73,65,68,71,76,44,69,SÃO PAULO/SP
89,07/11/2009,41,4,8,62,72,73,10,RIVER/PI
88,31/10/2009,60,9,75,19,65,40,18,PALMEIRAS/SP
87,24/10/2009,55,21,11,37,72,34,25,VASCO DA GAMA/RJ
86,17/10/2009,71,80,41,23,19,32,55,JUVENTUS/SP
85,10/10/2009,50,67,9,21,17,36,64,AMÉRICA/MG
84,03/10/2009,4,7,10,73,34,3,27,SAMPAIO CORRÊA/MA
83,26/09/2009,62,28,25,52,11,78,48,RORAIMA/RR
82,19/09/2009,30,46,42,43,57,64,63,FIGUEIRENSE/SC
81,12/09/2009,66,12,7,80,15,6,68,AMÉRICA/RJ
80,05/09/2009,43,15,8,48,44,42,20,CRB/AL
79,29/08/2009,8,80,37,46,52,39,2,NACIONAL/AM
78,22/08/2009,38,56,22,44,48,39,52,VITÓRIA/BA
77,15/08/2009,23,19,20,44,49,64,57,BANGU/RJ
76,08/08/2009,51,25,64,46,34,52,76,TREZE/PB
75,01/08/2009,50,59,52,12,6,22,72,RIVER/PI
74,25/07/2009,51,25,60,40,20,3,31,AMÉRICA/RJ
73,18/07/2009,39,7,3,75,57,42,48,TREZE/PB
72,11/07/2009,1,21,55,6,26,40,36,PORT DESPORT /SP
71,04/07/2009,28,52,27,3,78,9,8,PAYSANDU/PA
70,27/06/2009,6,45,8,19,46,73,18,MARÍLIA/SP
69,20/06/2009,78,5,55,10,71,8,38,TUNA LUSO/PA
68,13/06/2009,80,52,4,41,24,13,49,REMO/PA
67,06/06/2009,70,13,20,32,74,79,21,ATLÉTICO/GO
66,30/05/2009,16,4,17,24,71,31,59,UBERLÂNDIA/MG
65,23/05/2009,11,28,72,79,59,36,14,CORITIBA/PR
64,16/05/2009,77,64,44,51,71,56,40,SERGIPE/SE
63,09/05/2009,13,17,45,62,56,29,48,AMÉRICA/MG
62,02/05/2009,59,16,80,69,19,70,33,INTERNACIONAL/RS
61,25/04/2009,14,70,4,50,41,64,42,JUVENTUDE/RS
60,18/04/2009,55,53,39,69,24,23,54,RIO BRANCO/ES
59,11/04/2009,27,9,30,2,72,61,38,SPORT/PE
58,04/04/2009,30,9,47,38,4,32,71,JUVENTUDE /RS
57,29/03/2009,56,23,41,31,61,67,12,BOTAFOGO /RJ
56,21/03/2009,76,14,45,18,44,61,60,IPATINGA /MG
55,15/03/2009,77,26,43,69,60,37,14,ATLÉTICO/GO
54,07/03/2009,38,40,8,20,18,71,48,FLAMENGO/RJ
53,28/02/2009,66,71,1,13,60,16,44,GAMA/DF
52,22/02/2009,71,55,42,38,53,29,1,RIO BRANCO/ES
51,15/02/2009,30,28,67,27,15,43,52,MARÍLIA/SP
50,08/02/2009,5,24,20,23,77,72,56,VILA NOVA /GO
49,01/02/2009,38,20,12,36,27,17,69,CEARÁ/CE
48,24/01/2009,59,65,16,52,33,20,80,ATLÉTICO/MG
47,18/01/2009,79,25,29,46,64,27,73,XV PIRACICABA /SP
46,10/01/2009,60,69,8,57,16,36,75,UBERLÂNDIA/MG
45,04/01/2009,28,55,20,71,34,26,76,SPORT/PE
44,28/12/2008,20,66,76,27,21,64,30,SANTOS/SP
43,21/12/2008,23,42,10,66,60,52,73,FLAMENGO/RJ
42,14/12/2008,19,41,8,78,50,71,47,BARUERI/SP
41,07/12/2008,79,25,63,37,75,42,19,BANGU/RJ
40,30/11/2008,64,76,36,45,54,35,9,FIGUEIRENSE/SC
39,23/11/2008,61,13,31,28,80,52,41,RIO BRANCO/ES
38,16/11/2008,21,69,71,30,35,8,49,GOIÁS/GO
37,09/11/2008,51,55,12,19,37,6,8,SÃO RAIMUNDO/AM
36,01/11/2008,10,42,54,72,20,58,59,MIXTO/MT
35,26/10/2008,77,20,16,50,25,70,75,FORTALEZA/CE
34,19/10/2008,28,57,48,29,56,60,34,VASCO DA GAMA /RJ
33,11/10/2008,62,78,35,30,79,29,13,SÃO RAIMUNDO/AM
32,05/10/2008,54,19,2,23,25,45,41,VITÓRIA/BA
31,28/09/2008,70,1,63,12,46,52,74,BAHIA/BA
30,21/09/2008,9,69,19,44,33,20,1,AMÉRICA/RN
29,14/09/2008,49,8,34,4,25,68,52,RIO BRANCO/AC
28,07/09/2008,78,26,15,66,55,24,72,SANTOS/SP
27,31/08/2008,8,20,55,31,54,4,48,GRÊMIO/RS
26,24/08/2008,48,22,54,7,74,70,14,ATLÉTICO/MG
25,17/08/2008,47,4,49,23,51,75,44,YPIRANGA/AP
24,10/08/2008,62,78,72,80,59,61,4,PARANÁ/PR
23,03/08/2008,17,12,20,62,16,23,60,GAMA/DF
22,27/07/2008,7,52,78,21,4,55,60,LONDRINA/PR
21,20/07/2008,15,59,80,75,1,46,65,FLUMINENSE/RJ
20,13/07/2008,19,39,64,73,37,53,28,FIGUEIRENSE/SC
19,06/07/2008,44,60,49,26,75,55,38,CSA/AL
18,29/06/2008,33,54,63,26,15,9,70,PORT DESPORT /SP
17,22/06/2008,10,50,23,12,30,20,53,FIGUEIRENSE/SC
16,15/06/2008,57,5,52,59,38,55,42,FORTALEZA/CE
15,08/06/2008,3,58,20,21,9,25,64,VILA NOVA/GO
14,31/05/2008,68,15,19,51,60,57,32,BRASILIENSE/DF
13,24/05/2008,75,37,6,79,73,28,32,U BARBARENSE /SP
12,17/05/2008,15,2,73,13,24,56,39,AMÉRICA/RN
11,10/05/2008,37,75,3,12,71,11,50,PAULISTA /SP
10,04/05/2008,23,74,37,14,1,53,59,JI-PARANÁ / RO
9,27/04/2008,5,56,69,37,78,24,58,PALMAS/TO
8,20/04/2008,75,48,76,50,71,61,74,ATLÉTICO/MG
7,13/04/2008,42,15,77,37,18,55,29,UBERLÂNDIA/MG
6,05/04/2008,55,60,8,17,80,1,59,RIO BRANCO/AC
5,29/03/2008,15,58,24,20,23,54,51,MIXTO/MT
4,22/03/2008,66,71,15,38,70,68,54,SÃO RAIMUNDO/AM
3,15/03/2008,36,43,9,74,72,29,21,NÁUTICO/PE
2,08/03/2008,77,18,31,25,20,63,50,SÃO PAULO/SP
1,01/03/2008,71,51,63,57,24,80,31,PALMAS/TO
